{
"type": "FeatureCollection",
"name": "Building_Permits_20260901",
"features": [
{ "type": "Feature", "properties": { "PermitNum": "6087470-DM", "HousingUnitsRemoved": "", "IssuedDate": "2017-03-16", "Latitude": 47.66859201, "Longitude": -122.33199726, "Location1": "(47.66859201, -122.33199726)" }, "geometry": { "type": "Point", "coordinates": [ -122.3319973, 47.668592 ] } },
{ "type": "Feature", "properties": { "PermitNum": "6160041-DM", "HousingUnitsRemoved": "", "IssuedDate": "2017-03-06", "Latitude": 47.67312791, "Longitude": -122.29357245, "Location1": "(47.67312791, -122.29357245)" }, "geometry": { "type": "Point", "coordinates": [ -122.2935724, 47.6731279 ] } },
{ "type": "Feature", "properties": { "PermitNum": "6160896-DM", "HousingUnitsRemoved": "1", "IssuedDate": "2016-12-30", "Latitude": 47.51863852, "Longitude": -122.26141594000001, "Location1": "(47.51863852, -122.26141594)" }, "geometry": { "type": "Point", "coordinates": [ -122.2614159, 47.5186385 ] } },
{ "type": "Feature", "properties": { "PermitNum": "6335801-DM", "HousingUnitsRemoved": "0", "IssuedDate": "2017-09-12", "Latitude": 47.72662134, "Longitude": -122.28532461, "Location1": "(47.72662134, -122.28532461)" }, "geometry": { "type": "Point", "coordinates": [ -122.2853246, 47.7266213 ] } },
{ "type": "Feature", "properties": { "PermitNum": "6479766-DM", "HousingUnitsRemoved": "1", "IssuedDate": "2016-02-18", "Latitude": 47.66117141, "Longitude": -122.33828071000001, "Location1": "(47.66117141, -122.33828071)" }, "geometry": { "type": "Point", "coordinates": [ -122.3382807, 47.6611714 ] } },
{ "type": "Feature", "properties": { "PermitNum": "6479767-DM", "HousingUnitsRemoved": "2", "IssuedDate": "2016-02-18", "Latitude": 47.66108456, "Longitude": -122.33830803, "Location1": "(47.66108456, -122.33830803)" }, "geometry": { "type": "Point", "coordinates": [ -122.338308, 47.6610846 ] } },
{ "type": "Feature", "properties": { "PermitNum": "6479768-DM", "HousingUnitsRemoved": "1", "IssuedDate": "2016-02-18", "Latitude": 47.66100854, "Longitude": -122.33836207, "Location1": "(47.66100854, -122.33836207)" }, "geometry": { "type": "Point", "coordinates": [ -122.3383621, 47.6610085 ] } },
{ "type": "Feature", "properties": { "PermitNum": "6523362-DM", "HousingUnitsRemoved": "0", "IssuedDate": "2016-06-13", "Latitude": 47.51634166, "Longitude": -122.37770143, "Location1": "(47.51634166, -122.37770143)" }, "geometry": { "type": "Point", "coordinates": [ -122.3777014, 47.5163417 ] } },
{ "type": "Feature", "properties": { "PermitNum": "6523545-DM", "HousingUnitsRemoved": "1", "IssuedDate": "2016-06-09", "Latitude": 47.68730067, "Longitude": -122.31136618, "Location1": "(47.68730067, -122.31136618)" }, "geometry": { "type": "Point", "coordinates": [ -122.3113662, 47.6873007 ] } },
{ "type": "Feature", "properties": { "PermitNum": "6523580-DM", "HousingUnitsRemoved": "1", "IssuedDate": "2016-11-04", "Latitude": 47.73245768, "Longitude": -122.33547394, "Location1": "(47.73245768, -122.33547394)" }, "geometry": { "type": "Point", "coordinates": [ -122.3354739, 47.7324577 ] } },
{ "type": "Feature", "properties": { "PermitNum": "6527359-DM", "HousingUnitsRemoved": "1", "IssuedDate": "2021-09-10", "Latitude": 47.64700142, "Longitude": -122.37466683, "Location1": "(47.64700142, -122.37466683)" }, "geometry": { "type": "Point", "coordinates": [ -122.3746668, 47.6470014 ] } },
{ "type": "Feature", "properties": { "PermitNum": "6434443-DM", "HousingUnitsRemoved": "0", "IssuedDate": "2016-05-27", "Latitude": 47.59074306, "Longitude": -122.31514238, "Location1": "(47.59074306, -122.31514238)" }, "geometry": { "type": "Point", "coordinates": [ -122.3151424, 47.5907431 ] } },
{ "type": "Feature", "properties": { "PermitNum": "6482320-DM", "HousingUnitsRemoved": "1", "IssuedDate": "2016-01-12", "Latitude": 47.54242987, "Longitude": -122.32088116, "Location1": "(47.54242987, -122.32088116)" }, "geometry": { "type": "Point", "coordinates": [ -122.3208812, 47.5424299 ] } },
{ "type": "Feature", "properties": { "PermitNum": "6485639-DM", "HousingUnitsRemoved": "0", "IssuedDate": "2016-02-23", "Latitude": 47.68004583, "Longitude": -122.37641676, "Location1": "(47.68004583, -122.37641676)" }, "geometry": { "type": "Point", "coordinates": [ -122.3764168, 47.6800458 ] } },
{ "type": "Feature", "properties": { "PermitNum": "6529256-DM", "HousingUnitsRemoved": "1", "IssuedDate": "2016-11-29", "Latitude": 47.65989378, "Longitude": -122.40056677, "Location1": "(47.65989378, -122.40056677)" }, "geometry": { "type": "Point", "coordinates": [ -122.4005668, 47.6598938 ] } },
{ "type": "Feature", "properties": { "PermitNum": "6529625-DM", "HousingUnitsRemoved": "1", "IssuedDate": "2016-07-06", "Latitude": 47.58787397, "Longitude": -122.30360831, "Location1": "(47.58787397, -122.30360831)" }, "geometry": { "type": "Point", "coordinates": [ -122.3036083, 47.587874 ] } },
{ "type": "Feature", "properties": { "PermitNum": "6529790-DM", "HousingUnitsRemoved": "1", "IssuedDate": "2016-10-18", "Latitude": 47.6371059, "Longitude": -122.31985773, "Location1": "(47.6371059, -122.31985773)" }, "geometry": { "type": "Point", "coordinates": [ -122.3198577, 47.6371059 ] } },
{ "type": "Feature", "properties": { "PermitNum": "6530110-DM", "HousingUnitsRemoved": "1", "IssuedDate": "2016-08-26", "Latitude": 47.67690597, "Longitude": -122.38456407, "Location1": "(47.67690597, -122.38456407)" }, "geometry": { "type": "Point", "coordinates": [ -122.3845641, 47.676906 ] } },
{ "type": "Feature", "properties": { "PermitNum": "6532738-DM", "HousingUnitsRemoved": "0", "IssuedDate": "2016-12-01", "Latitude": 47.54327833, "Longitude": -122.32198881, "Location1": "(47.54327833, -122.32198881)" }, "geometry": { "type": "Point", "coordinates": [ -122.3219888, 47.5432783 ] } },
{ "type": "Feature", "properties": { "PermitNum": "6534260-DM", "HousingUnitsRemoved": "1", "IssuedDate": "2016-10-13", "Latitude": 47.61988768, "Longitude": -122.30562427, "Location1": "(47.61988768, -122.30562427)" }, "geometry": { "type": "Point", "coordinates": [ -122.3056243, 47.6198877 ] } },
{ "type": "Feature", "properties": { "PermitNum": "6534354-DM", "HousingUnitsRemoved": "1", "IssuedDate": "2016-05-24", "Latitude": 47.69091844, "Longitude": -122.32066876, "Location1": "(47.69091844, -122.32066876)" }, "geometry": { "type": "Point", "coordinates": [ -122.3206688, 47.6909184 ] } },
{ "type": "Feature", "properties": { "PermitNum": "6534459-DM", "HousingUnitsRemoved": "0", "IssuedDate": "2016-12-05", "Latitude": 47.55525939, "Longitude": -122.2988896, "Location1": "(47.55525939, -122.2988896)" }, "geometry": { "type": "Point", "coordinates": [ -122.2988896, 47.5552594 ] } },
{ "type": "Feature", "properties": { "PermitNum": "6578655-DM", "HousingUnitsRemoved": "0", "IssuedDate": "2019-05-30", "Latitude": 47.60385378, "Longitude": -122.30843385, "Location1": "(47.60385378, -122.30843385)" }, "geometry": { "type": "Point", "coordinates": [ -122.3084339, 47.6038538 ] } },
{ "type": "Feature", "properties": { "PermitNum": "6625461-DM", "HousingUnitsRemoved": "8", "IssuedDate": "2019-09-13", "Latitude": 47.6262866, "Longitude": -122.32212402, "Location1": "(47.6262866, -122.32212402)" }, "geometry": { "type": "Point", "coordinates": [ -122.322124, 47.6262866 ] } },
{ "type": "Feature", "properties": { "PermitNum": "6625521-DM", "HousingUnitsRemoved": "1", "IssuedDate": "2018-02-28", "Latitude": 47.67329835, "Longitude": -122.38428496, "Location1": "(47.67329835, -122.38428496)" }, "geometry": { "type": "Point", "coordinates": [ -122.384285, 47.6732984 ] } },
{ "type": "Feature", "properties": { "PermitNum": "6571459-DM", "HousingUnitsRemoved": "1", "IssuedDate": "2017-08-13", "Latitude": 47.56007093, "Longitude": -122.29235757, "Location1": "(47.56007093, -122.29235757)" }, "geometry": { "type": "Point", "coordinates": [ -122.2923576, 47.5600709 ] } },
{ "type": "Feature", "properties": { "PermitNum": "6572351-DM", "HousingUnitsRemoved": "1", "IssuedDate": "2017-08-04", "Latitude": 47.67213686, "Longitude": -122.38308899, "Location1": "(47.67213686, -122.38308899)" }, "geometry": { "type": "Point", "coordinates": [ -122.383089, 47.6721369 ] } },
{ "type": "Feature", "properties": { "PermitNum": "6574518-DM", "HousingUnitsRemoved": "1", "IssuedDate": "2017-03-09", "Latitude": 47.63359668, "Longitude": -122.27880585, "Location1": "(47.63359668, -122.27880585)" }, "geometry": { "type": "Point", "coordinates": [ -122.2788058, 47.6335967 ] } },
{ "type": "Feature", "properties": { "PermitNum": "6623413-DM", "HousingUnitsRemoved": "1", "IssuedDate": "2018-08-06", "Latitude": 47.67636814, "Longitude": -122.35463066, "Location1": "(47.67636814, -122.35463066)" }, "geometry": { "type": "Point", "coordinates": [ -122.3546307, 47.6763681 ] } },
{ "type": "Feature", "properties": { "PermitNum": "6624051-DM", "HousingUnitsRemoved": "0", "IssuedDate": "2017-12-29", "Latitude": 47.70635926, "Longitude": -122.34775145, "Location1": "(47.70635926, -122.34775145)" }, "geometry": { "type": "Point", "coordinates": [ -122.3477515, 47.7063593 ] } },
{ "type": "Feature", "properties": { "PermitNum": "6624358-DM", "HousingUnitsRemoved": "0", "IssuedDate": "2018-08-06", "Latitude": 47.68794691, "Longitude": -122.29016279, "Location1": "(47.68794691, -122.29016279)" }, "geometry": { "type": "Point", "coordinates": [ -122.2901628, 47.6879469 ] } },
{ "type": "Feature", "properties": { "PermitNum": "6468194-DM", "HousingUnitsRemoved": "1", "IssuedDate": "2016-03-08", "Latitude": 47.69528701, "Longitude": -122.37374612000001, "Location1": "(47.69528701, -122.37374612)" }, "geometry": { "type": "Point", "coordinates": [ -122.3737461, 47.695287 ] } },
{ "type": "Feature", "properties": { "PermitNum": "6469301-DM", "HousingUnitsRemoved": "1", "IssuedDate": "2016-08-02", "Latitude": 47.66012622, "Longitude": -122.31955438, "Location1": "(47.66012622, -122.31955438)" }, "geometry": { "type": "Point", "coordinates": [ -122.3195544, 47.6601262 ] } },
{ "type": "Feature", "properties": { "PermitNum": "6469881-DM", "HousingUnitsRemoved": "2", "IssuedDate": "2016-01-11", "Latitude": 47.65445216, "Longitude": -122.32761212, "Location1": "(47.65445216, -122.32761212)" }, "geometry": { "type": "Point", "coordinates": [ -122.3276121, 47.6544522 ] } },
{ "type": "Feature", "properties": { "PermitNum": "6511442-DM", "HousingUnitsRemoved": "0", "IssuedDate": "2016-03-22", "Latitude": 47.66723394, "Longitude": -122.27815938000001, "Location1": "(47.66723394, -122.27815938)" }, "geometry": { "type": "Point", "coordinates": [ -122.2781594, 47.6672339 ] } },
{ "type": "Feature", "properties": { "PermitNum": "6511627-DM", "HousingUnitsRemoved": "1", "IssuedDate": "2016-07-27", "Latitude": 47.67583678, "Longitude": -122.37438379, "Location1": "(47.67583678, -122.37438379)" }, "geometry": { "type": "Point", "coordinates": [ -122.3743838, 47.6758368 ] } },
{ "type": "Feature", "properties": { "PermitNum": "6513320-DM", "HousingUnitsRemoved": "0", "IssuedDate": "2016-05-20", "Latitude": 47.6868416, "Longitude": -122.27504078, "Location1": "(47.6868416, -122.27504078)" }, "geometry": { "type": "Point", "coordinates": [ -122.2750408, 47.6868416 ] } },
{ "type": "Feature", "properties": { "PermitNum": "6513558-DM", "HousingUnitsRemoved": "0", "IssuedDate": "2020-03-24", "Latitude": 47.60819513, "Longitude": -122.32283029, "Location1": "(47.60819513, -122.32283029)" }, "geometry": { "type": "Point", "coordinates": [ -122.3228303, 47.6081951 ] } },
{ "type": "Feature", "properties": { "PermitNum": "6514564-DM", "HousingUnitsRemoved": "1", "IssuedDate": "2017-02-22", "Latitude": 47.678815, "Longitude": -122.2679504, "Location1": "(47.678815, -122.2679504)" }, "geometry": { "type": "Point", "coordinates": [ -122.2679504, 47.678815 ] } },
{ "type": "Feature", "properties": { "PermitNum": "6515036-DM", "HousingUnitsRemoved": "", "IssuedDate": "2017-08-03", "Latitude": 47.58354962, "Longitude": -122.31439718, "Location1": "(47.58354962, -122.31439718)" }, "geometry": { "type": "Point", "coordinates": [ -122.3143972, 47.5835496 ] } },
{ "type": "Feature", "properties": { "PermitNum": "6517182-DM", "HousingUnitsRemoved": "0", "IssuedDate": "2016-06-11", "Latitude": 47.64137869, "Longitude": -122.36793777, "Location1": "(47.64137869, -122.36793777)" }, "geometry": { "type": "Point", "coordinates": [ -122.3679378, 47.6413787 ] } },
{ "type": "Feature", "properties": { "PermitNum": "6557820-DM", "HousingUnitsRemoved": "2", "IssuedDate": "2017-10-03", "Latitude": 47.63214168, "Longitude": -122.34715847, "Location1": "(47.63214168, -122.34715847)" }, "geometry": { "type": "Point", "coordinates": [ -122.3471585, 47.6321417 ] } },
{ "type": "Feature", "properties": { "PermitNum": "6558345-DM", "HousingUnitsRemoved": "0", "IssuedDate": "2017-02-17", "Latitude": 47.54447111, "Longitude": -122.38853197, "Location1": "(47.54447111, -122.38853197)" }, "geometry": { "type": "Point", "coordinates": [ -122.388532, 47.5444711 ] } },
{ "type": "Feature", "properties": { "PermitNum": "6558379-DM", "HousingUnitsRemoved": "1", "IssuedDate": "2017-10-31", "Latitude": 47.64757929, "Longitude": -122.36122117, "Location1": "(47.64757929, -122.36122117)" }, "geometry": { "type": "Point", "coordinates": [ -122.3612212, 47.6475793 ] } },
{ "type": "Feature", "properties": { "PermitNum": "6561192-DM", "HousingUnitsRemoved": "1", "IssuedDate": "2016-12-18", "Latitude": 47.64170084, "Longitude": -122.31876064, "Location1": "(47.64170084, -122.31876064)" }, "geometry": { "type": "Point", "coordinates": [ -122.3187606, 47.6417008 ] } },
{ "type": "Feature", "properties": { "PermitNum": "6562253-DM", "HousingUnitsRemoved": "1", "IssuedDate": "2021-05-18", "Latitude": 47.67292996, "Longitude": -122.38111575000001, "Location1": "(47.67292996, -122.38111575)" }, "geometry": { "type": "Point", "coordinates": [ -122.3811158, 47.67293 ] } },
{ "type": "Feature", "properties": { "PermitNum": "6562987-DM", "HousingUnitsRemoved": "0", "IssuedDate": "2017-05-17", "Latitude": 47.62765812, "Longitude": -122.32047627, "Location1": "(47.62765812, -122.32047627)" }, "geometry": { "type": "Point", "coordinates": [ -122.3204763, 47.6276581 ] } },
{ "type": "Feature", "properties": { "PermitNum": "6564446-DM", "HousingUnitsRemoved": "1", "IssuedDate": "2017-07-12", "Latitude": 47.69826016, "Longitude": -122.3665857, "Location1": "(47.69826016, -122.3665857)" }, "geometry": { "type": "Point", "coordinates": [ -122.3665857, 47.6982602 ] } },
{ "type": "Feature", "properties": { "PermitNum": "6601984-DM", "HousingUnitsRemoved": "1", "IssuedDate": "2018-10-17", "Latitude": 47.61795827, "Longitude": -122.32436866, "Location1": "(47.61795827, -122.32436866)" }, "geometry": { "type": "Point", "coordinates": [ -122.3243687, 47.6179583 ] } },
{ "type": "Feature", "properties": { "PermitNum": "6602543-DM", "HousingUnitsRemoved": "1", "IssuedDate": "2017-09-14", "Latitude": 47.66774111, "Longitude": -122.33766072, "Location1": "(47.66774111, -122.33766072)" }, "geometry": { "type": "Point", "coordinates": [ -122.3376607, 47.6677411 ] } },
{ "type": "Feature", "properties": { "PermitNum": "6604857-DM", "HousingUnitsRemoved": "1", "IssuedDate": "2017-10-20", "Latitude": 47.67648158, "Longitude": -122.29129281, "Location1": "(47.67648158, -122.29129281)" }, "geometry": { "type": "Point", "coordinates": [ -122.2912928, 47.6764816 ] } },
{ "type": "Feature", "properties": { "PermitNum": "6604885-DM", "HousingUnitsRemoved": "1", "IssuedDate": "2017-12-22", "Latitude": 47.57954054, "Longitude": -122.30064319, "Location1": "(47.57954054, -122.30064319)" }, "geometry": { "type": "Point", "coordinates": [ -122.3006432, 47.5795405 ] } },
{ "type": "Feature", "properties": { "PermitNum": "6607473-DM", "HousingUnitsRemoved": "13", "IssuedDate": "2018-06-22", "Latitude": 47.64896527, "Longitude": -122.37570233, "Location1": "(47.64896527, -122.37570233)" }, "geometry": { "type": "Point", "coordinates": [ -122.3757023, 47.6489653 ] } },
{ "type": "Feature", "properties": { "PermitNum": "6424874-DM", "HousingUnitsRemoved": "1", "IssuedDate": "2016-03-22", "Latitude": 47.69219483, "Longitude": -122.34869067, "Location1": "(47.69219483, -122.34869067)" }, "geometry": { "type": "Point", "coordinates": [ -122.3486907, 47.6921948 ] } },
{ "type": "Feature", "properties": { "PermitNum": "6472616-DM", "HousingUnitsRemoved": "3", "IssuedDate": "2016-06-24", "Latitude": 47.67423725, "Longitude": -122.3824036, "Location1": "(47.67423725, -122.3824036)" }, "geometry": { "type": "Point", "coordinates": [ -122.3824036, 47.6742372 ] } },
{ "type": "Feature", "properties": { "PermitNum": "6475801-DM", "HousingUnitsRemoved": "1", "IssuedDate": "2016-01-29", "Latitude": 47.65409614, "Longitude": -122.38544326, "Location1": "(47.65409614, -122.38544326)" }, "geometry": { "type": "Point", "coordinates": [ -122.3854433, 47.6540961 ] } },
{ "type": "Feature", "properties": { "PermitNum": "6517450-DM", "HousingUnitsRemoved": "0", "IssuedDate": "2016-04-08", "Latitude": 47.63697428, "Longitude": -122.36193252, "Location1": "(47.63697428, -122.36193252)" }, "geometry": { "type": "Point", "coordinates": [ -122.3619325, 47.6369743 ] } },
{ "type": "Feature", "properties": { "PermitNum": "6517732-DM", "HousingUnitsRemoved": "1", "IssuedDate": "2016-09-21", "Latitude": 47.53176048, "Longitude": -122.28640337, "Location1": "(47.53176048, -122.28640337)" }, "geometry": { "type": "Point", "coordinates": [ -122.2864034, 47.5317605 ] } },
{ "type": "Feature", "properties": { "PermitNum": "6518873-DM", "HousingUnitsRemoved": "1", "IssuedDate": "2016-08-28", "Latitude": 47.55373904, "Longitude": -122.28206741, "Location1": "(47.55373904, -122.28206741)" }, "geometry": { "type": "Point", "coordinates": [ -122.2820674, 47.553739 ] } },
{ "type": "Feature", "properties": { "PermitNum": "6521842-DM", "HousingUnitsRemoved": "1", "IssuedDate": "2016-03-28", "Latitude": 47.52835461, "Longitude": -122.39195912, "Location1": "(47.52835461, -122.39195912)" }, "geometry": { "type": "Point", "coordinates": [ -122.3919591, 47.5283546 ] } },
{ "type": "Feature", "properties": { "PermitNum": "6522910-DM", "HousingUnitsRemoved": "1", "IssuedDate": "2016-07-07", "Latitude": 47.59625046, "Longitude": -122.29784005, "Location1": "(47.59625046, -122.29784005)" }, "geometry": { "type": "Point", "coordinates": [ -122.2978401, 47.5962505 ] } },
{ "type": "Feature", "properties": { "PermitNum": "6523093-DM", "HousingUnitsRemoved": "0", "IssuedDate": "2016-05-04", "Latitude": 47.66255917, "Longitude": -122.35182974, "Location1": "(47.66255917, -122.35182974)" }, "geometry": { "type": "Point", "coordinates": [ -122.3518297, 47.6625592 ] } },
{ "type": "Feature", "properties": { "PermitNum": "6566257-DM", "HousingUnitsRemoved": "0", "IssuedDate": "2017-03-30", "Latitude": 47.68123336, "Longitude": -122.37654237, "Location1": "(47.68123336, -122.37654237)" }, "geometry": { "type": "Point", "coordinates": [ -122.3765424, 47.6812334 ] } },
{ "type": "Feature", "properties": { "PermitNum": "6566550-DM", "HousingUnitsRemoved": "1", "IssuedDate": "2017-03-15", "Latitude": 47.5878719, "Longitude": -122.31248489, "Location1": "(47.5878719, -122.31248489)" }, "geometry": { "type": "Point", "coordinates": [ -122.3124849, 47.5878719 ] } },
{ "type": "Feature", "properties": { "PermitNum": "6566907-DM", "HousingUnitsRemoved": "2", "IssuedDate": "2017-11-27", "Latitude": 47.68738833, "Longitude": -122.37702924, "Location1": "(47.68738833, -122.37702924)" }, "geometry": { "type": "Point", "coordinates": [ -122.3770292, 47.6873883 ] } },
{ "type": "Feature", "properties": { "PermitNum": "6567711-DM", "HousingUnitsRemoved": "0", "IssuedDate": "2017-05-11", "Latitude": 47.67922936, "Longitude": -122.34771484, "Location1": "(47.67922936, -122.34771484)" }, "geometry": { "type": "Point", "coordinates": [ -122.3477148, 47.6792294 ] } },
{ "type": "Feature", "properties": { "PermitNum": "6569500-DM", "HousingUnitsRemoved": "0", "IssuedDate": "2017-06-07", "Latitude": 47.58587243, "Longitude": -122.31624849000001, "Location1": "(47.58587243, -122.31624849)" }, "geometry": { "type": "Point", "coordinates": [ -122.3162485, 47.5858724 ] } },
{ "type": "Feature", "properties": { "PermitNum": "6569936-DM", "HousingUnitsRemoved": "1", "IssuedDate": "2017-07-13", "Latitude": 47.5672638, "Longitude": -122.2956746, "Location1": "(47.5672638, -122.2956746)" }, "geometry": { "type": "Point", "coordinates": [ -122.2956746, 47.5672638 ] } },
{ "type": "Feature", "properties": { "PermitNum": "6570230-DM", "HousingUnitsRemoved": "1", "IssuedDate": "2017-03-23", "Latitude": 47.65875265, "Longitude": -122.34850615000001, "Location1": "(47.65875265, -122.34850615)" }, "geometry": { "type": "Point", "coordinates": [ -122.3485062, 47.6587526 ] } },
{ "type": "Feature", "properties": { "PermitNum": "6570583-DM", "HousingUnitsRemoved": "1", "IssuedDate": "2017-09-24", "Latitude": 47.61940434, "Longitude": -122.29901381000001, "Location1": "(47.61940434, -122.29901381)" }, "geometry": { "type": "Point", "coordinates": [ -122.2990138, 47.6194043 ] } },
{ "type": "Feature", "properties": { "PermitNum": "6614345-DM", "HousingUnitsRemoved": "1", "IssuedDate": "2019-09-27", "Latitude": 47.55700071, "Longitude": -122.3810102, "Location1": "(47.55700071, -122.3810102)" }, "geometry": { "type": "Point", "coordinates": [ -122.3810102, 47.5570007 ] } },
{ "type": "Feature", "properties": { "PermitNum": "6616156-DM", "HousingUnitsRemoved": "1", "IssuedDate": "2019-10-11", "Latitude": 47.52068011, "Longitude": -122.35448219, "Location1": "(47.52068011, -122.35448219)" }, "geometry": { "type": "Point", "coordinates": [ -122.3544822, 47.5206801 ] } },
{ "type": "Feature", "properties": { "PermitNum": "6618692-DM", "HousingUnitsRemoved": "0", "IssuedDate": "2018-09-26", "Latitude": 47.64688862, "Longitude": -122.37712742, "Location1": "(47.64688862, -122.37712742)" }, "geometry": { "type": "Point", "coordinates": [ -122.3771274, 47.6468886 ] } },
{ "type": "Feature", "properties": { "PermitNum": "6467271-DM", "HousingUnitsRemoved": "1", "IssuedDate": "2016-07-25", "Latitude": 47.60280611, "Longitude": -122.28551994, "Location1": "(47.60280611, -122.28551994)" }, "geometry": { "type": "Point", "coordinates": [ -122.2855199, 47.6028061 ] } },
{ "type": "Feature", "properties": { "PermitNum": "6469071-DM", "HousingUnitsRemoved": "1", "IssuedDate": "2016-01-14", "Latitude": 47.69008395, "Longitude": -122.35757196, "Location1": "(47.69008395, -122.35757196)" }, "geometry": { "type": "Point", "coordinates": [ -122.357572, 47.690084 ] } },
{ "type": "Feature", "properties": { "PermitNum": "6469171-DM", "HousingUnitsRemoved": "1", "IssuedDate": "2016-01-07", "Latitude": 47.72291596, "Longitude": -122.35265878, "Location1": "(47.72291596, -122.35265878)" }, "geometry": { "type": "Point", "coordinates": [ -122.3526588, 47.722916 ] } },
{ "type": "Feature", "properties": { "PermitNum": "6510716-DM", "HousingUnitsRemoved": "1", "IssuedDate": "2016-02-22", "Latitude": 47.68345351, "Longitude": -122.28867164, "Location1": "(47.68345351, -122.28867164)" }, "geometry": { "type": "Point", "coordinates": [ -122.2886716, 47.6834535 ] } },
{ "type": "Feature", "properties": { "PermitNum": "6511020-DM", "HousingUnitsRemoved": "1", "IssuedDate": "2016-06-11", "Latitude": 47.61962166, "Longitude": -122.30415016000001, "Location1": "(47.61962166, -122.30415016)" }, "geometry": { "type": "Point", "coordinates": [ -122.3041502, 47.6196217 ] } },
{ "type": "Feature", "properties": { "PermitNum": "6511043-DM", "HousingUnitsRemoved": "0", "IssuedDate": "2016-06-11", "Latitude": 47.61954983, "Longitude": -122.30384089, "Location1": "(47.61954983, -122.30384089)" }, "geometry": { "type": "Point", "coordinates": [ -122.3038409, 47.6195498 ] } },
{ "type": "Feature", "properties": { "PermitNum": "6511505-DM", "HousingUnitsRemoved": "1", "IssuedDate": "2016-05-10", "Latitude": 47.67406099, "Longitude": -122.38620801, "Location1": "(47.67406099, -122.38620801)" }, "geometry": { "type": "Point", "coordinates": [ -122.386208, 47.674061 ] } },
{ "type": "Feature", "properties": { "PermitNum": "6513042-DM", "HousingUnitsRemoved": "1", "IssuedDate": "2016-04-01", "Latitude": 47.64329962, "Longitude": -122.38867351, "Location1": "(47.64329962, -122.38867351)" }, "geometry": { "type": "Point", "coordinates": [ -122.3886735, 47.6432996 ] } },
{ "type": "Feature", "properties": { "PermitNum": "6515182-DM", "HousingUnitsRemoved": "0", "IssuedDate": "2016-06-27", "Latitude": 47.6098192, "Longitude": -122.31396033, "Location1": "(47.6098192, -122.31396033)" }, "geometry": { "type": "Point", "coordinates": [ -122.3139603, 47.6098192 ] } },
{ "type": "Feature", "properties": { "PermitNum": "6559771-DM", "HousingUnitsRemoved": "1", "IssuedDate": "2017-09-01", "Latitude": 47.67469331, "Longitude": -122.35467337, "Location1": "(47.67469331, -122.35467337)" }, "geometry": { "type": "Point", "coordinates": [ -122.3546734, 47.6746933 ] } },
{ "type": "Feature", "properties": { "PermitNum": "6560500-DM", "HousingUnitsRemoved": "1", "IssuedDate": "2017-09-06", "Latitude": 47.6882535, "Longitude": -122.28500375, "Location1": "(47.6882535, -122.28500375)" }, "geometry": { "type": "Point", "coordinates": [ -122.2850038, 47.6882535 ] } },
{ "type": "Feature", "properties": { "PermitNum": "6560996-DM", "HousingUnitsRemoved": "1", "IssuedDate": "2017-06-20", "Latitude": 47.55212065, "Longitude": -122.28220422, "Location1": "(47.55212065, -122.28220422)" }, "geometry": { "type": "Point", "coordinates": [ -122.2822042, 47.5521206 ] } },
{ "type": "Feature", "properties": { "PermitNum": "6561359-DM", "HousingUnitsRemoved": "1", "IssuedDate": "2017-11-07", "Latitude": 47.72456012, "Longitude": -122.30299509, "Location1": "(47.72456012, -122.30299509)" }, "geometry": { "type": "Point", "coordinates": [ -122.3029951, 47.7245601 ] } },
{ "type": "Feature", "properties": { "PermitNum": "6563028-DM", "HousingUnitsRemoved": "1", "IssuedDate": "2017-08-04", "Latitude": 47.51061994, "Longitude": -122.2514755, "Location1": "(47.51061994, -122.2514755)" }, "geometry": { "type": "Point", "coordinates": [ -122.2514755, 47.5106199 ] } },
{ "type": "Feature", "properties": { "PermitNum": "6563964-DM", "HousingUnitsRemoved": "1", "IssuedDate": "2017-03-08", "Latitude": 47.59526027, "Longitude": -122.2999265, "Location1": "(47.59526027, -122.2999265)" }, "geometry": { "type": "Point", "coordinates": [ -122.2999265, 47.5952603 ] } },
{ "type": "Feature", "properties": { "PermitNum": "6564901-DM", "HousingUnitsRemoved": "1", "IssuedDate": "2017-01-31", "Latitude": 47.68209862, "Longitude": -122.3476441, "Location1": "(47.68209862, -122.3476441)" }, "geometry": { "type": "Point", "coordinates": [ -122.3476441, 47.6820986 ] } },
{ "type": "Feature", "properties": { "PermitNum": "6565362-DM", "HousingUnitsRemoved": "21", "IssuedDate": "2017-02-14", "Latitude": 47.54033379, "Longitude": -122.36108771000001, "Location1": "(47.54033379, -122.36108771)" }, "geometry": { "type": "Point", "coordinates": [ -122.3610877, 47.5403338 ] } },
{ "type": "Feature", "properties": { "PermitNum": "6565472-DM", "HousingUnitsRemoved": "1", "IssuedDate": "2017-04-19", "Latitude": 47.68801913, "Longitude": -122.33181575, "Location1": "(47.68801913, -122.33181575)" }, "geometry": { "type": "Point", "coordinates": [ -122.3318158, 47.6880191 ] } },
{ "type": "Feature", "properties": { "PermitNum": "6608491-DM", "HousingUnitsRemoved": "1", "IssuedDate": "2019-02-15", "Latitude": 47.61118248, "Longitude": -122.31370969, "Location1": "(47.61118248, -122.31370969)" }, "geometry": { "type": "Point", "coordinates": [ -122.3137097, 47.6111825 ] } },
{ "type": "Feature", "properties": { "PermitNum": "6609514-DM", "HousingUnitsRemoved": "6", "IssuedDate": "2017-10-10", "Latitude": 47.60109566, "Longitude": -122.3184995, "Location1": "(47.60109566, -122.3184995)" }, "geometry": { "type": "Point", "coordinates": [ -122.3184995, 47.6010957 ] } },
{ "type": "Feature", "properties": { "PermitNum": "6609517-DM", "HousingUnitsRemoved": "8", "IssuedDate": "2017-10-10", "Latitude": 47.6010233, "Longitude": -122.31755993, "Location1": "(47.6010233, -122.31755993)" }, "geometry": { "type": "Point", "coordinates": [ -122.3175599, 47.6010233 ] } },
{ "type": "Feature", "properties": { "PermitNum": "6610588-DM", "HousingUnitsRemoved": "1", "IssuedDate": "2019-04-06", "Latitude": 47.55738768, "Longitude": -122.39283414000001, "Location1": "(47.55738768, -122.39283414)" }, "geometry": { "type": "Point", "coordinates": [ -122.3928341, 47.5573877 ] } },
{ "type": "Feature", "properties": { "PermitNum": "6610961-DM", "HousingUnitsRemoved": "1", "IssuedDate": "2017-08-02", "Latitude": 47.68359954, "Longitude": -122.33189951, "Location1": "(47.68359954, -122.33189951)" }, "geometry": { "type": "Point", "coordinates": [ -122.3318995, 47.6835995 ] } },
{ "type": "Feature", "properties": { "PermitNum": "6668884-DM", "HousingUnitsRemoved": "", "IssuedDate": "2020-02-26", "Latitude": 47.71810711, "Longitude": -122.31447854, "Location1": "(47.71810711, -122.31447854)" }, "geometry": { "type": "Point", "coordinates": [ -122.3144785, 47.7181071 ] } },
{ "type": "Feature", "properties": { "PermitNum": "6670995-DM", "HousingUnitsRemoved": "", "IssuedDate": "2019-02-20", "Latitude": 47.72063226, "Longitude": -122.36469121, "Location1": "(47.72063226, -122.36469121)" }, "geometry": { "type": "Point", "coordinates": [ -122.3646912, 47.7206323 ] } },
{ "type": "Feature", "properties": { "PermitNum": "6672707-DM", "HousingUnitsRemoved": "", "IssuedDate": "2018-12-04", "Latitude": 47.67277073, "Longitude": -122.39629365, "Location1": "(47.67277073, -122.39629365)" }, "geometry": { "type": "Point", "coordinates": [ -122.3962937, 47.6727707 ] } },
{ "type": "Feature", "properties": { "PermitNum": "6459698-DM", "HousingUnitsRemoved": "1", "IssuedDate": "2016-01-13", "Latitude": 47.691624, "Longitude": -122.33330394, "Location1": "(47.691624, -122.33330394)" }, "geometry": { "type": "Point", "coordinates": [ -122.3333039, 47.691624 ] } },
{ "type": "Feature", "properties": { "PermitNum": "6461666-DM", "HousingUnitsRemoved": "2", "IssuedDate": "2016-01-20", "Latitude": 47.66183692, "Longitude": -122.30868328, "Location1": "(47.66183692, -122.30868328)" }, "geometry": { "type": "Point", "coordinates": [ -122.3086833, 47.6618369 ] } },
{ "type": "Feature", "properties": { "PermitNum": "6505020-DM", "HousingUnitsRemoved": "1", "IssuedDate": "2016-05-03", "Latitude": 47.67308118, "Longitude": -122.32647468, "Location1": "(47.67308118, -122.32647468)" }, "geometry": { "type": "Point", "coordinates": [ -122.3264747, 47.6730812 ] } },
{ "type": "Feature", "properties": { "PermitNum": "6505276-DM", "HousingUnitsRemoved": "1", "IssuedDate": "2016-07-07", "Latitude": 47.65195511, "Longitude": -122.36905151000001, "Location1": "(47.65195511, -122.36905151)" }, "geometry": { "type": "Point", "coordinates": [ -122.3690515, 47.6519551 ] } },
{ "type": "Feature", "properties": { "PermitNum": "6505294-DM", "HousingUnitsRemoved": "1", "IssuedDate": "2016-01-26", "Latitude": 47.71250362, "Longitude": -122.35529106, "Location1": "(47.71250362, -122.35529106)" }, "geometry": { "type": "Point", "coordinates": [ -122.3552911, 47.7125036 ] } },
{ "type": "Feature", "properties": { "PermitNum": "6506275-DM", "HousingUnitsRemoved": "0", "IssuedDate": "2016-08-23", "Latitude": 47.61946586, "Longitude": -122.31911396, "Location1": "(47.61946586, -122.31911396)" }, "geometry": { "type": "Point", "coordinates": [ -122.319114, 47.6194659 ] } },
{ "type": "Feature", "properties": { "PermitNum": "6506453-DM", "HousingUnitsRemoved": "1", "IssuedDate": "2016-07-26", "Latitude": 47.63703621, "Longitude": -122.37012321, "Location1": "(47.63703621, -122.37012321)" }, "geometry": { "type": "Point", "coordinates": [ -122.3701232, 47.6370362 ] } },
{ "type": "Feature", "properties": { "PermitNum": "6506828-DM", "HousingUnitsRemoved": "0", "IssuedDate": "2016-03-22", "Latitude": 47.61049034, "Longitude": -122.30998035, "Location1": "(47.61049034, -122.30998035)" }, "geometry": { "type": "Point", "coordinates": [ -122.3099804, 47.6104903 ] } },
{ "type": "Feature", "properties": { "PermitNum": "6508016-DM", "HousingUnitsRemoved": "1", "IssuedDate": "2016-03-04", "Latitude": 47.62214952, "Longitude": -122.32456054, "Location1": "(47.62214952, -122.32456054)" }, "geometry": { "type": "Point", "coordinates": [ -122.3245605, 47.6221495 ] } },
{ "type": "Feature", "properties": { "PermitNum": "6508366-DM", "HousingUnitsRemoved": "1", "IssuedDate": "2016-04-19", "Latitude": 47.67438618, "Longitude": -122.37390008, "Location1": "(47.67438618, -122.37390008)" }, "geometry": { "type": "Point", "coordinates": [ -122.3739001, 47.6743862 ] } },
{ "type": "Feature", "properties": { "PermitNum": "6508560-DM", "HousingUnitsRemoved": "1", "IssuedDate": "2016-07-13", "Latitude": 47.68386283, "Longitude": -122.376556, "Location1": "(47.68386283, -122.376556)" }, "geometry": { "type": "Point", "coordinates": [ -122.376556, 47.6838628 ] } },
{ "type": "Feature", "properties": { "PermitNum": "6508816-DM", "HousingUnitsRemoved": "1", "IssuedDate": "2016-03-21", "Latitude": 47.67642747, "Longitude": -122.39546731, "Location1": "(47.67642747, -122.39546731)" }, "geometry": { "type": "Point", "coordinates": [ -122.3954673, 47.6764275 ] } },
{ "type": "Feature", "properties": { "PermitNum": "6509309-DM", "HousingUnitsRemoved": "1", "IssuedDate": "2016-02-11", "Latitude": 47.67928227, "Longitude": -122.39467831, "Location1": "(47.67928227, -122.39467831)" }, "geometry": { "type": "Point", "coordinates": [ -122.3946783, 47.6792823 ] } },
{ "type": "Feature", "properties": { "PermitNum": "6509340-DM", "HousingUnitsRemoved": "1", "IssuedDate": "2016-04-20", "Latitude": 47.71576153, "Longitude": -122.28500248, "Location1": "(47.71576153, -122.28500248)" }, "geometry": { "type": "Point", "coordinates": [ -122.2850025, 47.7157615 ] } },
{ "type": "Feature", "properties": { "PermitNum": "6554229-DM", "HousingUnitsRemoved": "0", "IssuedDate": "2017-03-14", "Latitude": 47.66185159, "Longitude": -122.29315529, "Location1": "(47.66185159, -122.29315529)" }, "geometry": { "type": "Point", "coordinates": [ -122.2931553, 47.6618516 ] } },
{ "type": "Feature", "properties": { "PermitNum": "6557822-DM", "HousingUnitsRemoved": "1", "IssuedDate": "2017-10-03", "Latitude": 47.63213794, "Longitude": -122.34690787, "Location1": "(47.63213794, -122.34690787)" }, "geometry": { "type": "Point", "coordinates": [ -122.3469079, 47.6321379 ] } },
{ "type": "Feature", "properties": { "PermitNum": "6558231-DM", "HousingUnitsRemoved": "1", "IssuedDate": "2017-09-30", "Latitude": 47.61665053, "Longitude": -122.30559907, "Location1": "(47.61665053, -122.30559907)" }, "geometry": { "type": "Point", "coordinates": [ -122.3055991, 47.6166505 ] } },
{ "type": "Feature", "properties": { "PermitNum": "6558539-DM", "HousingUnitsRemoved": "1", "IssuedDate": "2017-03-06", "Latitude": 47.67261657, "Longitude": -122.38096027, "Location1": "(47.67261657, -122.38096027)" }, "geometry": { "type": "Point", "coordinates": [ -122.3809603, 47.6726166 ] } },
{ "type": "Feature", "properties": { "PermitNum": "6558915-DM", "HousingUnitsRemoved": "2", "IssuedDate": "2017-07-21", "Latitude": 47.69576943, "Longitude": -122.35017778, "Location1": "(47.69576943, -122.35017778)" }, "geometry": { "type": "Point", "coordinates": [ -122.3501778, 47.6957694 ] } },
{ "type": "Feature", "properties": { "PermitNum": "6603023-DM", "HousingUnitsRemoved": "1", "IssuedDate": "2019-06-13", "Latitude": 47.71585912, "Longitude": -122.27956616, "Location1": "(47.71585912, -122.27956616)" }, "geometry": { "type": "Point", "coordinates": [ -122.2795662, 47.7158591 ] } },
{ "type": "Feature", "properties": { "PermitNum": "6604871-DM", "HousingUnitsRemoved": "1", "IssuedDate": "2017-06-26", "Latitude": 47.5426607, "Longitude": -122.27764763, "Location1": "(47.5426607, -122.27764763)" }, "geometry": { "type": "Point", "coordinates": [ -122.2776476, 47.5426607 ] } },
{ "type": "Feature", "properties": { "PermitNum": "6607252-DM", "HousingUnitsRemoved": "2", "IssuedDate": "2018-04-08", "Latitude": 47.56014578, "Longitude": -122.29194239, "Location1": "(47.56014578, -122.29194239)" }, "geometry": { "type": "Point", "coordinates": [ -122.2919424, 47.5601458 ] } },
{ "type": "Feature", "properties": { "PermitNum": "6498578-DM", "HousingUnitsRemoved": "1", "IssuedDate": "2016-02-22", "Latitude": 47.51355415, "Longitude": -122.37779831, "Location1": "(47.51355415, -122.37779831)" }, "geometry": { "type": "Point", "coordinates": [ -122.3777983, 47.5135541 ] } },
{ "type": "Feature", "properties": { "PermitNum": "6500239-DM", "HousingUnitsRemoved": "1", "IssuedDate": "2016-01-26", "Latitude": 47.54970747, "Longitude": -122.30895742, "Location1": "(47.54970747, -122.30895742)" }, "geometry": { "type": "Point", "coordinates": [ -122.3089574, 47.5497075 ] } },
{ "type": "Feature", "properties": { "PermitNum": "6500338-DM", "HousingUnitsRemoved": "0", "IssuedDate": "2016-04-26", "Latitude": 47.56995831, "Longitude": -122.28704532, "Location1": "(47.56995831, -122.28704532)" }, "geometry": { "type": "Point", "coordinates": [ -122.2870453, 47.5699583 ] } },
{ "type": "Feature", "properties": { "PermitNum": "6500841-DM", "HousingUnitsRemoved": "4", "IssuedDate": "2016-04-28", "Latitude": 47.68189004, "Longitude": -122.28826097, "Location1": "(47.68189004, -122.28826097)" }, "geometry": { "type": "Point", "coordinates": [ -122.288261, 47.68189 ] } },
{ "type": "Feature", "properties": { "PermitNum": "6502477-DM", "HousingUnitsRemoved": "1", "IssuedDate": "2016-04-28", "Latitude": 47.52520989, "Longitude": -122.36213304, "Location1": "(47.52520989, -122.36213304)" }, "geometry": { "type": "Point", "coordinates": [ -122.362133, 47.5252099 ] } },
{ "type": "Feature", "properties": { "PermitNum": "6502757-DM", "HousingUnitsRemoved": "12", "IssuedDate": "2016-06-02", "Latitude": 47.6133499, "Longitude": -122.32312813, "Location1": "(47.6133499, -122.32312813)" }, "geometry": { "type": "Point", "coordinates": [ -122.3231281, 47.6133499 ] } },
{ "type": "Feature", "properties": { "PermitNum": "6503103-DM", "HousingUnitsRemoved": "0", "IssuedDate": "2016-04-18", "Latitude": 47.67965167, "Longitude": -122.37591021, "Location1": "(47.67965167, -122.37591021)" }, "geometry": { "type": "Point", "coordinates": [ -122.3759102, 47.6796517 ] } },
{ "type": "Feature", "properties": { "PermitNum": "6504492-DM", "HousingUnitsRemoved": "1", "IssuedDate": "2016-02-10", "Latitude": 47.51248404, "Longitude": -122.37973109000001, "Location1": "(47.51248404, -122.37973109)" }, "geometry": { "type": "Point", "coordinates": [ -122.3797311, 47.512484 ] } },
{ "type": "Feature", "properties": { "PermitNum": "6547656-DM", "HousingUnitsRemoved": "1", "IssuedDate": "2018-02-23", "Latitude": 47.69101539, "Longitude": -122.37464346, "Location1": "(47.69101539, -122.37464346)" }, "geometry": { "type": "Point", "coordinates": [ -122.3746435, 47.6910154 ] } },
{ "type": "Feature", "properties": { "PermitNum": "6547672-DM", "HousingUnitsRemoved": "1", "IssuedDate": "2017-02-14", "Latitude": 47.68574355, "Longitude": -122.33495477, "Location1": "(47.68574355, -122.33495477)" }, "geometry": { "type": "Point", "coordinates": [ -122.3349548, 47.6857435 ] } },
{ "type": "Feature", "properties": { "PermitNum": "6549193-DM", "HousingUnitsRemoved": "0", "IssuedDate": "2016-12-22", "Latitude": 47.58562963, "Longitude": -122.3914899, "Location1": "(47.58562963, -122.3914899)" }, "geometry": { "type": "Point", "coordinates": [ -122.3914899, 47.5856296 ] } },
{ "type": "Feature", "properties": { "PermitNum": "6549530-DM", "HousingUnitsRemoved": "0", "IssuedDate": "2016-12-17", "Latitude": 47.55993618, "Longitude": -122.29342594000001, "Location1": "(47.55993618, -122.29342594)" }, "geometry": { "type": "Point", "coordinates": [ -122.2934259, 47.5599362 ] } },
{ "type": "Feature", "properties": { "PermitNum": "6551172-DM", "HousingUnitsRemoved": "1", "IssuedDate": "2016-10-18", "Latitude": 47.54881181, "Longitude": -122.28796234000001, "Location1": "(47.54881181, -122.28796234)" }, "geometry": { "type": "Point", "coordinates": [ -122.2879623, 47.5488118 ] } },
{ "type": "Feature", "properties": { "PermitNum": "6598413-DM", "HousingUnitsRemoved": "1", "IssuedDate": "2017-09-03", "Latitude": 47.67536003, "Longitude": -122.32874344, "Location1": "(47.67536003, -122.32874344)" }, "geometry": { "type": "Point", "coordinates": [ -122.3287434, 47.67536 ] } },
{ "type": "Feature", "properties": { "PermitNum": "6598419-DM", "HousingUnitsRemoved": "1", "IssuedDate": "2017-10-25", "Latitude": 47.55272808, "Longitude": -122.31205812, "Location1": "(47.55272808, -122.31205812)" }, "geometry": { "type": "Point", "coordinates": [ -122.3120581, 47.5527281 ] } },
{ "type": "Feature", "properties": { "PermitNum": "6600819-DM", "HousingUnitsRemoved": "0", "IssuedDate": "2019-07-03", "Latitude": 47.65315089, "Longitude": -122.3574304, "Location1": "(47.65315089, -122.3574304)" }, "geometry": { "type": "Point", "coordinates": [ -122.3574304, 47.6531509 ] } },
{ "type": "Feature", "properties": { "PermitNum": "6648174-DM", "HousingUnitsRemoved": "1", "IssuedDate": "2018-05-09", "Latitude": 47.67639907, "Longitude": -122.37062657, "Location1": "(47.67639907, -122.37062657)" }, "geometry": { "type": "Point", "coordinates": [ -122.3706266, 47.6763991 ] } },
{ "type": "Feature", "properties": { "PermitNum": "6648799-DM", "HousingUnitsRemoved": "1", "IssuedDate": "2018-09-21", "Latitude": 47.67551621, "Longitude": -122.35018199, "Location1": "(47.67551621, -122.35018199)" }, "geometry": { "type": "Point", "coordinates": [ -122.350182, 47.6755162 ] } },
{ "type": "Feature", "properties": { "PermitNum": "6649072-DM", "HousingUnitsRemoved": "1", "IssuedDate": "2018-10-11", "Latitude": 47.66237742, "Longitude": -122.35129847, "Location1": "(47.66237742, -122.35129847)" }, "geometry": { "type": "Point", "coordinates": [ -122.3512985, 47.6623774 ] } },
{ "type": "Feature", "properties": { "PermitNum": "6649951-DM", "HousingUnitsRemoved": "1", "IssuedDate": "2018-09-04", "Latitude": 47.56748967, "Longitude": -122.36976543, "Location1": "(47.56748967, -122.36976543)" }, "geometry": { "type": "Point", "coordinates": [ -122.3697654, 47.5674897 ] } },
{ "type": "Feature", "properties": { "PermitNum": "6652351-DM", "HousingUnitsRemoved": "0", "IssuedDate": "2018-10-16", "Latitude": 47.7335384, "Longitude": -122.34275053, "Location1": "(47.7335384, -122.34275053)" }, "geometry": { "type": "Point", "coordinates": [ -122.3427505, 47.7335384 ] } },
{ "type": "Feature", "properties": { "PermitNum": "6488840-DM", "HousingUnitsRemoved": "0", "IssuedDate": "2016-02-05", "Latitude": 47.67220861, "Longitude": -122.37997887, "Location1": "(47.67220861, -122.37997887)" }, "geometry": { "type": "Point", "coordinates": [ -122.3799789, 47.6722086 ] } },
{ "type": "Feature", "properties": { "PermitNum": "6492504-DM", "HousingUnitsRemoved": "3", "IssuedDate": "2016-09-12", "Latitude": 47.67322884, "Longitude": -122.38233548, "Location1": "(47.67322884, -122.38233548)" }, "geometry": { "type": "Point", "coordinates": [ -122.3823355, 47.6732288 ] } },
{ "type": "Feature", "properties": { "PermitNum": "6449253-DM", "HousingUnitsRemoved": "1", "IssuedDate": "2016-07-11", "Latitude": 47.60771827, "Longitude": -122.28540166000001, "Location1": "(47.60771827, -122.28540166)" }, "geometry": { "type": "Point", "coordinates": [ -122.2854017, 47.6077183 ] } },
{ "type": "Feature", "properties": { "PermitNum": "6450017-DM", "HousingUnitsRemoved": "1", "IssuedDate": "2016-04-20", "Latitude": 47.6903226, "Longitude": -122.38069477000001, "Location1": "(47.6903226, -122.38069477)" }, "geometry": { "type": "Point", "coordinates": [ -122.3806948, 47.6903226 ] } },
{ "type": "Feature", "properties": { "PermitNum": "6495541-DM", "HousingUnitsRemoved": "0", "IssuedDate": "2016-03-09", "Latitude": 47.67885622, "Longitude": -122.37548006, "Location1": "(47.67885622, -122.37548006)" }, "geometry": { "type": "Point", "coordinates": [ -122.3754801, 47.6788562 ] } },
{ "type": "Feature", "properties": { "PermitNum": "6497624-DM", "HousingUnitsRemoved": "0", "IssuedDate": "2016-12-27", "Latitude": 47.63722831, "Longitude": -122.37009237, "Location1": "(47.63722831, -122.37009237)" }, "geometry": { "type": "Point", "coordinates": [ -122.3700924, 47.6372283 ] } },
{ "type": "Feature", "properties": { "PermitNum": "6497784-DM", "HousingUnitsRemoved": "1", "IssuedDate": "2016-05-03", "Latitude": 47.58669965, "Longitude": -122.31692911, "Location1": "(47.58669965, -122.31692911)" }, "geometry": { "type": "Point", "coordinates": [ -122.3169291, 47.5866996 ] } },
{ "type": "Feature", "properties": { "PermitNum": "6541315-DM", "HousingUnitsRemoved": "1", "IssuedDate": "2016-09-29", "Latitude": 47.643784, "Longitude": -122.3712949, "Location1": "(47.643784, -122.3712949)" }, "geometry": { "type": "Point", "coordinates": [ -122.3712949, 47.643784 ] } },
{ "type": "Feature", "properties": { "PermitNum": "6542022-DM", "HousingUnitsRemoved": "1", "IssuedDate": "2016-11-18", "Latitude": 47.59275797, "Longitude": -122.29622159, "Location1": "(47.59275797, -122.29622159)" }, "geometry": { "type": "Point", "coordinates": [ -122.2962216, 47.592758 ] } },
{ "type": "Feature", "properties": { "PermitNum": "6544580-DM", "HousingUnitsRemoved": "1", "IssuedDate": "2017-02-02", "Latitude": 47.65663146, "Longitude": -122.38921338, "Location1": "(47.65663146, -122.38921338)" }, "geometry": { "type": "Point", "coordinates": [ -122.3892134, 47.6566315 ] } },
{ "type": "Feature", "properties": { "PermitNum": "6544735-DM", "HousingUnitsRemoved": "0", "IssuedDate": "2016-07-19", "Latitude": 47.6638146, "Longitude": -122.30624272, "Location1": "(47.6638146, -122.30624272)" }, "geometry": { "type": "Point", "coordinates": [ -122.3062427, 47.6638146 ] } },
{ "type": "Feature", "properties": { "PermitNum": "6544923-DM", "HousingUnitsRemoved": "1", "IssuedDate": "2016-10-24", "Latitude": 47.62213883, "Longitude": -122.29026925, "Location1": "(47.62213883, -122.29026925)" }, "geometry": { "type": "Point", "coordinates": [ -122.2902692, 47.6221388 ] } },
{ "type": "Feature", "properties": { "PermitNum": "6545643-DM", "HousingUnitsRemoved": "1", "IssuedDate": "2016-09-23", "Latitude": 47.59850191, "Longitude": -122.31194282, "Location1": "(47.59850191, -122.31194282)" }, "geometry": { "type": "Point", "coordinates": [ -122.3119428, 47.5985019 ] } },
{ "type": "Feature", "properties": { "PermitNum": "6545737-DM", "HousingUnitsRemoved": "1", "IssuedDate": "2016-10-17", "Latitude": 47.61892899, "Longitude": -122.2813592, "Location1": "(47.61892899, -122.2813592)" }, "geometry": { "type": "Point", "coordinates": [ -122.2813592, 47.618929 ] } },
{ "type": "Feature", "properties": { "PermitNum": "6590691-DM", "HousingUnitsRemoved": "1", "IssuedDate": "2017-06-19", "Latitude": 47.51365742, "Longitude": -122.25616283, "Location1": "(47.51365742, -122.25616283)" }, "geometry": { "type": "Point", "coordinates": [ -122.2561628, 47.5136574 ] } },
{ "type": "Feature", "properties": { "PermitNum": "6593298-DM", "HousingUnitsRemoved": "3", "IssuedDate": "2018-10-02", "Latitude": 47.65097938, "Longitude": -122.36269481, "Location1": "(47.65097938, -122.36269481)" }, "geometry": { "type": "Point", "coordinates": [ -122.3626948, 47.6509794 ] } },
{ "type": "Feature", "properties": { "PermitNum": "6593948-DM", "HousingUnitsRemoved": "1", "IssuedDate": "2017-09-13", "Latitude": 47.69758115, "Longitude": -122.34709255, "Location1": "(47.69758115, -122.34709255)" }, "geometry": { "type": "Point", "coordinates": [ -122.3470925, 47.6975811 ] } },
{ "type": "Feature", "properties": { "PermitNum": "6594356-DM", "HousingUnitsRemoved": "1", "IssuedDate": "2018-01-29", "Latitude": 47.67691102, "Longitude": -122.3673767, "Location1": "(47.67691102, -122.3673767)" }, "geometry": { "type": "Point", "coordinates": [ -122.3673767, 47.676911 ] } },
{ "type": "Feature", "properties": { "PermitNum": "6594474-DM", "HousingUnitsRemoved": "1", "IssuedDate": "2018-03-13", "Latitude": 47.64370836, "Longitude": -122.36117099000001, "Location1": "(47.64370836, -122.36117099)" }, "geometry": { "type": "Point", "coordinates": [ -122.361171, 47.6437084 ] } },
{ "type": "Feature", "properties": { "PermitNum": "6594939-DM", "HousingUnitsRemoved": "1", "IssuedDate": "2018-08-15", "Latitude": 47.52169909, "Longitude": -122.37640262, "Location1": "(47.52169909, -122.37640262)" }, "geometry": { "type": "Point", "coordinates": [ -122.3764026, 47.5216991 ] } },
{ "type": "Feature", "properties": { "PermitNum": "6644305-DM", "HousingUnitsRemoved": "1", "IssuedDate": "2020-10-26", "Latitude": 47.5880904, "Longitude": -122.31405537000001, "Location1": "(47.5880904, -122.31405537)" }, "geometry": { "type": "Point", "coordinates": [ -122.3140554, 47.5880904 ] } },
{ "type": "Feature", "properties": { "PermitNum": "6645001-DM", "HousingUnitsRemoved": "1", "IssuedDate": "2018-10-08", "Latitude": 47.68377554, "Longitude": -122.27596914, "Location1": "(47.68377554, -122.27596914)" }, "geometry": { "type": "Point", "coordinates": [ -122.2759691, 47.6837755 ] } },
{ "type": "Feature", "properties": { "PermitNum": "6441911-DM", "HousingUnitsRemoved": "0", "IssuedDate": "2016-12-30", "Latitude": 47.51051147, "Longitude": -122.24033852, "Location1": "(47.51051147, -122.24033852)" }, "geometry": { "type": "Point", "coordinates": [ -122.2403385, 47.5105115 ] } },
{ "type": "Feature", "properties": { "PermitNum": "6443120-DM", "HousingUnitsRemoved": "1", "IssuedDate": "2016-04-20", "Latitude": 47.53952385, "Longitude": -122.26776347000001, "Location1": "(47.53952385, -122.26776347)" }, "geometry": { "type": "Point", "coordinates": [ -122.2677635, 47.5395239 ] } },
{ "type": "Feature", "properties": { "PermitNum": "6487238-DM", "HousingUnitsRemoved": "2", "IssuedDate": "2016-06-14", "Latitude": 47.71641359, "Longitude": -122.312181, "Location1": "(47.71641359, -122.312181)" }, "geometry": { "type": "Point", "coordinates": [ -122.312181, 47.7164136 ] } },
{ "type": "Feature", "properties": { "PermitNum": "6487712-DM", "HousingUnitsRemoved": "2", "IssuedDate": "2017-10-12", "Latitude": 47.67797044, "Longitude": -122.37378723, "Location1": "(47.67797044, -122.37378723)" }, "geometry": { "type": "Point", "coordinates": [ -122.3737872, 47.6779704 ] } },
{ "type": "Feature", "properties": { "PermitNum": "6491940-DM", "HousingUnitsRemoved": "1", "IssuedDate": "2016-03-29", "Latitude": 47.65319587, "Longitude": -122.34545327, "Location1": "(47.65319587, -122.34545327)" }, "geometry": { "type": "Point", "coordinates": [ -122.3454533, 47.6531959 ] } },
{ "type": "Feature", "properties": { "PermitNum": "6536200-DM", "HousingUnitsRemoved": "1", "IssuedDate": "2016-09-02", "Latitude": 47.56504942, "Longitude": -122.3651681, "Location1": "(47.56504942, -122.3651681)" }, "geometry": { "type": "Point", "coordinates": [ -122.3651681, 47.5650494 ] } },
{ "type": "Feature", "properties": { "PermitNum": "6537474-DM", "HousingUnitsRemoved": "1", "IssuedDate": "2016-09-22", "Latitude": 47.67253431, "Longitude": -122.38520835, "Location1": "(47.67253431, -122.38520835)" }, "geometry": { "type": "Point", "coordinates": [ -122.3852083, 47.6725343 ] } },
{ "type": "Feature", "properties": { "PermitNum": "6540457-DM", "HousingUnitsRemoved": "1", "IssuedDate": "2016-08-15", "Latitude": 47.67791841, "Longitude": -122.40061386000001, "Location1": "(47.67791841, -122.40061386)" }, "geometry": { "type": "Point", "coordinates": [ -122.4006139, 47.6779184 ] } },
{ "type": "Feature", "properties": { "PermitNum": "6541033-DM", "HousingUnitsRemoved": "1", "IssuedDate": "2016-08-15", "Latitude": 47.5536813, "Longitude": -122.2612505, "Location1": "(47.5536813, -122.2612505)" }, "geometry": { "type": "Point", "coordinates": [ -122.2612505, 47.5536813 ] } },
{ "type": "Feature", "properties": { "PermitNum": "6585747-DM", "HousingUnitsRemoved": "1", "IssuedDate": "2017-06-24", "Latitude": 47.55771425, "Longitude": -122.39467308, "Location1": "(47.55771425, -122.39467308)" }, "geometry": { "type": "Point", "coordinates": [ -122.3946731, 47.5577142 ] } },
{ "type": "Feature", "properties": { "PermitNum": "6586978-DM", "HousingUnitsRemoved": "1", "IssuedDate": "2017-04-14", "Latitude": 47.68930681, "Longitude": -122.34568122, "Location1": "(47.68930681, -122.34568122)" }, "geometry": { "type": "Point", "coordinates": [ -122.3456812, 47.6893068 ] } },
{ "type": "Feature", "properties": { "PermitNum": "6587356-DM", "HousingUnitsRemoved": "1", "IssuedDate": "2017-09-16", "Latitude": 47.63944623, "Longitude": -122.31989595, "Location1": "(47.63944623, -122.31989595)" }, "geometry": { "type": "Point", "coordinates": [ -122.319896, 47.6394462 ] } },
{ "type": "Feature", "properties": { "PermitNum": "6589415-DM", "HousingUnitsRemoved": "1", "IssuedDate": "2017-08-10", "Latitude": 47.67857519, "Longitude": -122.39671588, "Location1": "(47.67857519, -122.39671588)" }, "geometry": { "type": "Point", "coordinates": [ -122.3967159, 47.6785752 ] } },
{ "type": "Feature", "properties": { "PermitNum": "6590074-DM", "HousingUnitsRemoved": "1", "IssuedDate": "2017-07-27", "Latitude": 47.69453685, "Longitude": -122.35097344, "Location1": "(47.69453685, -122.35097344)" }, "geometry": { "type": "Point", "coordinates": [ -122.3509734, 47.6945368 ] } },
{ "type": "Feature", "properties": { "PermitNum": "6633162-DM", "HousingUnitsRemoved": "2", "IssuedDate": "2019-03-01", "Latitude": 47.69919379, "Longitude": -122.3400586, "Location1": "(47.69919379, -122.3400586)" }, "geometry": { "type": "Point", "coordinates": [ -122.3400586, 47.6991938 ] } },
{ "type": "Feature", "properties": { "PermitNum": "6633740-DM", "HousingUnitsRemoved": "1", "IssuedDate": "2018-11-27", "Latitude": 47.57009129, "Longitude": -122.37166779, "Location1": "(47.57009129, -122.37166779)" }, "geometry": { "type": "Point", "coordinates": [ -122.3716678, 47.5700913 ] } },
{ "type": "Feature", "properties": { "PermitNum": "6635498-DM", "HousingUnitsRemoved": "3", "IssuedDate": "2018-04-18", "Latitude": 47.56719806, "Longitude": -122.36952488, "Location1": "(47.56719806, -122.36952488)" }, "geometry": { "type": "Point", "coordinates": [ -122.3695249, 47.5671981 ] } },
{ "type": "Feature", "properties": { "PermitNum": "6637011-DM", "HousingUnitsRemoved": "1", "IssuedDate": "2018-08-29", "Latitude": 47.62270091, "Longitude": -122.31973958, "Location1": "(47.62270091, -122.31973958)" }, "geometry": { "type": "Point", "coordinates": [ -122.3197396, 47.6227009 ] } },
{ "type": "Feature", "properties": { "PermitNum": "6639384-DM", "HousingUnitsRemoved": "1", "IssuedDate": "2021-01-27", "Latitude": 47.55416225, "Longitude": -122.31744698, "Location1": "(47.55416225, -122.31744698)" }, "geometry": { "type": "Point", "coordinates": [ -122.317447, 47.5541622 ] } },
{ "type": "Feature", "properties": { "PermitNum": "6474378-DM", "HousingUnitsRemoved": "1", "IssuedDate": "2016-01-20", "Latitude": 47.59779122, "Longitude": -122.29922708, "Location1": "(47.59779122, -122.29922708)" }, "geometry": { "type": "Point", "coordinates": [ -122.2992271, 47.5977912 ] } },
{ "type": "Feature", "properties": { "PermitNum": "6517505-DM", "HousingUnitsRemoved": "0", "IssuedDate": "2016-05-05", "Latitude": 47.67866577, "Longitude": -122.29489581, "Location1": "(47.67866577, -122.29489581)" }, "geometry": { "type": "Point", "coordinates": [ -122.2948958, 47.6786658 ] } },
{ "type": "Feature", "properties": { "PermitNum": "6518838-DM", "HousingUnitsRemoved": "0", "IssuedDate": "2016-07-08", "Latitude": 47.58494342, "Longitude": -122.31419206, "Location1": "(47.58494342, -122.31419206)" }, "geometry": { "type": "Point", "coordinates": [ -122.3141921, 47.5849434 ] } },
{ "type": "Feature", "properties": { "PermitNum": "6519533-DM", "HousingUnitsRemoved": "1", "IssuedDate": "2016-12-22", "Latitude": 47.60289374, "Longitude": -122.28532435, "Location1": "(47.60289374, -122.28532435)" }, "geometry": { "type": "Point", "coordinates": [ -122.2853243, 47.6028937 ] } },
{ "type": "Feature", "properties": { "PermitNum": "6519972-DM", "HousingUnitsRemoved": "2", "IssuedDate": "2016-06-14", "Latitude": 47.64039221, "Longitude": -122.32514048, "Location1": "(47.64039221, -122.32514048)" }, "geometry": { "type": "Point", "coordinates": [ -122.3251405, 47.6403922 ] } },
{ "type": "Feature", "properties": { "PermitNum": "6519981-DM", "HousingUnitsRemoved": "0", "IssuedDate": "2016-09-14", "Latitude": 47.543365, "Longitude": -122.32122065, "Location1": "(47.543365, -122.32122065)" }, "geometry": { "type": "Point", "coordinates": [ -122.3212207, 47.543365 ] } },
{ "type": "Feature", "properties": { "PermitNum": "6519983-DM", "HousingUnitsRemoved": "1", "IssuedDate": "2016-12-15", "Latitude": 47.69197644, "Longitude": -122.33210364, "Location1": "(47.69197644, -122.33210364)" }, "geometry": { "type": "Point", "coordinates": [ -122.3321036, 47.6919764 ] } },
{ "type": "Feature", "properties": { "PermitNum": "6521810-DM", "HousingUnitsRemoved": "1", "IssuedDate": "2016-07-25", "Latitude": 47.67570871, "Longitude": -122.39713812, "Location1": "(47.67570871, -122.39713812)" }, "geometry": { "type": "Point", "coordinates": [ -122.3971381, 47.6757087 ] } },
{ "type": "Feature", "properties": { "PermitNum": "6565318-DM", "HousingUnitsRemoved": "1", "IssuedDate": "2017-01-26", "Latitude": 47.63745013, "Longitude": -122.28118954, "Location1": "(47.63745013, -122.28118954)" }, "geometry": { "type": "Point", "coordinates": [ -122.2811895, 47.6374501 ] } },
{ "type": "Feature", "properties": { "PermitNum": "6565376-DM", "HousingUnitsRemoved": "2", "IssuedDate": "2016-11-28", "Latitude": 47.66986051, "Longitude": -122.37916501, "Location1": "(47.66986051, -122.37916501)" }, "geometry": { "type": "Point", "coordinates": [ -122.379165, 47.6698605 ] } },
{ "type": "Feature", "properties": { "PermitNum": "6566143-DM", "HousingUnitsRemoved": "1", "IssuedDate": "2017-01-06", "Latitude": 47.69535081, "Longitude": -122.38784273, "Location1": "(47.69535081, -122.38784273)" }, "geometry": { "type": "Point", "coordinates": [ -122.3878427, 47.6953508 ] } },
{ "type": "Feature", "properties": { "PermitNum": "6566749-DM", "HousingUnitsRemoved": "1", "IssuedDate": "2017-01-19", "Latitude": 47.64901249, "Longitude": -122.40822169, "Location1": "(47.64901249, -122.40822169)" }, "geometry": { "type": "Point", "coordinates": [ -122.4082217, 47.6490125 ] } },
{ "type": "Feature", "properties": { "PermitNum": "6567615-DM", "HousingUnitsRemoved": "1", "IssuedDate": "2017-05-17", "Latitude": 47.6837274, "Longitude": -122.31066247, "Location1": "(47.6837274, -122.31066247)" }, "geometry": { "type": "Point", "coordinates": [ -122.3106625, 47.6837274 ] } },
{ "type": "Feature", "properties": { "PermitNum": "6567911-DM", "HousingUnitsRemoved": "1", "IssuedDate": "2017-03-13", "Latitude": 47.6908859, "Longitude": -122.38026529, "Location1": "(47.6908859, -122.38026529)" }, "geometry": { "type": "Point", "coordinates": [ -122.3802653, 47.6908859 ] } },
{ "type": "Feature", "properties": { "PermitNum": "6569662-DM", "HousingUnitsRemoved": "2", "IssuedDate": "2017-07-25", "Latitude": 47.65841472, "Longitude": -122.35025522, "Location1": "(47.65841472, -122.35025522)" }, "geometry": { "type": "Point", "coordinates": [ -122.3502552, 47.6584147 ] } },
{ "type": "Feature", "properties": { "PermitNum": "6569885-DM", "HousingUnitsRemoved": "0", "IssuedDate": "2017-05-10", "Latitude": 47.67574597, "Longitude": -122.35459418000001, "Location1": "(47.67574597, -122.35459418)" }, "geometry": { "type": "Point", "coordinates": [ -122.3545942, 47.675746 ] } },
{ "type": "Feature", "properties": { "PermitNum": "6609515-DM", "HousingUnitsRemoved": "6", "IssuedDate": "2017-10-10", "Latitude": 47.60113829, "Longitude": -122.31818703, "Location1": "(47.60113829, -122.31818703)" }, "geometry": { "type": "Point", "coordinates": [ -122.318187, 47.6011383 ] } },
{ "type": "Feature", "properties": { "PermitNum": "6610472-DM", "HousingUnitsRemoved": "1", "IssuedDate": "2018-08-17", "Latitude": 47.68304981, "Longitude": -122.32583931000001, "Location1": "(47.68304981, -122.32583931)" }, "geometry": { "type": "Point", "coordinates": [ -122.3258393, 47.6830498 ] } },
{ "type": "Feature", "properties": { "PermitNum": "6610718-DM", "HousingUnitsRemoved": "1", "IssuedDate": "2017-12-07", "Latitude": 47.5480794, "Longitude": -122.28754186, "Location1": "(47.5480794, -122.28754186)" }, "geometry": { "type": "Point", "coordinates": [ -122.2875419, 47.5480794 ] } },
{ "type": "Feature", "properties": { "PermitNum": "6611891-DM", "HousingUnitsRemoved": "1", "IssuedDate": "2017-09-26", "Latitude": 47.68269251, "Longitude": -122.35478841, "Location1": "(47.68269251, -122.35478841)" }, "geometry": { "type": "Point", "coordinates": [ -122.3547884, 47.6826925 ] } },
{ "type": "Feature", "properties": { "PermitNum": "6452858-DM", "HousingUnitsRemoved": "0", "IssuedDate": "2017-05-09", "Latitude": 47.64172803, "Longitude": -122.34719803, "Location1": "(47.64172803, -122.34719803)" }, "geometry": { "type": "Point", "coordinates": [ -122.347198, 47.641728 ] } },
{ "type": "Feature", "properties": { "PermitNum": "6496845-DM", "HousingUnitsRemoved": "1", "IssuedDate": "2016-09-06", "Latitude": 47.64452154, "Longitude": -122.38423489, "Location1": "(47.64452154, -122.38423489)" }, "geometry": { "type": "Point", "coordinates": [ -122.3842349, 47.6445215 ] } },
{ "type": "Feature", "properties": { "PermitNum": "6497676-DM", "HousingUnitsRemoved": "1", "IssuedDate": "2017-02-03", "Latitude": 47.71847606, "Longitude": -122.33578562, "Location1": "(47.71847606, -122.33578562)" }, "geometry": { "type": "Point", "coordinates": [ -122.3357856, 47.7184761 ] } },
{ "type": "Feature", "properties": { "PermitNum": "6498442-DM", "HousingUnitsRemoved": "1", "IssuedDate": "2017-09-07", "Latitude": 47.60366847, "Longitude": -122.30295887, "Location1": "(47.60366847, -122.30295887)" }, "geometry": { "type": "Point", "coordinates": [ -122.3029589, 47.6036685 ] } },
{ "type": "Feature", "properties": { "PermitNum": "6499493-DM", "HousingUnitsRemoved": "1", "IssuedDate": "2016-01-27", "Latitude": 47.51936541, "Longitude": -122.37366794, "Location1": "(47.51936541, -122.37366794)" }, "geometry": { "type": "Point", "coordinates": [ -122.3736679, 47.5193654 ] } },
{ "type": "Feature", "properties": { "PermitNum": "6499629-DM", "HousingUnitsRemoved": "1", "IssuedDate": "2016-05-06", "Latitude": 47.67575704, "Longitude": -122.3893255, "Location1": "(47.67575704, -122.3893255)" }, "geometry": { "type": "Point", "coordinates": [ -122.3893255, 47.675757 ] } },
{ "type": "Feature", "properties": { "PermitNum": "6501595-DM", "HousingUnitsRemoved": "0", "IssuedDate": "2016-03-29", "Latitude": 47.67471626, "Longitude": -122.38055845, "Location1": "(47.67471626, -122.38055845)" }, "geometry": { "type": "Point", "coordinates": [ -122.3805584, 47.6747163 ] } },
{ "type": "Feature", "properties": { "PermitNum": "6492443-DM", "HousingUnitsRemoved": "1", "IssuedDate": "2016-06-10", "Latitude": 47.61889104, "Longitude": -122.30507666, "Location1": "(47.61889104, -122.30507666)" }, "geometry": { "type": "Point", "coordinates": [ -122.3050767, 47.618891 ] } },
{ "type": "Feature", "properties": { "PermitNum": "6492863-DM", "HousingUnitsRemoved": "2", "IssuedDate": "2016-09-08", "Latitude": 47.65237112, "Longitude": -122.35157456, "Location1": "(47.65237112, -122.35157456)" }, "geometry": { "type": "Point", "coordinates": [ -122.3515746, 47.6523711 ] } },
{ "type": "Feature", "properties": { "PermitNum": "6493105-DM", "HousingUnitsRemoved": "2", "IssuedDate": "2016-03-21", "Latitude": 47.65217248, "Longitude": -122.35174298, "Location1": "(47.65217248, -122.35174298)" }, "geometry": { "type": "Point", "coordinates": [ -122.351743, 47.6521725 ] } },
{ "type": "Feature", "properties": { "PermitNum": "6494519-DM", "HousingUnitsRemoved": "0", "IssuedDate": "2016-05-04", "Latitude": 47.65847044, "Longitude": -122.3507979, "Location1": "(47.65847044, -122.3507979)" }, "geometry": { "type": "Point", "coordinates": [ -122.3507979, 47.6584704 ] } },
{ "type": "Feature", "properties": { "PermitNum": "6496145-DM", "HousingUnitsRemoved": "1", "IssuedDate": "2016-04-09", "Latitude": 47.61125521, "Longitude": -122.31522879000001, "Location1": "(47.61125521, -122.31522879)" }, "geometry": { "type": "Point", "coordinates": [ -122.3152288, 47.6112552 ] } },
{ "type": "Feature", "properties": { "PermitNum": "6539898-DM", "HousingUnitsRemoved": "0", "IssuedDate": "2016-10-25", "Latitude": 47.55253186, "Longitude": -122.26102962, "Location1": "(47.55253186, -122.26102962)" }, "geometry": { "type": "Point", "coordinates": [ -122.2610296, 47.5525319 ] } },
{ "type": "Feature", "properties": { "PermitNum": "6541445-DM", "HousingUnitsRemoved": "1", "IssuedDate": "2017-01-05", "Latitude": 47.67506194, "Longitude": -122.39326386, "Location1": "(47.67506194, -122.39326386)" }, "geometry": { "type": "Point", "coordinates": [ -122.3932639, 47.6750619 ] } },
{ "type": "Feature", "properties": { "PermitNum": "6543267-DM", "HousingUnitsRemoved": "0", "IssuedDate": "2016-12-13", "Latitude": 47.5378447, "Longitude": -122.26282189, "Location1": "(47.5378447, -122.26282189)" }, "geometry": { "type": "Point", "coordinates": [ -122.2628219, 47.5378447 ] } },
{ "type": "Feature", "properties": { "PermitNum": "6543268-DM", "HousingUnitsRemoved": "1", "IssuedDate": "2016-09-19", "Latitude": 47.62573495, "Longitude": -122.31960886, "Location1": "(47.62573495, -122.31960886)" }, "geometry": { "type": "Point", "coordinates": [ -122.3196089, 47.625735 ] } },
{ "type": "Feature", "properties": { "PermitNum": "6635242-DM", "HousingUnitsRemoved": "1", "IssuedDate": "2018-12-07", "Latitude": 47.56414484, "Longitude": -122.38580377, "Location1": "(47.56414484, -122.38580377)" }, "geometry": { "type": "Point", "coordinates": [ -122.3858038, 47.5641448 ] } },
{ "type": "Feature", "properties": { "PermitNum": "6635694-DM", "HousingUnitsRemoved": "1", "IssuedDate": "2019-02-06", "Latitude": 47.63647459, "Longitude": -122.38818825, "Location1": "(47.63647459, -122.38818825)" }, "geometry": { "type": "Point", "coordinates": [ -122.3881882, 47.6364746 ] } },
{ "type": "Feature", "properties": { "PermitNum": "6637790-DM", "HousingUnitsRemoved": "1", "IssuedDate": "2018-07-12", "Latitude": 47.61092791, "Longitude": -122.31382482, "Location1": "(47.61092791, -122.31382482)" }, "geometry": { "type": "Point", "coordinates": [ -122.3138248, 47.6109279 ] } },
{ "type": "Feature", "properties": { "PermitNum": "6639487-DM", "HousingUnitsRemoved": "1", "IssuedDate": "2019-12-27", "Latitude": 47.52628519, "Longitude": -122.31906587, "Location1": "(47.52628519, -122.31906587)" }, "geometry": { "type": "Point", "coordinates": [ -122.3190659, 47.5262852 ] } },
{ "type": "Feature", "properties": { "PermitNum": "6463453-DM", "HousingUnitsRemoved": "1", "IssuedDate": "2016-03-28", "Latitude": 47.56998154, "Longitude": -122.35861696000001, "Location1": "(47.56998154, -122.35861696)" }, "geometry": { "type": "Point", "coordinates": [ -122.358617, 47.5699815 ] } },
{ "type": "Feature", "properties": { "PermitNum": "6464928-DM", "HousingUnitsRemoved": "0", "IssuedDate": "2016-02-19", "Latitude": 47.66609032, "Longitude": -122.28125843, "Location1": "(47.66609032, -122.28125843)" }, "geometry": { "type": "Point", "coordinates": [ -122.2812584, 47.6660903 ] } },
{ "type": "Feature", "properties": { "PermitNum": "6505744-DM", "HousingUnitsRemoved": "1", "IssuedDate": "2016-02-05", "Latitude": 47.51635042, "Longitude": -122.38284234, "Location1": "(47.51635042, -122.38284234)" }, "geometry": { "type": "Point", "coordinates": [ -122.3828423, 47.5163504 ] } },
{ "type": "Feature", "properties": { "PermitNum": "6506608-DM", "HousingUnitsRemoved": "1", "IssuedDate": "2016-01-26", "Latitude": 47.66380541, "Longitude": -122.27552034, "Location1": "(47.66380541, -122.27552034)" }, "geometry": { "type": "Point", "coordinates": [ -122.2755203, 47.6638054 ] } },
{ "type": "Feature", "properties": { "PermitNum": "6507388-DM", "HousingUnitsRemoved": "0", "IssuedDate": "2016-06-07", "Latitude": 47.57037367, "Longitude": -122.28700222000001, "Location1": "(47.57037367, -122.28700222)" }, "geometry": { "type": "Point", "coordinates": [ -122.2870022, 47.5703737 ] } },
{ "type": "Feature", "properties": { "PermitNum": "6509037-DM", "HousingUnitsRemoved": "4", "IssuedDate": "2016-08-08", "Latitude": 47.61683922, "Longitude": -122.30034367, "Location1": "(47.61683922, -122.30034367)" }, "geometry": { "type": "Point", "coordinates": [ -122.3003437, 47.6168392 ] } },
{ "type": "Feature", "properties": { "PermitNum": "6509303-DM", "HousingUnitsRemoved": "1", "IssuedDate": "2016-04-08", "Latitude": 47.66573588, "Longitude": -122.27630401, "Location1": "(47.66573588, -122.27630401)" }, "geometry": { "type": "Point", "coordinates": [ -122.276304, 47.6657359 ] } },
{ "type": "Feature", "properties": { "PermitNum": "6509352-DM", "HousingUnitsRemoved": "0", "IssuedDate": "2016-02-01", "Latitude": 47.68785299, "Longitude": -122.34805902, "Location1": "(47.68785299, -122.34805902)" }, "geometry": { "type": "Point", "coordinates": [ -122.348059, 47.687853 ] } },
{ "type": "Feature", "properties": { "PermitNum": "6511329-DM", "HousingUnitsRemoved": "1", "IssuedDate": "2016-04-04", "Latitude": 47.67635202, "Longitude": -122.40202177, "Location1": "(47.67635202, -122.40202177)" }, "geometry": { "type": "Point", "coordinates": [ -122.4020218, 47.676352 ] } },
{ "type": "Feature", "properties": { "PermitNum": "6552805-DM", "HousingUnitsRemoved": "1", "IssuedDate": "2017-01-03", "Latitude": 47.65490273, "Longitude": -122.32763319, "Location1": "(47.65490273, -122.32763319)" }, "geometry": { "type": "Point", "coordinates": [ -122.3276332, 47.6549027 ] } },
{ "type": "Feature", "properties": { "PermitNum": "6553329-DM", "HousingUnitsRemoved": "1", "IssuedDate": "2017-02-01", "Latitude": 47.60025245, "Longitude": -122.30533992, "Location1": "(47.60025245, -122.30533992)" }, "geometry": { "type": "Point", "coordinates": [ -122.3053399, 47.6002524 ] } },
{ "type": "Feature", "properties": { "PermitNum": "6553547-DM", "HousingUnitsRemoved": "1", "IssuedDate": "2016-08-26", "Latitude": 47.67366381, "Longitude": -122.38910416, "Location1": "(47.67366381, -122.38910416)" }, "geometry": { "type": "Point", "coordinates": [ -122.3891042, 47.6736638 ] } },
{ "type": "Feature", "properties": { "PermitNum": "6553623-DM", "HousingUnitsRemoved": "5", "IssuedDate": "2017-06-14", "Latitude": 47.55466746, "Longitude": -122.28039942, "Location1": "(47.55466746, -122.28039942)" }, "geometry": { "type": "Point", "coordinates": [ -122.2803994, 47.5546675 ] } },
{ "type": "Feature", "properties": { "PermitNum": "6556461-DM", "HousingUnitsRemoved": "0", "IssuedDate": "2016-10-28", "Latitude": 47.54302642, "Longitude": -122.2829433, "Location1": "(47.54302642, -122.2829433)" }, "geometry": { "type": "Point", "coordinates": [ -122.2829433, 47.5430264 ] } },
{ "type": "Feature", "properties": { "PermitNum": "6597566-DM", "HousingUnitsRemoved": "0", "IssuedDate": "2017-08-21", "Latitude": 47.69255086, "Longitude": -122.35376488, "Location1": "(47.69255086, -122.35376488)" }, "geometry": { "type": "Point", "coordinates": [ -122.3537649, 47.6925509 ] } },
{ "type": "Feature", "properties": { "PermitNum": "6598008-DM", "HousingUnitsRemoved": "1", "IssuedDate": "2017-09-29", "Latitude": 47.6622766, "Longitude": -122.35380273, "Location1": "(47.6622766, -122.35380273)" }, "geometry": { "type": "Point", "coordinates": [ -122.3538027, 47.6622766 ] } },
{ "type": "Feature", "properties": { "PermitNum": "6598345-DM", "HousingUnitsRemoved": "1", "IssuedDate": "2018-10-15", "Latitude": 47.66540556, "Longitude": -122.40815123, "Location1": "(47.66540556, -122.40815123)" }, "geometry": { "type": "Point", "coordinates": [ -122.4081512, 47.6654056 ] } },
{ "type": "Feature", "properties": { "PermitNum": "6600666-DM", "HousingUnitsRemoved": "1", "IssuedDate": "2017-09-29", "Latitude": 47.69121191, "Longitude": -122.3378151, "Location1": "(47.69121191, -122.3378151)" }, "geometry": { "type": "Point", "coordinates": [ -122.3378151, 47.6912119 ] } },
{ "type": "Feature", "properties": { "PermitNum": "6601260-DM", "HousingUnitsRemoved": "1", "IssuedDate": "2018-01-03", "Latitude": 47.66876206, "Longitude": -122.26474959, "Location1": "(47.66876206, -122.26474959)" }, "geometry": { "type": "Point", "coordinates": [ -122.2647496, 47.6687621 ] } },
{ "type": "Feature", "properties": { "PermitNum": "6645467-DM", "HousingUnitsRemoved": "1", "IssuedDate": "2018-11-27", "Latitude": 47.68138067, "Longitude": -122.32305822, "Location1": "(47.68138067, -122.32305822)" }, "geometry": { "type": "Point", "coordinates": [ -122.3230582, 47.6813807 ] } },
{ "type": "Feature", "properties": { "PermitNum": "6500978-DM", "HousingUnitsRemoved": "1", "IssuedDate": "2016-06-14", "Latitude": 47.64080412, "Longitude": -122.33006926, "Location1": "(47.64080412, -122.33006926)" }, "geometry": { "type": "Point", "coordinates": [ -122.3300693, 47.6408041 ] } },
{ "type": "Feature", "properties": { "PermitNum": "6548729-DM", "HousingUnitsRemoved": "2", "IssuedDate": "2017-01-05", "Latitude": 47.67363502, "Longitude": -122.38952724000001, "Location1": "(47.67363502, -122.38952724)" }, "geometry": { "type": "Point", "coordinates": [ -122.3895272, 47.673635 ] } },
{ "type": "Feature", "properties": { "PermitNum": "6549630-DM", "HousingUnitsRemoved": "1", "IssuedDate": "2016-11-18", "Latitude": 47.66002942, "Longitude": -122.33060278000001, "Location1": "(47.66002942, -122.33060278)" }, "geometry": { "type": "Point", "coordinates": [ -122.3306028, 47.6600294 ] } },
{ "type": "Feature", "properties": { "PermitNum": "6551718-DM", "HousingUnitsRemoved": "1", "IssuedDate": "2016-11-22", "Latitude": 47.68382369, "Longitude": -122.3573472, "Location1": "(47.68382369, -122.3573472)" }, "geometry": { "type": "Point", "coordinates": [ -122.3573472, 47.6838237 ] } },
{ "type": "Feature", "properties": { "PermitNum": "6551823-DM", "HousingUnitsRemoved": "1", "IssuedDate": "2016-09-08", "Latitude": 47.68078845, "Longitude": -122.34529257, "Location1": "(47.68078845, -122.34529257)" }, "geometry": { "type": "Point", "coordinates": [ -122.3452926, 47.6807885 ] } },
{ "type": "Feature", "properties": { "PermitNum": "6591760-DM", "HousingUnitsRemoved": "1", "IssuedDate": "2018-01-29", "Latitude": 47.65587149, "Longitude": -122.28612026, "Location1": "(47.65587149, -122.28612026)" }, "geometry": { "type": "Point", "coordinates": [ -122.2861203, 47.6558715 ] } },
{ "type": "Feature", "properties": { "PermitNum": "6592964-DM", "HousingUnitsRemoved": "1", "IssuedDate": "2017-12-21", "Latitude": 47.54825954, "Longitude": -122.28764376, "Location1": "(47.54825954, -122.28764376)" }, "geometry": { "type": "Point", "coordinates": [ -122.2876438, 47.5482595 ] } },
{ "type": "Feature", "properties": { "PermitNum": "6595661-DM", "HousingUnitsRemoved": "1", "IssuedDate": "2018-01-03", "Latitude": 47.69071409, "Longitude": -122.33536703, "Location1": "(47.69071409, -122.33536703)" }, "geometry": { "type": "Point", "coordinates": [ -122.335367, 47.6907141 ] } },
{ "type": "Feature", "properties": { "PermitNum": "6596370-DM", "HousingUnitsRemoved": "1", "IssuedDate": "2017-09-08", "Latitude": 47.65854858, "Longitude": -122.35521473, "Location1": "(47.65854858, -122.35521473)" }, "geometry": { "type": "Point", "coordinates": [ -122.3552147, 47.6585486 ] } },
{ "type": "Feature", "properties": { "PermitNum": "6640097-DM", "HousingUnitsRemoved": "7", "IssuedDate": "2019-03-21", "Latitude": 47.6904875, "Longitude": -122.37378457, "Location1": "(47.6904875, -122.37378457)" }, "geometry": { "type": "Point", "coordinates": [ -122.3737846, 47.6904875 ] } },
{ "type": "Feature", "properties": { "PermitNum": "6642091-DM", "HousingUnitsRemoved": "1", "IssuedDate": "2019-03-01", "Latitude": 47.52825725, "Longitude": -122.27860516, "Location1": "(47.52825725, -122.27860516)" }, "geometry": { "type": "Point", "coordinates": [ -122.2786052, 47.5282573 ] } },
{ "type": "Feature", "properties": { "PermitNum": "6643242-DM", "HousingUnitsRemoved": "1", "IssuedDate": "2018-02-01", "Latitude": 47.6403525, "Longitude": -122.37522983, "Location1": "(47.6403525, -122.37522983)" }, "geometry": { "type": "Point", "coordinates": [ -122.3752298, 47.6403525 ] } },
{ "type": "Feature", "properties": { "PermitNum": "6643317-DM", "HousingUnitsRemoved": "1", "IssuedDate": "2018-09-25", "Latitude": 47.62218501, "Longitude": -122.31870988, "Location1": "(47.62218501, -122.31870988)" }, "geometry": { "type": "Point", "coordinates": [ -122.3187099, 47.622185 ] } },
{ "type": "Feature", "properties": { "PermitNum": "6431566-DM", "HousingUnitsRemoved": "1", "IssuedDate": "2016-11-23", "Latitude": 47.63945862, "Longitude": -122.36929512, "Location1": "(47.63945862, -122.36929512)" }, "geometry": { "type": "Point", "coordinates": [ -122.3692951, 47.6394586 ] } },
{ "type": "Feature", "properties": { "PermitNum": "6431568-DM", "HousingUnitsRemoved": "1", "IssuedDate": "2016-11-23", "Latitude": 47.63945862, "Longitude": -122.36929512, "Location1": "(47.63945862, -122.36929512)" }, "geometry": { "type": "Point", "coordinates": [ -122.3692951, 47.6394586 ] } },
{ "type": "Feature", "properties": { "PermitNum": "6435778-DM", "HousingUnitsRemoved": "1", "IssuedDate": "2016-03-14", "Latitude": 47.67400469, "Longitude": -122.37847892000001, "Location1": "(47.67400469, -122.37847892)" }, "geometry": { "type": "Point", "coordinates": [ -122.3784789, 47.6740047 ] } },
{ "type": "Feature", "properties": { "PermitNum": "6480480-DM", "HousingUnitsRemoved": "0", "IssuedDate": "2016-06-02", "Latitude": 47.70865803, "Longitude": -122.28228149, "Location1": "(47.70865803, -122.28228149)" }, "geometry": { "type": "Point", "coordinates": [ -122.2822815, 47.708658 ] } },
{ "type": "Feature", "properties": { "PermitNum": "6480798-DM", "HousingUnitsRemoved": "1", "IssuedDate": "2016-03-10", "Latitude": 47.71108388, "Longitude": -122.30779321, "Location1": "(47.71108388, -122.30779321)" }, "geometry": { "type": "Point", "coordinates": [ -122.3077932, 47.7110839 ] } },
{ "type": "Feature", "properties": { "PermitNum": "6528233-DM", "HousingUnitsRemoved": "1", "IssuedDate": "2016-06-21", "Latitude": 47.68686383, "Longitude": -122.29333405, "Location1": "(47.68686383, -122.29333405)" }, "geometry": { "type": "Point", "coordinates": [ -122.293334, 47.6868638 ] } },
{ "type": "Feature", "properties": { "PermitNum": "6528386-DM", "HousingUnitsRemoved": "1", "IssuedDate": "2016-09-02", "Latitude": 47.66029638, "Longitude": -122.39957335, "Location1": "(47.66029638, -122.39957335)" }, "geometry": { "type": "Point", "coordinates": [ -122.3995733, 47.6602964 ] } },
{ "type": "Feature", "properties": { "PermitNum": "6529348-DM", "HousingUnitsRemoved": "2", "IssuedDate": "2016-12-22", "Latitude": 47.69390727, "Longitude": -122.35422668, "Location1": "(47.69390727, -122.35422668)" }, "geometry": { "type": "Point", "coordinates": [ -122.3542267, 47.6939073 ] } },
{ "type": "Feature", "properties": { "PermitNum": "6529754-DM", "HousingUnitsRemoved": "0", "IssuedDate": "2016-05-04", "Latitude": 47.62277677, "Longitude": -122.3233439, "Location1": "(47.62277677, -122.3233439)" }, "geometry": { "type": "Point", "coordinates": [ -122.3233439, 47.6227768 ] } },
{ "type": "Feature", "properties": { "PermitNum": "6531313-DM", "HousingUnitsRemoved": "1", "IssuedDate": "2016-05-11", "Latitude": 47.67747259, "Longitude": -122.32617145, "Location1": "(47.67747259, -122.32617145)" }, "geometry": { "type": "Point", "coordinates": [ -122.3261715, 47.6774726 ] } },
{ "type": "Feature", "properties": { "PermitNum": "6658790-DM", "HousingUnitsRemoved": "1", "IssuedDate": "2019-07-05", "Latitude": 47.54454989, "Longitude": -122.38555876, "Location1": "(47.54454989, -122.38555876)" }, "geometry": { "type": "Point", "coordinates": [ -122.3855588, 47.5445499 ] } },
{ "type": "Feature", "properties": { "PermitNum": "6666569-DM", "HousingUnitsRemoved": "", "IssuedDate": "2019-04-04", "Latitude": 47.51806893, "Longitude": -122.37725762, "Location1": "(47.51806893, -122.37725762)" }, "geometry": { "type": "Point", "coordinates": [ -122.3772576, 47.5180689 ] } },
{ "type": "Feature", "properties": { "PermitNum": "6402050-DM", "HousingUnitsRemoved": "1", "IssuedDate": "2018-01-30", "Latitude": 47.65385195, "Longitude": -122.35871656, "Location1": "(47.65385195, -122.35871656)" }, "geometry": { "type": "Point", "coordinates": [ -122.3587166, 47.653852 ] } },
{ "type": "Feature", "properties": { "PermitNum": "6495657-DM", "HousingUnitsRemoved": "1", "IssuedDate": "2016-07-12", "Latitude": 47.72584187, "Longitude": -122.32909583, "Location1": "(47.72584187, -122.32909583)" }, "geometry": { "type": "Point", "coordinates": [ -122.3290958, 47.7258419 ] } },
{ "type": "Feature", "properties": { "PermitNum": "6497131-DM", "HousingUnitsRemoved": "3", "IssuedDate": "2016-01-05", "Latitude": 47.67635075, "Longitude": -122.31460708, "Location1": "(47.67635075, -122.31460708)" }, "geometry": { "type": "Point", "coordinates": [ -122.3146071, 47.6763507 ] } },
{ "type": "Feature", "properties": { "PermitNum": "6497793-DM", "HousingUnitsRemoved": "1", "IssuedDate": "2016-02-03", "Latitude": 47.68846731, "Longitude": -122.27636347000001, "Location1": "(47.68846731, -122.27636347)" }, "geometry": { "type": "Point", "coordinates": [ -122.2763635, 47.6884673 ] } },
{ "type": "Feature", "properties": { "PermitNum": "6498241-DM", "HousingUnitsRemoved": "1", "IssuedDate": "2016-06-27", "Latitude": 47.68991591, "Longitude": -122.37498953, "Location1": "(47.68991591, -122.37498953)" }, "geometry": { "type": "Point", "coordinates": [ -122.3749895, 47.6899159 ] } },
{ "type": "Feature", "properties": { "PermitNum": "6499090-DM", "HousingUnitsRemoved": "0", "IssuedDate": "2016-02-04", "Latitude": 47.67325241, "Longitude": -122.38371499, "Location1": "(47.67325241, -122.38371499)" }, "geometry": { "type": "Point", "coordinates": [ -122.383715, 47.6732524 ] } },
{ "type": "Feature", "properties": { "PermitNum": "6499929-DM", "HousingUnitsRemoved": "0", "IssuedDate": "2017-01-11", "Latitude": 47.62148685, "Longitude": -122.32704375, "Location1": "(47.62148685, -122.32704375)" }, "geometry": { "type": "Point", "coordinates": [ -122.3270438, 47.6214868 ] } },
{ "type": "Feature", "properties": { "PermitNum": "6499993-DM", "HousingUnitsRemoved": "0", "IssuedDate": "2016-06-17", "Latitude": 47.64865049, "Longitude": -122.37696782, "Location1": "(47.64865049, -122.37696782)" }, "geometry": { "type": "Point", "coordinates": [ -122.3769678, 47.6486505 ] } },
{ "type": "Feature", "properties": { "PermitNum": "6541675-DM", "HousingUnitsRemoved": "0", "IssuedDate": "2016-11-18", "Latitude": 47.68138575, "Longitude": -122.26986017, "Location1": "(47.68138575, -122.26986017)" }, "geometry": { "type": "Point", "coordinates": [ -122.2698602, 47.6813857 ] } },
{ "type": "Feature", "properties": { "PermitNum": "6542932-DM", "HousingUnitsRemoved": "1", "IssuedDate": "2016-07-28", "Latitude": 47.6559887, "Longitude": -122.35144576, "Location1": "(47.6559887, -122.35144576)" }, "geometry": { "type": "Point", "coordinates": [ -122.3514458, 47.6559887 ] } },
{ "type": "Feature", "properties": { "PermitNum": "6544748-DM", "HousingUnitsRemoved": "1", "IssuedDate": "2016-09-20", "Latitude": 47.6529861, "Longitude": -122.40202842, "Location1": "(47.6529861, -122.40202842)" }, "geometry": { "type": "Point", "coordinates": [ -122.4020284, 47.6529861 ] } },
{ "type": "Feature", "properties": { "PermitNum": "6544806-DM", "HousingUnitsRemoved": "1", "IssuedDate": "2016-12-01", "Latitude": 47.69621907, "Longitude": -122.36286678, "Location1": "(47.69621907, -122.36286678)" }, "geometry": { "type": "Point", "coordinates": [ -122.3628668, 47.6962191 ] } },
{ "type": "Feature", "properties": { "PermitNum": "6545414-DM", "HousingUnitsRemoved": "2", "IssuedDate": "2017-07-23", "Latitude": 47.61822608, "Longitude": -122.32299348, "Location1": "(47.61822608, -122.32299348)" }, "geometry": { "type": "Point", "coordinates": [ -122.3229935, 47.6182261 ] } },
{ "type": "Feature", "properties": { "PermitNum": "6546395-DM", "HousingUnitsRemoved": "0", "IssuedDate": "2016-11-02", "Latitude": 47.55354385, "Longitude": -122.35745043, "Location1": "(47.55354385, -122.35745043)" }, "geometry": { "type": "Point", "coordinates": [ -122.3574504, 47.5535438 ] } },
{ "type": "Feature", "properties": { "PermitNum": "6634187-DM", "HousingUnitsRemoved": "0", "IssuedDate": "2018-06-28", "Latitude": 47.59952485, "Longitude": -122.30268552, "Location1": "(47.59952485, -122.30268552)" }, "geometry": { "type": "Point", "coordinates": [ -122.3026855, 47.5995249 ] } },
{ "type": "Feature", "properties": { "PermitNum": "6635244-DM", "HousingUnitsRemoved": "1", "IssuedDate": "2018-12-07", "Latitude": 47.56414484, "Longitude": -122.38580377, "Location1": "(47.56414484, -122.38580377)" }, "geometry": { "type": "Point", "coordinates": [ -122.3858038, 47.5641448 ] } },
{ "type": "Feature", "properties": { "PermitNum": "6636403-DM", "HousingUnitsRemoved": "1", "IssuedDate": "2018-06-14", "Latitude": 47.63823889, "Longitude": -122.28451644, "Location1": "(47.63823889, -122.28451644)" }, "geometry": { "type": "Point", "coordinates": [ -122.2845164, 47.6382389 ] } },
{ "type": "Feature", "properties": { "PermitNum": "6636599-DM", "HousingUnitsRemoved": "0", "IssuedDate": "2018-09-18", "Latitude": 47.59888147, "Longitude": -122.31494889, "Location1": "(47.59888147, -122.31494889)" }, "geometry": { "type": "Point", "coordinates": [ -122.3149489, 47.5988815 ] } },
{ "type": "Feature", "properties": { "PermitNum": "6638606-DM", "HousingUnitsRemoved": "30", "IssuedDate": "2018-01-05", "Latitude": 47.71027756, "Longitude": -122.33365694, "Location1": "(47.71027756, -122.33365694)" }, "geometry": { "type": "Point", "coordinates": [ -122.3336569, 47.7102776 ] } },
{ "type": "Feature", "properties": { "PermitNum": "6388257-DM", "HousingUnitsRemoved": "0", "IssuedDate": "2017-02-09", "Latitude": 47.58659662, "Longitude": -122.39700819, "Location1": "(47.58659662, -122.39700819)" }, "geometry": { "type": "Point", "coordinates": [ -122.3970082, 47.5865966 ] } },
{ "type": "Feature", "properties": { "PermitNum": "6537693-DM", "HousingUnitsRemoved": "1", "IssuedDate": "2016-08-06", "Latitude": 47.53815389, "Longitude": -122.27151312, "Location1": "(47.53815389, -122.27151312)" }, "geometry": { "type": "Point", "coordinates": [ -122.2715131, 47.5381539 ] } },
{ "type": "Feature", "properties": { "PermitNum": "6537791-DM", "HousingUnitsRemoved": "1", "IssuedDate": "2016-11-08", "Latitude": 47.56611217, "Longitude": -122.27293102, "Location1": "(47.56611217, -122.27293102)" }, "geometry": { "type": "Point", "coordinates": [ -122.272931, 47.5661122 ] } },
{ "type": "Feature", "properties": { "PermitNum": "6539105-DM", "HousingUnitsRemoved": "1", "IssuedDate": "2016-08-25", "Latitude": 47.67796341, "Longitude": -122.27261108, "Location1": "(47.67796341, -122.27261108)" }, "geometry": { "type": "Point", "coordinates": [ -122.2726111, 47.6779634 ] } },
{ "type": "Feature", "properties": { "PermitNum": "6539378-DM", "HousingUnitsRemoved": "1", "IssuedDate": "2016-08-17", "Latitude": 47.6837575, "Longitude": -122.31291775, "Location1": "(47.6837575, -122.31291775)" }, "geometry": { "type": "Point", "coordinates": [ -122.3129177, 47.6837575 ] } },
{ "type": "Feature", "properties": { "PermitNum": "6539390-DM", "HousingUnitsRemoved": "1", "IssuedDate": "2016-08-19", "Latitude": 47.53417342, "Longitude": -122.35071545, "Location1": "(47.53417342, -122.35071545)" }, "geometry": { "type": "Point", "coordinates": [ -122.3507154, 47.5341734 ] } },
{ "type": "Feature", "properties": { "PermitNum": "6539471-DM", "HousingUnitsRemoved": "0", "IssuedDate": "2016-09-02", "Latitude": 47.55594847, "Longitude": -122.30479457, "Location1": "(47.55594847, -122.30479457)" }, "geometry": { "type": "Point", "coordinates": [ -122.3047946, 47.5559485 ] } },
{ "type": "Feature", "properties": { "PermitNum": "6540739-DM", "HousingUnitsRemoved": "1", "IssuedDate": "2016-12-17", "Latitude": 47.62468199, "Longitude": -122.31446244, "Location1": "(47.62468199, -122.31446244)" }, "geometry": { "type": "Point", "coordinates": [ -122.3144624, 47.624682 ] } },
{ "type": "Feature", "properties": { "PermitNum": "6584125-DM", "HousingUnitsRemoved": "1", "IssuedDate": "2017-11-25", "Latitude": 47.66256924, "Longitude": -122.34026061, "Location1": "(47.66256924, -122.34026061)" }, "geometry": { "type": "Point", "coordinates": [ -122.3402606, 47.6625692 ] } },
{ "type": "Feature", "properties": { "PermitNum": "6584584-DM", "HousingUnitsRemoved": "1", "IssuedDate": "2017-03-06", "Latitude": 47.54182813, "Longitude": -122.3230828, "Location1": "(47.54182813, -122.3230828)" }, "geometry": { "type": "Point", "coordinates": [ -122.3230828, 47.5418281 ] } },
{ "type": "Feature", "properties": { "PermitNum": "6626061-DM", "HousingUnitsRemoved": "0", "IssuedDate": "2018-09-04", "Latitude": 47.68147204, "Longitude": -122.32308869000001, "Location1": "(47.68147204, -122.32308869)" }, "geometry": { "type": "Point", "coordinates": [ -122.3230887, 47.681472 ] } },
{ "type": "Feature", "properties": { "PermitNum": "6629192-DM", "HousingUnitsRemoved": "1", "IssuedDate": "2018-05-31", "Latitude": 47.69180112, "Longitude": -122.37709303, "Location1": "(47.69180112, -122.37709303)" }, "geometry": { "type": "Point", "coordinates": [ -122.377093, 47.6918011 ] } },
{ "type": "Feature", "properties": { "PermitNum": "6631144-DM", "HousingUnitsRemoved": "2", "IssuedDate": "2018-09-07", "Latitude": 47.6829776, "Longitude": -122.3288527, "Location1": "(47.6829776, -122.3288527)" }, "geometry": { "type": "Point", "coordinates": [ -122.3288527, 47.6829776 ] } },
{ "type": "Feature", "properties": { "PermitNum": "6470429-DM", "HousingUnitsRemoved": "", "IssuedDate": "2016-02-01", "Latitude": 47.54828516, "Longitude": -122.39821763, "Location1": "(47.54828516, -122.39821763)" }, "geometry": { "type": "Point", "coordinates": [ -122.3982176, 47.5482852 ] } },
{ "type": "Feature", "properties": { "PermitNum": "6470904-DM", "HousingUnitsRemoved": "1", "IssuedDate": "2016-05-04", "Latitude": 47.58452961, "Longitude": -122.37556185, "Location1": "(47.58452961, -122.37556185)" }, "geometry": { "type": "Point", "coordinates": [ -122.3755618, 47.5845296 ] } },
{ "type": "Feature", "properties": { "PermitNum": "6516600-DM", "HousingUnitsRemoved": "1", "IssuedDate": "2016-07-06", "Latitude": 47.53905557, "Longitude": -122.37150381, "Location1": "(47.53905557, -122.37150381)" }, "geometry": { "type": "Point", "coordinates": [ -122.3715038, 47.5390556 ] } },
{ "type": "Feature", "properties": { "PermitNum": "6519076-DM", "HousingUnitsRemoved": "", "IssuedDate": "2016-07-10", "Latitude": 47.65921547, "Longitude": -122.39370237, "Location1": "(47.65921547, -122.39370237)" }, "geometry": { "type": "Point", "coordinates": [ -122.3937024, 47.6592155 ] } },
{ "type": "Feature", "properties": { "PermitNum": "6519982-DM", "HousingUnitsRemoved": "0", "IssuedDate": "2016-09-14", "Latitude": 47.543365, "Longitude": -122.32122065, "Location1": "(47.543365, -122.32122065)" }, "geometry": { "type": "Point", "coordinates": [ -122.3212207, 47.543365 ] } },
{ "type": "Feature", "properties": { "PermitNum": "6520601-DM", "HousingUnitsRemoved": "1", "IssuedDate": "2016-06-27", "Latitude": 47.67872571, "Longitude": -122.26738708000001, "Location1": "(47.67872571, -122.26738708)" }, "geometry": { "type": "Point", "coordinates": [ -122.2673871, 47.6787257 ] } },
{ "type": "Feature", "properties": { "PermitNum": "6563030-DM", "HousingUnitsRemoved": "1", "IssuedDate": "2017-02-27", "Latitude": 47.69195688, "Longitude": -122.3085637, "Location1": "(47.69195688, -122.3085637)" }, "geometry": { "type": "Point", "coordinates": [ -122.3085637, 47.6919569 ] } },
{ "type": "Feature", "properties": { "PermitNum": "6565742-DM", "HousingUnitsRemoved": "1", "IssuedDate": "2016-12-19", "Latitude": 47.70990316, "Longitude": -122.35710992, "Location1": "(47.70990316, -122.35710992)" }, "geometry": { "type": "Point", "coordinates": [ -122.3571099, 47.7099032 ] } },
{ "type": "Feature", "properties": { "PermitNum": "6567245-DM", "HousingUnitsRemoved": "1", "IssuedDate": "2017-04-06", "Latitude": 47.67267756, "Longitude": -122.38912064, "Location1": "(47.67267756, -122.38912064)" }, "geometry": { "type": "Point", "coordinates": [ -122.3891206, 47.6726776 ] } },
{ "type": "Feature", "properties": { "PermitNum": "6567721-DM", "HousingUnitsRemoved": "1", "IssuedDate": "2017-01-27", "Latitude": 47.6696687, "Longitude": -122.2813309, "Location1": "(47.6696687, -122.2813309)" }, "geometry": { "type": "Point", "coordinates": [ -122.2813309, 47.6696687 ] } },
{ "type": "Feature", "properties": { "PermitNum": "6484823-DM", "HousingUnitsRemoved": "1", "IssuedDate": "2016-07-15", "Latitude": 47.71648746, "Longitude": -122.29307018, "Location1": "(47.71648746, -122.29307018)" }, "geometry": { "type": "Point", "coordinates": [ -122.2930702, 47.7164875 ] } },
{ "type": "Feature", "properties": { "PermitNum": "6488476-DM", "HousingUnitsRemoved": "2", "IssuedDate": "2016-06-23", "Latitude": 47.6306756, "Longitude": -122.34727215, "Location1": "(47.6306756, -122.34727215)" }, "geometry": { "type": "Point", "coordinates": [ -122.3472721, 47.6306756 ] } },
{ "type": "Feature", "properties": { "PermitNum": "6529737-DM", "HousingUnitsRemoved": "1", "IssuedDate": "2016-10-04", "Latitude": 47.60323023, "Longitude": -122.30681728, "Location1": "(47.60323023, -122.30681728)" }, "geometry": { "type": "Point", "coordinates": [ -122.3068173, 47.6032302 ] } },
{ "type": "Feature", "properties": { "PermitNum": "6530992-DM", "HousingUnitsRemoved": "1", "IssuedDate": "2016-08-30", "Latitude": 47.64055388, "Longitude": -122.37232759, "Location1": "(47.64055388, -122.37232759)" }, "geometry": { "type": "Point", "coordinates": [ -122.3723276, 47.6405539 ] } },
{ "type": "Feature", "properties": { "PermitNum": "6531282-DM", "HousingUnitsRemoved": "1", "IssuedDate": "2017-01-10", "Latitude": 47.55099247, "Longitude": -122.30594422, "Location1": "(47.55099247, -122.30594422)" }, "geometry": { "type": "Point", "coordinates": [ -122.3059442, 47.5509925 ] } },
{ "type": "Feature", "properties": { "PermitNum": "6534112-DM", "HousingUnitsRemoved": "0", "IssuedDate": "2016-08-04", "Latitude": 47.68138837, "Longitude": -122.3642646, "Location1": "(47.68138837, -122.3642646)" }, "geometry": { "type": "Point", "coordinates": [ -122.3642646, 47.6813884 ] } },
{ "type": "Feature", "properties": { "PermitNum": "6534808-DM", "HousingUnitsRemoved": "0", "IssuedDate": "2018-07-19", "Latitude": 47.56017473, "Longitude": -122.28471988, "Location1": "(47.56017473, -122.28471988)" }, "geometry": { "type": "Point", "coordinates": [ -122.2847199, 47.5601747 ] } },
{ "type": "Feature", "properties": { "PermitNum": "6578562-DM", "HousingUnitsRemoved": "0", "IssuedDate": "2017-09-14", "Latitude": 47.67424698, "Longitude": -122.38498653000001, "Location1": "(47.67424698, -122.38498653)" }, "geometry": { "type": "Point", "coordinates": [ -122.3849865, 47.674247 ] } },
{ "type": "Feature", "properties": { "PermitNum": "6579116-DM", "HousingUnitsRemoved": "1", "IssuedDate": "2017-06-27", "Latitude": 47.52815356, "Longitude": -122.2660981, "Location1": "(47.52815356, -122.2660981)" }, "geometry": { "type": "Point", "coordinates": [ -122.2660981, 47.5281536 ] } },
{ "type": "Feature", "properties": { "PermitNum": "6579121-DM", "HousingUnitsRemoved": "1", "IssuedDate": "2017-09-01", "Latitude": 47.67360364, "Longitude": -122.38055171000001, "Location1": "(47.67360364, -122.38055171)" }, "geometry": { "type": "Point", "coordinates": [ -122.3805517, 47.6736036 ] } },
{ "type": "Feature", "properties": { "PermitNum": "6580544-DM", "HousingUnitsRemoved": "0", "IssuedDate": "2018-02-08", "Latitude": 47.51016262, "Longitude": -122.24273103, "Location1": "(47.51016262, -122.24273103)" }, "geometry": { "type": "Point", "coordinates": [ -122.242731, 47.5101626 ] } },
{ "type": "Feature", "properties": { "PermitNum": "6621731-DM", "HousingUnitsRemoved": "1", "IssuedDate": "2018-06-11", "Latitude": 47.52877516, "Longitude": -122.38826967, "Location1": "(47.52877516, -122.38826967)" }, "geometry": { "type": "Point", "coordinates": [ -122.3882697, 47.5287752 ] } },
{ "type": "Feature", "properties": { "PermitNum": "6622190-DM", "HousingUnitsRemoved": "1", "IssuedDate": "2017-11-13", "Latitude": 47.5522791, "Longitude": -122.3866952, "Location1": "(47.5522791, -122.3866952)" }, "geometry": { "type": "Point", "coordinates": [ -122.3866952, 47.5522791 ] } },
{ "type": "Feature", "properties": { "PermitNum": "6622347-DM", "HousingUnitsRemoved": "1", "IssuedDate": "2020-05-06", "Latitude": 47.54046991, "Longitude": -122.28140967, "Location1": "(47.54046991, -122.28140967)" }, "geometry": { "type": "Point", "coordinates": [ -122.2814097, 47.5404699 ] } },
{ "type": "Feature", "properties": { "PermitNum": "6623412-DM", "HousingUnitsRemoved": "1", "IssuedDate": "2018-08-06", "Latitude": 47.67623325, "Longitude": -122.3546992, "Location1": "(47.67623325, -122.3546992)" }, "geometry": { "type": "Point", "coordinates": [ -122.3546992, 47.6762333 ] } },
{ "type": "Feature", "properties": { "PermitNum": "6624485-DM", "HousingUnitsRemoved": "", "IssuedDate": "2019-06-20", "Latitude": 47.66419286, "Longitude": -122.30219572, "Location1": "(47.66419286, -122.30219572)" }, "geometry": { "type": "Point", "coordinates": [ -122.3021957, 47.6641929 ] } },
{ "type": "Feature", "properties": { "PermitNum": "6510840-DM", "HousingUnitsRemoved": "1", "IssuedDate": "2016-05-23", "Latitude": 47.64482048, "Longitude": -122.40062784, "Location1": "(47.64482048, -122.40062784)" }, "geometry": { "type": "Point", "coordinates": [ -122.4006278, 47.6448205 ] } },
{ "type": "Feature", "properties": { "PermitNum": "6510968-DM", "HousingUnitsRemoved": "1", "IssuedDate": "2016-06-11", "Latitude": 47.61950206, "Longitude": -122.30453357, "Location1": "(47.61950206, -122.30453357)" }, "geometry": { "type": "Point", "coordinates": [ -122.3045336, 47.6195021 ] } },
{ "type": "Feature", "properties": { "PermitNum": "6511674-DM", "HousingUnitsRemoved": "1", "IssuedDate": "2016-05-19", "Latitude": 47.70673146, "Longitude": -122.37998556, "Location1": "(47.70673146, -122.37998556)" }, "geometry": { "type": "Point", "coordinates": [ -122.3799856, 47.7067315 ] } },
{ "type": "Feature", "properties": { "PermitNum": "6513298-DM", "HousingUnitsRemoved": "1", "IssuedDate": "2016-04-06", "Latitude": 47.67028772, "Longitude": -122.30087538, "Location1": "(47.67028772, -122.30087538)" }, "geometry": { "type": "Point", "coordinates": [ -122.3008754, 47.6702877 ] } },
{ "type": "Feature", "properties": { "PermitNum": "6514078-DM", "HousingUnitsRemoved": "1", "IssuedDate": "2016-10-28", "Latitude": 47.66400384, "Longitude": -122.3537777, "Location1": "(47.66400384, -122.3537777)" }, "geometry": { "type": "Point", "coordinates": [ -122.3537777, 47.6640038 ] } },
{ "type": "Feature", "properties": { "PermitNum": "6514624-DM", "HousingUnitsRemoved": "0", "IssuedDate": "2016-06-23", "Latitude": 47.60202215, "Longitude": -122.31473837, "Location1": "(47.60202215, -122.31473837)" }, "geometry": { "type": "Point", "coordinates": [ -122.3147384, 47.6020222 ] } },
{ "type": "Feature", "properties": { "PermitNum": "6478202-DM", "HousingUnitsRemoved": "1", "IssuedDate": "2016-10-10", "Latitude": 47.52932732, "Longitude": -122.38771493, "Location1": "(47.52932732, -122.38771493)" }, "geometry": { "type": "Point", "coordinates": [ -122.3877149, 47.5293273 ] } },
{ "type": "Feature", "properties": { "PermitNum": "6481033-DM", "HousingUnitsRemoved": "1", "IssuedDate": "2016-01-12", "Latitude": 47.65079217, "Longitude": -122.37259131, "Location1": "(47.65079217, -122.37259131)" }, "geometry": { "type": "Point", "coordinates": [ -122.3725913, 47.6507922 ] } },
{ "type": "Feature", "properties": { "PermitNum": "6523412-DM", "HousingUnitsRemoved": "1", "IssuedDate": "2016-03-10", "Latitude": 47.70856596, "Longitude": -122.35204165, "Location1": "(47.70856596, -122.35204165)" }, "geometry": { "type": "Point", "coordinates": [ -122.3520417, 47.708566 ] } },
{ "type": "Feature", "properties": { "PermitNum": "6523913-DM", "HousingUnitsRemoved": "1", "IssuedDate": "2016-09-07", "Latitude": 47.59412179, "Longitude": -122.29297864, "Location1": "(47.59412179, -122.29297864)" }, "geometry": { "type": "Point", "coordinates": [ -122.2929786, 47.5941218 ] } },
{ "type": "Feature", "properties": { "PermitNum": "6525330-DM", "HousingUnitsRemoved": "1", "IssuedDate": "2016-08-12", "Latitude": 47.63173425, "Longitude": -122.35510396, "Location1": "(47.63173425, -122.35510396)" }, "geometry": { "type": "Point", "coordinates": [ -122.355104, 47.6317343 ] } },
{ "type": "Feature", "properties": { "PermitNum": "6525588-DM", "HousingUnitsRemoved": "1", "IssuedDate": "2016-03-23", "Latitude": 47.68804102, "Longitude": -122.32541726, "Location1": "(47.68804102, -122.32541726)" }, "geometry": { "type": "Point", "coordinates": [ -122.3254173, 47.688041 ] } },
{ "type": "Feature", "properties": { "PermitNum": "6525611-DM", "HousingUnitsRemoved": "1", "IssuedDate": "2016-04-28", "Latitude": 47.67325651, "Longitude": -122.38560393, "Location1": "(47.67325651, -122.38560393)" }, "geometry": { "type": "Point", "coordinates": [ -122.3856039, 47.6732565 ] } },
{ "type": "Feature", "properties": { "PermitNum": "6526775-DM", "HousingUnitsRemoved": "2", "IssuedDate": "2016-09-03", "Latitude": 47.66439746, "Longitude": -122.31167358, "Location1": "(47.66439746, -122.31167358)" }, "geometry": { "type": "Point", "coordinates": [ -122.3116736, 47.6643975 ] } },
{ "type": "Feature", "properties": { "PermitNum": "6528224-DM", "HousingUnitsRemoved": "1", "IssuedDate": "2016-10-31", "Latitude": 47.63427133, "Longitude": -122.36937426, "Location1": "(47.63427133, -122.36937426)" }, "geometry": { "type": "Point", "coordinates": [ -122.3693743, 47.6342713 ] } },
{ "type": "Feature", "properties": { "PermitNum": "6571744-DM", "HousingUnitsRemoved": "2", "IssuedDate": "2017-05-09", "Latitude": 47.5985696, "Longitude": -122.29773387, "Location1": "(47.5985696, -122.29773387)" }, "geometry": { "type": "Point", "coordinates": [ -122.2977339, 47.5985696 ] } },
{ "type": "Feature", "properties": { "PermitNum": "6572112-DM", "HousingUnitsRemoved": "1", "IssuedDate": "2017-03-16", "Latitude": 47.69953743, "Longitude": -122.38200441, "Location1": "(47.69953743, -122.38200441)" }, "geometry": { "type": "Point", "coordinates": [ -122.3820044, 47.6995374 ] } },
{ "type": "Feature", "properties": { "PermitNum": "6573305-DM", "HousingUnitsRemoved": "2", "IssuedDate": "2017-04-14", "Latitude": 47.62241862, "Longitude": -122.31971964, "Location1": "(47.62241862, -122.31971964)" }, "geometry": { "type": "Point", "coordinates": [ -122.3197196, 47.6224186 ] } },
{ "type": "Feature", "properties": { "PermitNum": "6574675-DM", "HousingUnitsRemoved": "1", "IssuedDate": "2017-05-24", "Latitude": 47.67407684, "Longitude": -122.27198948, "Location1": "(47.67407684, -122.27198948)" }, "geometry": { "type": "Point", "coordinates": [ -122.2719895, 47.6740768 ] } },
{ "type": "Feature", "properties": { "PermitNum": "6574715-DM", "HousingUnitsRemoved": "1", "IssuedDate": "2017-05-23", "Latitude": 47.50804299, "Longitude": -122.25030116000001, "Location1": "(47.50804299, -122.25030116)" }, "geometry": { "type": "Point", "coordinates": [ -122.2503012, 47.508043 ] } },
{ "type": "Feature", "properties": { "PermitNum": "6615079-DM", "HousingUnitsRemoved": "1", "IssuedDate": "2017-11-28", "Latitude": 47.67144591, "Longitude": -122.37833171, "Location1": "(47.67144591, -122.37833171)" }, "geometry": { "type": "Point", "coordinates": [ -122.3783317, 47.6714459 ] } },
{ "type": "Feature", "properties": { "PermitNum": "6616061-DM", "HousingUnitsRemoved": "1", "IssuedDate": "2017-11-02", "Latitude": 47.67886468, "Longitude": -122.30092903000001, "Location1": "(47.67886468, -122.30092903)" }, "geometry": { "type": "Point", "coordinates": [ -122.300929, 47.6788647 ] } },
{ "type": "Feature", "properties": { "PermitNum": "6503887-DM", "HousingUnitsRemoved": "1", "IssuedDate": "2016-09-08", "Latitude": 47.60858326, "Longitude": -122.31105191, "Location1": "(47.60858326, -122.31105191)" }, "geometry": { "type": "Point", "coordinates": [ -122.3110519, 47.6085833 ] } },
{ "type": "Feature", "properties": { "PermitNum": "6503994-DM", "HousingUnitsRemoved": "0", "IssuedDate": "2016-04-19", "Latitude": 47.67297129, "Longitude": -122.37812748, "Location1": "(47.67297129, -122.37812748)" }, "geometry": { "type": "Point", "coordinates": [ -122.3781275, 47.6729713 ] } },
{ "type": "Feature", "properties": { "PermitNum": "6504248-DM", "HousingUnitsRemoved": "0", "IssuedDate": "2016-02-04", "Latitude": 47.66190726, "Longitude": -122.36310792, "Location1": "(47.66190726, -122.36310792)" }, "geometry": { "type": "Point", "coordinates": [ -122.3631079, 47.6619073 ] } },
{ "type": "Feature", "properties": { "PermitNum": "6505031-DM", "HousingUnitsRemoved": "1", "IssuedDate": "2016-01-07", "Latitude": 47.68673303, "Longitude": -122.3296957, "Location1": "(47.68673303, -122.3296957)" }, "geometry": { "type": "Point", "coordinates": [ -122.3296957, 47.686733 ] } },
{ "type": "Feature", "properties": { "PermitNum": "6506256-DM", "HousingUnitsRemoved": "1", "IssuedDate": "2016-02-19", "Latitude": 47.71842487, "Longitude": -122.28226938, "Location1": "(47.71842487, -122.28226938)" }, "geometry": { "type": "Point", "coordinates": [ -122.2822694, 47.7184249 ] } },
{ "type": "Feature", "properties": { "PermitNum": "6506815-DM", "HousingUnitsRemoved": "1", "IssuedDate": "2016-10-08", "Latitude": 47.64784344, "Longitude": -122.38387899, "Location1": "(47.64784344, -122.38387899)" }, "geometry": { "type": "Point", "coordinates": [ -122.383879, 47.6478434 ] } },
{ "type": "Feature", "properties": { "PermitNum": "6507332-DM", "HousingUnitsRemoved": "1", "IssuedDate": "2016-02-19", "Latitude": 47.67571898, "Longitude": -122.39425997, "Location1": "(47.67571898, -122.39425997)" }, "geometry": { "type": "Point", "coordinates": [ -122.39426, 47.675719 ] } },
{ "type": "Feature", "properties": { "PermitNum": "6507732-DM", "HousingUnitsRemoved": "2", "IssuedDate": "2016-06-08", "Latitude": 47.71571639, "Longitude": -122.33521649, "Location1": "(47.71571639, -122.33521649)" }, "geometry": { "type": "Point", "coordinates": [ -122.3352165, 47.7157164 ] } },
{ "type": "Feature", "properties": { "PermitNum": "6508433-DM", "HousingUnitsRemoved": "0", "IssuedDate": "2016-03-30", "Latitude": 47.65617371, "Longitude": -122.32704072, "Location1": "(47.65617371, -122.32704072)" }, "geometry": { "type": "Point", "coordinates": [ -122.3270407, 47.6561737 ] } },
{ "type": "Feature", "properties": { "PermitNum": "6508641-DM", "HousingUnitsRemoved": "1", "IssuedDate": "2016-05-09", "Latitude": 47.58009051, "Longitude": -122.31646068000001, "Location1": "(47.58009051, -122.31646068)" }, "geometry": { "type": "Point", "coordinates": [ -122.3164607, 47.5800905 ] } },
{ "type": "Feature", "properties": { "PermitNum": "6508827-DM", "HousingUnitsRemoved": "1", "IssuedDate": "2016-05-13", "Latitude": 47.58329529, "Longitude": -122.3151999, "Location1": "(47.58329529, -122.3151999)" }, "geometry": { "type": "Point", "coordinates": [ -122.3151999, 47.5832953 ] } },
{ "type": "Feature", "properties": { "PermitNum": "6509546-DM", "HousingUnitsRemoved": "0", "IssuedDate": "2016-06-10", "Latitude": 47.55961721, "Longitude": -122.36128684000001, "Location1": "(47.55961721, -122.36128684)" }, "geometry": { "type": "Point", "coordinates": [ -122.3612868, 47.5596172 ] } },
{ "type": "Feature", "properties": { "PermitNum": "6510032-DM", "HousingUnitsRemoved": "0", "IssuedDate": "2016-04-26", "Latitude": 47.55558973, "Longitude": -122.27293689, "Location1": "(47.55558973, -122.27293689)" }, "geometry": { "type": "Point", "coordinates": [ -122.2729369, 47.5555897 ] } },
{ "type": "Feature", "properties": { "PermitNum": "6510213-DM", "HousingUnitsRemoved": "", "IssuedDate": "2017-02-06", "Latitude": 47.69081125, "Longitude": -122.36471704, "Location1": "(47.69081125, -122.36471704)" }, "geometry": { "type": "Point", "coordinates": [ -122.364717, 47.6908113 ] } },
{ "type": "Feature", "properties": { "PermitNum": "6510544-DM", "HousingUnitsRemoved": "1", "IssuedDate": "2016-05-16", "Latitude": 47.68276003, "Longitude": -122.32353281, "Location1": "(47.68276003, -122.32353281)" }, "geometry": { "type": "Point", "coordinates": [ -122.3235328, 47.68276 ] } },
{ "type": "Feature", "properties": { "PermitNum": "6545911-DM", "HousingUnitsRemoved": "0", "IssuedDate": "2016-10-06", "Latitude": 47.61313191, "Longitude": -122.29558957, "Location1": "(47.61313191, -122.29558957)" }, "geometry": { "type": "Point", "coordinates": [ -122.2955896, 47.6131319 ] } },
{ "type": "Feature", "properties": { "PermitNum": "6546244-DM", "HousingUnitsRemoved": "1", "IssuedDate": "2017-01-27", "Latitude": 47.61925044, "Longitude": -122.29780956, "Location1": "(47.61925044, -122.29780956)" }, "geometry": { "type": "Point", "coordinates": [ -122.2978096, 47.6192504 ] } },
{ "type": "Feature", "properties": { "PermitNum": "6546426-DM", "HousingUnitsRemoved": "1", "IssuedDate": "2016-08-15", "Latitude": 47.70685079, "Longitude": -122.30754851, "Location1": "(47.70685079, -122.30754851)" }, "geometry": { "type": "Point", "coordinates": [ -122.3075485, 47.7068508 ] } },
{ "type": "Feature", "properties": { "PermitNum": "6547302-DM", "HousingUnitsRemoved": "1", "IssuedDate": "2017-01-04", "Latitude": 47.650949, "Longitude": -122.33659502, "Location1": "(47.650949, -122.33659502)" }, "geometry": { "type": "Point", "coordinates": [ -122.336595, 47.650949 ] } },
{ "type": "Feature", "properties": { "PermitNum": "6548040-DM", "HousingUnitsRemoved": "0", "IssuedDate": "2017-01-10", "Latitude": 47.66016307, "Longitude": -122.36356204000001, "Location1": "(47.66016307, -122.36356204)" }, "geometry": { "type": "Point", "coordinates": [ -122.363562, 47.6601631 ] } },
{ "type": "Feature", "properties": { "PermitNum": "6548588-DM", "HousingUnitsRemoved": "1", "IssuedDate": "2016-11-23", "Latitude": 47.70919291, "Longitude": -122.36271228, "Location1": "(47.70919291, -122.36271228)" }, "geometry": { "type": "Point", "coordinates": [ -122.3627123, 47.7091929 ] } },
{ "type": "Feature", "properties": { "PermitNum": "6548665-DM", "HousingUnitsRemoved": "1", "IssuedDate": "2017-07-13", "Latitude": 47.56585964, "Longitude": -122.29020458, "Location1": "(47.56585964, -122.29020458)" }, "geometry": { "type": "Point", "coordinates": [ -122.2902046, 47.5658596 ] } },
{ "type": "Feature", "properties": { "PermitNum": "6549058-DM", "HousingUnitsRemoved": "1", "IssuedDate": "2016-10-31", "Latitude": 47.59275731, "Longitude": -122.30204786, "Location1": "(47.59275731, -122.30204786)" }, "geometry": { "type": "Point", "coordinates": [ -122.3020479, 47.5927573 ] } },
{ "type": "Feature", "properties": { "PermitNum": "6594245-DM", "HousingUnitsRemoved": "1", "IssuedDate": "2018-03-16", "Latitude": 47.54454149, "Longitude": -122.37483959, "Location1": "(47.54454149, -122.37483959)" }, "geometry": { "type": "Point", "coordinates": [ -122.3748396, 47.5445415 ] } },
{ "type": "Feature", "properties": { "PermitNum": "6594372-DM", "HousingUnitsRemoved": "4", "IssuedDate": "2018-09-19", "Latitude": 47.66537257, "Longitude": -122.28073917, "Location1": "(47.66537257, -122.28073917)" }, "geometry": { "type": "Point", "coordinates": [ -122.2807392, 47.6653726 ] } },
{ "type": "Feature", "properties": { "PermitNum": "6594810-DM", "HousingUnitsRemoved": "0", "IssuedDate": "2017-05-10", "Latitude": 47.51600983, "Longitude": -122.37706136, "Location1": "(47.51600983, -122.37706136)" }, "geometry": { "type": "Point", "coordinates": [ -122.3770614, 47.5160098 ] } },
{ "type": "Feature", "properties": { "PermitNum": "6595851-DM", "HousingUnitsRemoved": "1", "IssuedDate": "2017-07-31", "Latitude": 47.67399551, "Longitude": -122.38429995, "Location1": "(47.67399551, -122.38429995)" }, "geometry": { "type": "Point", "coordinates": [ -122.3842999, 47.6739955 ] } },
{ "type": "Feature", "properties": { "PermitNum": "6643598-DM", "HousingUnitsRemoved": "2", "IssuedDate": "2019-05-10", "Latitude": 47.58402723, "Longitude": -122.31629017, "Location1": "(47.58402723, -122.31629017)" }, "geometry": { "type": "Point", "coordinates": [ -122.3162902, 47.5840272 ] } },
{ "type": "Feature", "properties": { "PermitNum": "6644021-DM", "HousingUnitsRemoved": "1", "IssuedDate": "2018-06-13", "Latitude": 47.61050235, "Longitude": -122.30921359, "Location1": "(47.61050235, -122.30921359)" }, "geometry": { "type": "Point", "coordinates": [ -122.3092136, 47.6105023 ] } },
{ "type": "Feature", "properties": { "PermitNum": "6644320-DM", "HousingUnitsRemoved": "2", "IssuedDate": "2020-01-30", "Latitude": 47.58735583, "Longitude": -122.39605211, "Location1": "(47.58735583, -122.39605211)" }, "geometry": { "type": "Point", "coordinates": [ -122.3960521, 47.5873558 ] } },
{ "type": "Feature", "properties": { "PermitNum": "6644898-DM", "HousingUnitsRemoved": "", "IssuedDate": "2020-02-19", "Latitude": 47.63924617, "Longitude": -122.32924212, "Location1": "(47.63924617, -122.32924212)" }, "geometry": { "type": "Point", "coordinates": [ -122.3292421, 47.6392462 ] } },
{ "type": "Feature", "properties": { "PermitNum": "6646693-DM", "HousingUnitsRemoved": "0", "IssuedDate": "2019-01-07", "Latitude": 47.57719823, "Longitude": -122.4123245, "Location1": "(47.57719823, -122.4123245)" }, "geometry": { "type": "Point", "coordinates": [ -122.4123245, 47.5771982 ] } },
{ "type": "Feature", "properties": { "PermitNum": "6446331-DM", "HousingUnitsRemoved": "1", "IssuedDate": "2016-04-18", "Latitude": 47.55311858, "Longitude": -122.28308552, "Location1": "(47.55311858, -122.28308552)" }, "geometry": { "type": "Point", "coordinates": [ -122.2830855, 47.5531186 ] } },
{ "type": "Feature", "properties": { "PermitNum": "6486319-DM", "HousingUnitsRemoved": "2", "IssuedDate": "2016-03-10", "Latitude": 47.64141746, "Longitude": -122.32732684, "Location1": "(47.64141746, -122.32732684)" }, "geometry": { "type": "Point", "coordinates": [ -122.3273268, 47.6414175 ] } },
{ "type": "Feature", "properties": { "PermitNum": "6488852-DM", "HousingUnitsRemoved": "1", "IssuedDate": "2016-04-01", "Latitude": 47.56063803, "Longitude": -122.2923039, "Location1": "(47.56063803, -122.2923039)" }, "geometry": { "type": "Point", "coordinates": [ -122.2923039, 47.560638 ] } },
{ "type": "Feature", "properties": { "PermitNum": "6489384-DM", "HousingUnitsRemoved": "1", "IssuedDate": "2016-03-02", "Latitude": 47.55044706, "Longitude": -122.26217123000001, "Location1": "(47.55044706, -122.26217123)" }, "geometry": { "type": "Point", "coordinates": [ -122.2621712, 47.5504471 ] } },
{ "type": "Feature", "properties": { "PermitNum": "6490292-DM", "HousingUnitsRemoved": "0", "IssuedDate": "2016-04-26", "Latitude": 47.6211957, "Longitude": -122.29809332000001, "Location1": "(47.6211957, -122.29809332)" }, "geometry": { "type": "Point", "coordinates": [ -122.2980933, 47.6211957 ] } },
{ "type": "Feature", "properties": { "PermitNum": "6536587-DM", "HousingUnitsRemoved": "1", "IssuedDate": "2016-11-18", "Latitude": 47.57541155, "Longitude": -122.30620885, "Location1": "(47.57541155, -122.30620885)" }, "geometry": { "type": "Point", "coordinates": [ -122.3062089, 47.5754115 ] } },
{ "type": "Feature", "properties": { "PermitNum": "6537034-DM", "HousingUnitsRemoved": "1", "IssuedDate": "2016-10-25", "Latitude": 47.6439203, "Longitude": -122.37101555, "Location1": "(47.6439203, -122.37101555)" }, "geometry": { "type": "Point", "coordinates": [ -122.3710155, 47.6439203 ] } },
{ "type": "Feature", "properties": { "PermitNum": "6538125-DM", "HousingUnitsRemoved": "0", "IssuedDate": "2017-08-05", "Latitude": 47.65908087, "Longitude": -122.35189708, "Location1": "(47.65908087, -122.35189708)" }, "geometry": { "type": "Point", "coordinates": [ -122.3518971, 47.6590809 ] } },
{ "type": "Feature", "properties": { "PermitNum": "6585412-DM", "HousingUnitsRemoved": "1", "IssuedDate": "2017-06-06", "Latitude": 47.67254903, "Longitude": -122.37861111, "Location1": "(47.67254903, -122.37861111)" }, "geometry": { "type": "Point", "coordinates": [ -122.3786111, 47.672549 ] } },
{ "type": "Feature", "properties": { "PermitNum": "6586506-DM", "HousingUnitsRemoved": "1", "IssuedDate": "2017-06-12", "Latitude": 47.68823382, "Longitude": -122.35180495, "Location1": "(47.68823382, -122.35180495)" }, "geometry": { "type": "Point", "coordinates": [ -122.351805, 47.6882338 ] } },
{ "type": "Feature", "properties": { "PermitNum": "6588316-DM", "HousingUnitsRemoved": "1", "IssuedDate": "2019-01-02", "Latitude": 47.61956377, "Longitude": -122.29909637, "Location1": "(47.61956377, -122.29909637)" }, "geometry": { "type": "Point", "coordinates": [ -122.2990964, 47.6195638 ] } },
{ "type": "Feature", "properties": { "PermitNum": "6588608-DM", "HousingUnitsRemoved": "1", "IssuedDate": "2017-10-16", "Latitude": 47.58515076, "Longitude": -122.31393453, "Location1": "(47.58515076, -122.31393453)" }, "geometry": { "type": "Point", "coordinates": [ -122.3139345, 47.5851508 ] } },
{ "type": "Feature", "properties": { "PermitNum": "6482736-DM", "HousingUnitsRemoved": "0", "IssuedDate": "2016-05-31", "Latitude": 47.618918, "Longitude": -122.32129505, "Location1": "(47.618918, -122.32129505)" }, "geometry": { "type": "Point", "coordinates": [ -122.3212951, 47.618918 ] } },
{ "type": "Feature", "properties": { "PermitNum": "6484983-DM", "HousingUnitsRemoved": "3", "IssuedDate": "2016-02-09", "Latitude": 47.64308453, "Longitude": -122.38487013, "Location1": "(47.64308453, -122.38487013)" }, "geometry": { "type": "Point", "coordinates": [ -122.3848701, 47.6430845 ] } },
{ "type": "Feature", "properties": { "PermitNum": "6530950-DM", "HousingUnitsRemoved": "1", "IssuedDate": "2016-04-22", "Latitude": 47.58169159, "Longitude": -122.30788217, "Location1": "(47.58169159, -122.30788217)" }, "geometry": { "type": "Point", "coordinates": [ -122.3078822, 47.5816916 ] } },
{ "type": "Feature", "properties": { "PermitNum": "6532107-DM", "HousingUnitsRemoved": "0", "IssuedDate": "2016-07-28", "Latitude": 47.58140057, "Longitude": -122.40283506, "Location1": "(47.58140057, -122.40283506)" }, "geometry": { "type": "Point", "coordinates": [ -122.4028351, 47.5814006 ] } },
{ "type": "Feature", "properties": { "PermitNum": "6533113-DM", "HousingUnitsRemoved": "1", "IssuedDate": "2016-09-28", "Latitude": 47.618188, "Longitude": -122.31407732, "Location1": "(47.618188, -122.31407732)" }, "geometry": { "type": "Point", "coordinates": [ -122.3140773, 47.618188 ] } },
{ "type": "Feature", "properties": { "PermitNum": "6533504-DM", "HousingUnitsRemoved": "0", "IssuedDate": "2016-09-16", "Latitude": 47.66723775, "Longitude": -122.27766815, "Location1": "(47.66723775, -122.27766815)" }, "geometry": { "type": "Point", "coordinates": [ -122.2776681, 47.6672377 ] } },
{ "type": "Feature", "properties": { "PermitNum": "6533531-DM", "HousingUnitsRemoved": "1", "IssuedDate": "2018-07-09", "Latitude": 47.58825777, "Longitude": -122.38374606000001, "Location1": "(47.58825777, -122.38374606)" }, "geometry": { "type": "Point", "coordinates": [ -122.3837461, 47.5882578 ] } },
{ "type": "Feature", "properties": { "PermitNum": "6578484-DM", "HousingUnitsRemoved": "2", "IssuedDate": "2017-06-06", "Latitude": 47.65636611, "Longitude": -122.32602606, "Location1": "(47.65636611, -122.32602606)" }, "geometry": { "type": "Point", "coordinates": [ -122.3260261, 47.6563661 ] } },
{ "type": "Feature", "properties": { "PermitNum": "6579308-DM", "HousingUnitsRemoved": "1", "IssuedDate": "2017-06-30", "Latitude": 47.61812086, "Longitude": -122.29593509, "Location1": "(47.61812086, -122.29593509)" }, "geometry": { "type": "Point", "coordinates": [ -122.2959351, 47.6181209 ] } },
{ "type": "Feature", "properties": { "PermitNum": "6580458-DM", "HousingUnitsRemoved": "0", "IssuedDate": "2017-10-15", "Latitude": 47.70330472, "Longitude": -122.35844274, "Location1": "(47.70330472, -122.35844274)" }, "geometry": { "type": "Point", "coordinates": [ -122.3584427, 47.7033047 ] } },
{ "type": "Feature", "properties": { "PermitNum": "6580559-DM", "HousingUnitsRemoved": "1", "IssuedDate": "2018-04-18", "Latitude": 47.56599204, "Longitude": -122.28592481, "Location1": "(47.56599204, -122.28592481)" }, "geometry": { "type": "Point", "coordinates": [ -122.2859248, 47.565992 ] } },
{ "type": "Feature", "properties": { "PermitNum": "6581949-DM", "HousingUnitsRemoved": "1", "IssuedDate": "2017-07-27", "Latitude": 47.67487063, "Longitude": -122.38893356, "Location1": "(47.67487063, -122.38893356)" }, "geometry": { "type": "Point", "coordinates": [ -122.3889336, 47.6748706 ] } },
{ "type": "Feature", "properties": { "PermitNum": "6626416-DM", "HousingUnitsRemoved": "1", "IssuedDate": "2019-01-02", "Latitude": 47.57535265, "Longitude": -122.41884666, "Location1": "(47.57535265, -122.41884666)" }, "geometry": { "type": "Point", "coordinates": [ -122.4188467, 47.5753526 ] } },
{ "type": "Feature", "properties": { "PermitNum": "6628227-DM", "HousingUnitsRemoved": "1", "IssuedDate": "2018-06-04", "Latitude": 47.63069284, "Longitude": -122.27964764, "Location1": "(47.63069284, -122.27964764)" }, "geometry": { "type": "Point", "coordinates": [ -122.2796476, 47.6306928 ] } },
{ "type": "Feature", "properties": { "PermitNum": "6631514-DM", "HousingUnitsRemoved": "1", "IssuedDate": "2018-08-09", "Latitude": 47.55131218, "Longitude": -122.27714194000001, "Location1": "(47.55131218, -122.27714194)" }, "geometry": { "type": "Point", "coordinates": [ -122.2771419, 47.5513122 ] } },
{ "type": "Feature", "properties": { "PermitNum": "6471892-DM", "HousingUnitsRemoved": "0", "IssuedDate": "2016-08-05", "Latitude": 47.53407, "Longitude": -122.27869609, "Location1": "(47.53407, -122.27869609)" }, "geometry": { "type": "Point", "coordinates": [ -122.2786961, 47.53407 ] } },
{ "type": "Feature", "properties": { "PermitNum": "6474911-DM", "HousingUnitsRemoved": "3", "IssuedDate": "2018-10-15", "Latitude": 47.60371385, "Longitude": -122.30923125, "Location1": "(47.60371385, -122.30923125)" }, "geometry": { "type": "Point", "coordinates": [ -122.3092312, 47.6037138 ] } },
{ "type": "Feature", "properties": { "PermitNum": "6476869-DM", "HousingUnitsRemoved": "2", "IssuedDate": "2016-01-05", "Latitude": 47.69344668, "Longitude": -122.33979674, "Location1": "(47.69344668, -122.33979674)" }, "geometry": { "type": "Point", "coordinates": [ -122.3397967, 47.6934467 ] } },
{ "type": "Feature", "properties": { "PermitNum": "6518894-DM", "HousingUnitsRemoved": "0", "IssuedDate": "2016-04-18", "Latitude": 47.53360187, "Longitude": -122.34733607, "Location1": "(47.53360187, -122.34733607)" }, "geometry": { "type": "Point", "coordinates": [ -122.3473361, 47.5336019 ] } },
{ "type": "Feature", "properties": { "PermitNum": "6519381-DM", "HousingUnitsRemoved": "4", "IssuedDate": "2017-11-25", "Latitude": 47.653652, "Longitude": -122.35922238000001, "Location1": "(47.653652, -122.35922238)" }, "geometry": { "type": "Point", "coordinates": [ -122.3592224, 47.653652 ] } },
{ "type": "Feature", "properties": { "PermitNum": "6520650-DM", "HousingUnitsRemoved": "1", "IssuedDate": "2016-07-19", "Latitude": 47.60600448, "Longitude": -122.29205111, "Location1": "(47.60600448, -122.29205111)" }, "geometry": { "type": "Point", "coordinates": [ -122.2920511, 47.6060045 ] } },
{ "type": "Feature", "properties": { "PermitNum": "6520937-DM", "HousingUnitsRemoved": "4", "IssuedDate": "2016-07-11", "Latitude": 47.66929169, "Longitude": -122.39697842, "Location1": "(47.66929169, -122.39697842)" }, "geometry": { "type": "Point", "coordinates": [ -122.3969784, 47.6692917 ] } },
{ "type": "Feature", "properties": { "PermitNum": "6521373-DM", "HousingUnitsRemoved": "1", "IssuedDate": "2016-07-17", "Latitude": 47.51898067, "Longitude": -122.37712935, "Location1": "(47.51898067, -122.37712935)" }, "geometry": { "type": "Point", "coordinates": [ -122.3771294, 47.5189807 ] } },
{ "type": "Feature", "properties": { "PermitNum": "6522455-DM", "HousingUnitsRemoved": "1", "IssuedDate": "2016-06-08", "Latitude": 47.68241107, "Longitude": -122.37333161, "Location1": "(47.68241107, -122.37333161)" }, "geometry": { "type": "Point", "coordinates": [ -122.3733316, 47.6824111 ] } },
{ "type": "Feature", "properties": { "PermitNum": "6523179-DM", "HousingUnitsRemoved": "1", "IssuedDate": "2016-10-28", "Latitude": 47.71321273, "Longitude": -122.35526157, "Location1": "(47.71321273, -122.35526157)" }, "geometry": { "type": "Point", "coordinates": [ -122.3552616, 47.7132127 ] } },
{ "type": "Feature", "properties": { "PermitNum": "6437865-DM", "HousingUnitsRemoved": "4", "IssuedDate": "2019-01-28", "Latitude": 47.62654103, "Longitude": -122.3556162, "Location1": "(47.62654103, -122.3556162)" }, "geometry": { "type": "Point", "coordinates": [ -122.3556162, 47.626541 ] } },
{ "type": "Feature", "properties": { "PermitNum": "6485593-DM", "HousingUnitsRemoved": "3", "IssuedDate": "2016-02-05", "Latitude": 47.61821026, "Longitude": -122.29324684, "Location1": "(47.61821026, -122.29324684)" }, "geometry": { "type": "Point", "coordinates": [ -122.2932468, 47.6182103 ] } },
{ "type": "Feature", "properties": { "PermitNum": "6487467-DM", "HousingUnitsRemoved": "1", "IssuedDate": "2016-02-05", "Latitude": 47.65831226, "Longitude": -122.3512151, "Location1": "(47.65831226, -122.3512151)" }, "geometry": { "type": "Point", "coordinates": [ -122.3512151, 47.6583123 ] } },
{ "type": "Feature", "properties": { "PermitNum": "6487733-DM", "HousingUnitsRemoved": "1", "IssuedDate": "2016-07-15", "Latitude": 47.56912369, "Longitude": -122.40819413, "Location1": "(47.56912369, -122.40819413)" }, "geometry": { "type": "Point", "coordinates": [ -122.4081941, 47.5691237 ] } },
{ "type": "Feature", "properties": { "PermitNum": "6488041-DM", "HousingUnitsRemoved": "1", "IssuedDate": "2016-05-05", "Latitude": 47.56633963, "Longitude": -122.37046667, "Location1": "(47.56633963, -122.37046667)" }, "geometry": { "type": "Point", "coordinates": [ -122.3704667, 47.5663396 ] } },
{ "type": "Feature", "properties": { "PermitNum": "6488362-DM", "HousingUnitsRemoved": "0", "IssuedDate": "2016-01-26", "Latitude": 47.61901215, "Longitude": -122.31070432, "Location1": "(47.61901215, -122.31070432)" }, "geometry": { "type": "Point", "coordinates": [ -122.3107043, 47.6190122 ] } },
{ "type": "Feature", "properties": { "PermitNum": "6489517-DM", "HousingUnitsRemoved": "1", "IssuedDate": "2016-02-24", "Latitude": 47.67717571, "Longitude": -122.31985772, "Location1": "(47.67717571, -122.31985772)" }, "geometry": { "type": "Point", "coordinates": [ -122.3198577, 47.6771757 ] } },
{ "type": "Feature", "properties": { "PermitNum": "6489857-DM", "HousingUnitsRemoved": "3", "IssuedDate": "2016-06-02", "Latitude": 47.65777362, "Longitude": -122.31408342, "Location1": "(47.65777362, -122.31408342)" }, "geometry": { "type": "Point", "coordinates": [ -122.3140834, 47.6577736 ] } },
{ "type": "Feature", "properties": { "PermitNum": "6533771-DM", "HousingUnitsRemoved": "2", "IssuedDate": "2016-06-23", "Latitude": 47.57923547, "Longitude": -122.39389669000001, "Location1": "(47.57923547, -122.39389669)" }, "geometry": { "type": "Point", "coordinates": [ -122.3938967, 47.5792355 ] } },
{ "type": "Feature", "properties": { "PermitNum": "6535385-DM", "HousingUnitsRemoved": "0", "IssuedDate": "2017-01-27", "Latitude": 47.65316031, "Longitude": -122.35260579, "Location1": "(47.65316031, -122.35260579)" }, "geometry": { "type": "Point", "coordinates": [ -122.3526058, 47.6531603 ] } },
{ "type": "Feature", "properties": { "PermitNum": "6535837-DM", "HousingUnitsRemoved": "1", "IssuedDate": "2016-08-23", "Latitude": 47.54921097, "Longitude": -122.31084662000001, "Location1": "(47.54921097, -122.31084662)" }, "geometry": { "type": "Point", "coordinates": [ -122.3108466, 47.549211 ] } },
{ "type": "Feature", "properties": { "PermitNum": "6581240-DM", "HousingUnitsRemoved": "1", "IssuedDate": "2017-02-14", "Latitude": 47.64728992, "Longitude": -122.40333533, "Location1": "(47.64728992, -122.40333533)" }, "geometry": { "type": "Point", "coordinates": [ -122.4033353, 47.6472899 ] } },
{ "type": "Feature", "properties": { "PermitNum": "6581416-DM", "HousingUnitsRemoved": "1", "IssuedDate": "2017-04-19", "Latitude": 47.56635345, "Longitude": -122.39915153, "Location1": "(47.56635345, -122.39915153)" }, "geometry": { "type": "Point", "coordinates": [ -122.3991515, 47.5663535 ] } },
{ "type": "Feature", "properties": { "PermitNum": "6584736-DM", "HousingUnitsRemoved": "1", "IssuedDate": "2017-04-18", "Latitude": 47.53516621, "Longitude": -122.26964168000001, "Location1": "(47.53516621, -122.26964168)" }, "geometry": { "type": "Point", "coordinates": [ -122.2696417, 47.5351662 ] } },
{ "type": "Feature", "properties": { "PermitNum": "6629532-DM", "HousingUnitsRemoved": "1", "IssuedDate": "2018-09-04", "Latitude": 47.674712, "Longitude": -122.37850097, "Location1": "(47.674712, -122.37850097)" }, "geometry": { "type": "Point", "coordinates": [ -122.378501, 47.674712 ] } },
{ "type": "Feature", "properties": { "PermitNum": "6629894-DM", "HousingUnitsRemoved": "1", "IssuedDate": "2017-11-25", "Latitude": 47.69666459, "Longitude": -122.27843838, "Location1": "(47.69666459, -122.27843838)" }, "geometry": { "type": "Point", "coordinates": [ -122.2784384, 47.6966646 ] } },
{ "type": "Feature", "properties": { "PermitNum": "6632652-DM", "HousingUnitsRemoved": "0", "IssuedDate": "2019-01-23", "Latitude": 47.60826109, "Longitude": -122.31196692, "Location1": "(47.60826109, -122.31196692)" }, "geometry": { "type": "Point", "coordinates": [ -122.3119669, 47.6082611 ] } },
{ "type": "Feature", "properties": { "PermitNum": "6633144-DM", "HousingUnitsRemoved": "2", "IssuedDate": "2018-10-05", "Latitude": 47.58117179, "Longitude": -122.4024619, "Location1": "(47.58117179, -122.4024619)" }, "geometry": { "type": "Point", "coordinates": [ -122.4024619, 47.5811718 ] } },
{ "type": "Feature", "properties": { "PermitNum": "6633180-DM", "HousingUnitsRemoved": "1", "IssuedDate": "2018-04-25", "Latitude": 47.67640764, "Longitude": -122.36684709, "Location1": "(47.67640764, -122.36684709)" }, "geometry": { "type": "Point", "coordinates": [ -122.3668471, 47.6764076 ] } },
{ "type": "Feature", "properties": { "PermitNum": "6633361-DM", "HousingUnitsRemoved": "2", "IssuedDate": "2019-05-29", "Latitude": 47.67853373, "Longitude": -122.32277516000001, "Location1": "(47.67853373, -122.32277516)" }, "geometry": { "type": "Point", "coordinates": [ -122.3227752, 47.6785337 ] } },
{ "type": "Feature", "properties": { "PermitNum": "6634495-DM", "HousingUnitsRemoved": "2", "IssuedDate": "2019-04-22", "Latitude": 47.62341815, "Longitude": -122.31964352, "Location1": "(47.62341815, -122.31964352)" }, "geometry": { "type": "Point", "coordinates": [ -122.3196435, 47.6234181 ] } },
{ "type": "Feature", "properties": { "PermitNum": "6433343-DM", "HousingUnitsRemoved": "1", "IssuedDate": "2016-01-28", "Latitude": 47.67295718, "Longitude": -122.31771616, "Location1": "(47.67295718, -122.31771616)" }, "geometry": { "type": "Point", "coordinates": [ -122.3177162, 47.6729572 ] } },
{ "type": "Feature", "properties": { "PermitNum": "6433347-DM", "HousingUnitsRemoved": "1", "IssuedDate": "2016-01-28", "Latitude": 47.67306009, "Longitude": -122.31768553000001, "Location1": "(47.67306009, -122.31768553)" }, "geometry": { "type": "Point", "coordinates": [ -122.3176855, 47.6730601 ] } },
{ "type": "Feature", "properties": { "PermitNum": "6477488-DM", "HousingUnitsRemoved": "2", "IssuedDate": "2016-02-08", "Latitude": 47.57409721, "Longitude": -122.29390924, "Location1": "(47.57409721, -122.29390924)" }, "geometry": { "type": "Point", "coordinates": [ -122.2939092, 47.5740972 ] } },
{ "type": "Feature", "properties": { "PermitNum": "6578563-DM", "HousingUnitsRemoved": "0", "IssuedDate": "2017-09-14", "Latitude": 47.67439611, "Longitude": -122.38501912, "Location1": "(47.67439611, -122.38501912)" }, "geometry": { "type": "Point", "coordinates": [ -122.3850191, 47.6743961 ] } },
{ "type": "Feature", "properties": { "PermitNum": "6580156-DM", "HousingUnitsRemoved": "1", "IssuedDate": "2017-08-11", "Latitude": 47.63360255, "Longitude": -122.34935395, "Location1": "(47.63360255, -122.34935395)" }, "geometry": { "type": "Point", "coordinates": [ -122.3493539, 47.6336025 ] } },
{ "type": "Feature", "properties": { "PermitNum": "6622528-DM", "HousingUnitsRemoved": "1", "IssuedDate": "2018-05-18", "Latitude": 47.68079224, "Longitude": -122.32272826000001, "Location1": "(47.68079224, -122.32272826)" }, "geometry": { "type": "Point", "coordinates": [ -122.3227283, 47.6807922 ] } },
{ "type": "Feature", "properties": { "PermitNum": "6622828-DM", "HousingUnitsRemoved": "1", "IssuedDate": "2019-07-19", "Latitude": 47.54617493, "Longitude": -122.30398766, "Location1": "(47.54617493, -122.30398766)" }, "geometry": { "type": "Point", "coordinates": [ -122.3039877, 47.5461749 ] } },
{ "type": "Feature", "properties": { "PermitNum": "6624524-DM", "HousingUnitsRemoved": "4", "IssuedDate": "2019-04-29", "Latitude": 47.58668656, "Longitude": -122.31634157000001, "Location1": "(47.58668656, -122.31634157)" }, "geometry": { "type": "Point", "coordinates": [ -122.3163416, 47.5866866 ] } },
{ "type": "Feature", "properties": { "PermitNum": "6625086-DM", "HousingUnitsRemoved": "1", "IssuedDate": "2019-06-12", "Latitude": 47.6533762, "Longitude": -122.38495995, "Location1": "(47.6533762, -122.38495995)" }, "geometry": { "type": "Point", "coordinates": [ -122.3849599, 47.6533762 ] } },
{ "type": "Feature", "properties": { "PermitNum": "6625273-DM", "HousingUnitsRemoved": "49", "IssuedDate": "2020-09-25", "Latitude": 47.57883182, "Longitude": -122.3871861, "Location1": "(47.57883182, -122.3871861)" }, "geometry": { "type": "Point", "coordinates": [ -122.3871861, 47.5788318 ] } },
{ "type": "Feature", "properties": { "PermitNum": "6625275-DM", "HousingUnitsRemoved": "0", "IssuedDate": "2020-09-25", "Latitude": 47.5787213, "Longitude": -122.38685959, "Location1": "(47.5787213, -122.38685959)" }, "geometry": { "type": "Point", "coordinates": [ -122.3868596, 47.5787213 ] } },
{ "type": "Feature", "properties": { "PermitNum": "6626828-DM", "HousingUnitsRemoved": "1", "IssuedDate": "2017-12-26", "Latitude": 47.68113926, "Longitude": -122.39477361, "Location1": "(47.68113926, -122.39477361)" }, "geometry": { "type": "Point", "coordinates": [ -122.3947736, 47.6811393 ] } },
{ "type": "Feature", "properties": { "PermitNum": "6626891-DM", "HousingUnitsRemoved": "1", "IssuedDate": "2018-08-01", "Latitude": 47.62924976, "Longitude": -122.32100297, "Location1": "(47.62924976, -122.32100297)" }, "geometry": { "type": "Point", "coordinates": [ -122.321003, 47.6292498 ] } },
{ "type": "Feature", "properties": { "PermitNum": "6627842-DM", "HousingUnitsRemoved": "1", "IssuedDate": "2020-03-02", "Latitude": 47.67250633, "Longitude": -122.25261645, "Location1": "(47.67250633, -122.25261645)" }, "geometry": { "type": "Point", "coordinates": [ -122.2526165, 47.6725063 ] } },
{ "type": "Feature", "properties": { "PermitNum": "6628493-DM", "HousingUnitsRemoved": "1", "IssuedDate": "2018-04-16", "Latitude": 47.56446316, "Longitude": -122.38856584, "Location1": "(47.56446316, -122.38856584)" }, "geometry": { "type": "Point", "coordinates": [ -122.3885658, 47.5644632 ] } },
{ "type": "Feature", "properties": { "PermitNum": "6424895-DM", "HousingUnitsRemoved": "1", "IssuedDate": "2016-03-22", "Latitude": 47.69234736, "Longitude": -122.34863883, "Location1": "(47.69234736, -122.34863883)" }, "geometry": { "type": "Point", "coordinates": [ -122.3486388, 47.6923474 ] } },
{ "type": "Feature", "properties": { "PermitNum": "6516476-DM", "HousingUnitsRemoved": "0", "IssuedDate": "2016-05-10", "Latitude": 47.67671446, "Longitude": -122.34832747, "Location1": "(47.67671446, -122.34832747)" }, "geometry": { "type": "Point", "coordinates": [ -122.3483275, 47.6767145 ] } },
{ "type": "Feature", "properties": { "PermitNum": "6517566-DM", "HousingUnitsRemoved": "0", "IssuedDate": "2016-02-05", "Latitude": 47.69067092, "Longitude": -122.26750412, "Location1": "(47.69067092, -122.26750412)" }, "geometry": { "type": "Point", "coordinates": [ -122.2675041, 47.6906709 ] } },
{ "type": "Feature", "properties": { "PermitNum": "6518438-DM", "HousingUnitsRemoved": "1", "IssuedDate": "2016-06-13", "Latitude": 47.6644726, "Longitude": -122.33807396, "Location1": "(47.6644726, -122.33807396)" }, "geometry": { "type": "Point", "coordinates": [ -122.338074, 47.6644726 ] } },
{ "type": "Feature", "properties": { "PermitNum": "6567698-DM", "HousingUnitsRemoved": "1", "IssuedDate": "2017-06-05", "Latitude": 47.67508858, "Longitude": -122.39035447000001, "Location1": "(47.67508858, -122.39035447)" }, "geometry": { "type": "Point", "coordinates": [ -122.3903545, 47.6750886 ] } },
{ "type": "Feature", "properties": { "PermitNum": "6570385-DM", "HousingUnitsRemoved": "1", "IssuedDate": "2017-03-14", "Latitude": 47.67439709, "Longitude": -122.38077614, "Location1": "(47.67439709, -122.38077614)" }, "geometry": { "type": "Point", "coordinates": [ -122.3807761, 47.6743971 ] } },
{ "type": "Feature", "properties": { "PermitNum": "6571413-DM", "HousingUnitsRemoved": "1", "IssuedDate": "2017-05-26", "Latitude": 47.64428494, "Longitude": -122.35768044, "Location1": "(47.64428494, -122.35768044)" }, "geometry": { "type": "Point", "coordinates": [ -122.3576804, 47.6442849 ] } },
{ "type": "Feature", "properties": { "PermitNum": "6571743-DM", "HousingUnitsRemoved": "1", "IssuedDate": "2017-05-09", "Latitude": 47.59857119, "Longitude": -122.29803644, "Location1": "(47.59857119, -122.29803644)" }, "geometry": { "type": "Point", "coordinates": [ -122.2980364, 47.5985712 ] } },
{ "type": "Feature", "properties": { "PermitNum": "6571961-DM", "HousingUnitsRemoved": "1", "IssuedDate": "2017-02-01", "Latitude": 47.51063836, "Longitude": -122.24337985, "Location1": "(47.51063836, -122.24337985)" }, "geometry": { "type": "Point", "coordinates": [ -122.2433798, 47.5106384 ] } },
{ "type": "Feature", "properties": { "PermitNum": "6572118-DM", "HousingUnitsRemoved": "1", "IssuedDate": "2017-03-03", "Latitude": 47.58158549, "Longitude": -122.38959106, "Location1": "(47.58158549, -122.38959106)" }, "geometry": { "type": "Point", "coordinates": [ -122.3895911, 47.5815855 ] } },
{ "type": "Feature", "properties": { "PermitNum": "6614239-DM", "HousingUnitsRemoved": "1", "IssuedDate": "2017-12-26", "Latitude": 47.60365339, "Longitude": -122.31307691000001, "Location1": "(47.60365339, -122.31307691)" }, "geometry": { "type": "Point", "coordinates": [ -122.3130769, 47.6036534 ] } },
{ "type": "Feature", "properties": { "PermitNum": "6614603-DM", "HousingUnitsRemoved": "1", "IssuedDate": "2019-01-23", "Latitude": 47.59201226, "Longitude": -122.29411718, "Location1": "(47.59201226, -122.29411718)" }, "geometry": { "type": "Point", "coordinates": [ -122.2941172, 47.5920123 ] } },
{ "type": "Feature", "properties": { "PermitNum": "6618209-DM", "HousingUnitsRemoved": "1", "IssuedDate": "2019-06-13", "Latitude": 47.64100632, "Longitude": -122.3887027, "Location1": "(47.64100632, -122.3887027)" }, "geometry": { "type": "Point", "coordinates": [ -122.3887027, 47.6410063 ] } },
{ "type": "Feature", "properties": { "PermitNum": "6618880-DM", "HousingUnitsRemoved": "1", "IssuedDate": "2018-02-28", "Latitude": 47.6135892, "Longitude": -122.28685378, "Location1": "(47.6135892, -122.28685378)" }, "geometry": { "type": "Point", "coordinates": [ -122.2868538, 47.6135892 ] } },
{ "type": "Feature", "properties": { "PermitNum": "6618989-DM", "HousingUnitsRemoved": "1", "IssuedDate": "2017-09-19", "Latitude": 47.61901582, "Longitude": -122.30398601, "Location1": "(47.61901582, -122.30398601)" }, "geometry": { "type": "Point", "coordinates": [ -122.303986, 47.6190158 ] } },
{ "type": "Feature", "properties": { "PermitNum": "6478876-DM", "HousingUnitsRemoved": "1", "IssuedDate": "2016-02-05", "Latitude": 47.6461169, "Longitude": -122.35729113, "Location1": "(47.6461169, -122.35729113)" }, "geometry": { "type": "Point", "coordinates": [ -122.3572911, 47.6461169 ] } },
{ "type": "Feature", "properties": { "PermitNum": "6521747-DM", "HousingUnitsRemoved": "1", "IssuedDate": "2016-06-11", "Latitude": 47.58357534, "Longitude": -122.38433857, "Location1": "(47.58357534, -122.38433857)" }, "geometry": { "type": "Point", "coordinates": [ -122.3843386, 47.5835753 ] } },
{ "type": "Feature", "properties": { "PermitNum": "6522191-DM", "HousingUnitsRemoved": "1", "IssuedDate": "2016-03-03", "Latitude": 47.69799224, "Longitude": -122.35699929, "Location1": "(47.69799224, -122.35699929)" }, "geometry": { "type": "Point", "coordinates": [ -122.3569993, 47.6979922 ] } },
{ "type": "Feature", "properties": { "PermitNum": "6522664-DM", "HousingUnitsRemoved": "1", "IssuedDate": "2016-03-08", "Latitude": 47.68783039, "Longitude": -122.33941518, "Location1": "(47.68783039, -122.33941518)" }, "geometry": { "type": "Point", "coordinates": [ -122.3394152, 47.6878304 ] } },
{ "type": "Feature", "properties": { "PermitNum": "6523191-DM", "HousingUnitsRemoved": "1", "IssuedDate": "2016-05-09", "Latitude": 47.6777535, "Longitude": -122.28466447, "Location1": "(47.6777535, -122.28466447)" }, "geometry": { "type": "Point", "coordinates": [ -122.2846645, 47.6777535 ] } },
{ "type": "Feature", "properties": { "PermitNum": "6523821-DM", "HousingUnitsRemoved": "1", "IssuedDate": "2016-04-22", "Latitude": 47.68756175, "Longitude": -122.37440725, "Location1": "(47.68756175, -122.37440725)" }, "geometry": { "type": "Point", "coordinates": [ -122.3744073, 47.6875618 ] } },
{ "type": "Feature", "properties": { "PermitNum": "6525371-DM", "HousingUnitsRemoved": "1", "IssuedDate": "2016-08-12", "Latitude": 47.65332841, "Longitude": -122.3564112, "Location1": "(47.65332841, -122.3564112)" }, "geometry": { "type": "Point", "coordinates": [ -122.3564112, 47.6533284 ] } },
{ "type": "Feature", "properties": { "PermitNum": "6526893-DM", "HousingUnitsRemoved": "1", "IssuedDate": "2016-12-08", "Latitude": 47.65459492, "Longitude": -122.33057073000001, "Location1": "(47.65459492, -122.33057073)" }, "geometry": { "type": "Point", "coordinates": [ -122.3305707, 47.6545949 ] } },
{ "type": "Feature", "properties": { "PermitNum": "6527073-DM", "HousingUnitsRemoved": "1", "IssuedDate": "2016-04-01", "Latitude": 47.63349569, "Longitude": -122.39454366, "Location1": "(47.63349569, -122.39454366)" }, "geometry": { "type": "Point", "coordinates": [ -122.3945437, 47.6334957 ] } },
{ "type": "Feature", "properties": { "PermitNum": "6570864-DM", "HousingUnitsRemoved": "2", "IssuedDate": "2017-07-11", "Latitude": 47.69606832, "Longitude": -122.34371283, "Location1": "(47.69606832, -122.34371283)" }, "geometry": { "type": "Point", "coordinates": [ -122.3437128, 47.6960683 ] } },
{ "type": "Feature", "properties": { "PermitNum": "6571808-DM", "HousingUnitsRemoved": "1", "IssuedDate": "2016-12-15", "Latitude": 47.66109503, "Longitude": -122.35075451, "Location1": "(47.66109503, -122.35075451)" }, "geometry": { "type": "Point", "coordinates": [ -122.3507545, 47.661095 ] } },
{ "type": "Feature", "properties": { "PermitNum": "6574064-DM", "HousingUnitsRemoved": "1", "IssuedDate": "2017-03-08", "Latitude": 47.674215, "Longitude": -122.32936598000001, "Location1": "(47.674215, -122.32936598)" }, "geometry": { "type": "Point", "coordinates": [ -122.329366, 47.674215 ] } },
{ "type": "Feature", "properties": { "PermitNum": "6618617-DM", "HousingUnitsRemoved": "1", "IssuedDate": "2018-04-11", "Latitude": 47.66255649, "Longitude": -122.30624307, "Location1": "(47.66255649, -122.30624307)" }, "geometry": { "type": "Point", "coordinates": [ -122.3062431, 47.6625565 ] } },
{ "type": "Feature", "properties": { "PermitNum": "6619297-DM", "HousingUnitsRemoved": "1", "IssuedDate": "2017-09-21", "Latitude": 47.65542086, "Longitude": -122.35878186, "Location1": "(47.65542086, -122.35878186)" }, "geometry": { "type": "Point", "coordinates": [ -122.3587819, 47.6554209 ] } },
{ "type": "Feature", "properties": { "PermitNum": "6609717-DM", "HousingUnitsRemoved": "1", "IssuedDate": "2017-07-25", "Latitude": 47.7125015, "Longitude": -122.34994081000001, "Location1": "(47.7125015, -122.34994081)" }, "geometry": { "type": "Point", "coordinates": [ -122.3499408, 47.7125015 ] } },
{ "type": "Feature", "properties": { "PermitNum": "6610217-DM", "HousingUnitsRemoved": "1", "IssuedDate": "2018-04-27", "Latitude": 47.58329745, "Longitude": -122.31423846, "Location1": "(47.58329745, -122.31423846)" }, "geometry": { "type": "Point", "coordinates": [ -122.3142385, 47.5832975 ] } },
{ "type": "Feature", "properties": { "PermitNum": "6610449-DM", "HousingUnitsRemoved": "1", "IssuedDate": "2018-01-11", "Latitude": 47.58858877, "Longitude": -122.29987482, "Location1": "(47.58858877, -122.29987482)" }, "geometry": { "type": "Point", "coordinates": [ -122.2998748, 47.5885888 ] } },
{ "type": "Feature", "properties": { "PermitNum": "6611942-DM", "HousingUnitsRemoved": "1", "IssuedDate": "2017-09-15", "Latitude": 47.64539974, "Longitude": -122.38700034, "Location1": "(47.64539974, -122.38700034)" }, "geometry": { "type": "Point", "coordinates": [ -122.3870003, 47.6453997 ] } },
{ "type": "Feature", "properties": { "PermitNum": "6613171-DM", "HousingUnitsRemoved": "1", "IssuedDate": "2017-10-10", "Latitude": 47.61355339, "Longitude": -122.32651612, "Location1": "(47.61355339, -122.32651612)" }, "geometry": { "type": "Point", "coordinates": [ -122.3265161, 47.6135534 ] } },
{ "type": "Feature", "properties": { "PermitNum": "6613563-DM", "HousingUnitsRemoved": "2", "IssuedDate": "2018-04-04", "Latitude": 47.62386006, "Longitude": -122.31912611, "Location1": "(47.62386006, -122.31912611)" }, "geometry": { "type": "Point", "coordinates": [ -122.3191261, 47.6238601 ] } },
{ "type": "Feature", "properties": { "PermitNum": "6614832-DM", "HousingUnitsRemoved": "1", "IssuedDate": "2017-12-12", "Latitude": 47.68966469, "Longitude": -122.39652965000001, "Location1": "(47.68966469, -122.39652965)" }, "geometry": { "type": "Point", "coordinates": [ -122.3965297, 47.6896647 ] } },
{ "type": "Feature", "properties": { "PermitNum": "6616003-DM", "HousingUnitsRemoved": "2", "IssuedDate": "2017-08-30", "Latitude": 47.67339955, "Longitude": -122.26596828, "Location1": "(47.67339955, -122.26596828)" }, "geometry": { "type": "Point", "coordinates": [ -122.2659683, 47.6733995 ] } },
{ "type": "Feature", "properties": { "PermitNum": "6415113-DM", "HousingUnitsRemoved": "1", "IssuedDate": "2016-06-21", "Latitude": 47.58775973, "Longitude": -122.31249492000001, "Location1": "(47.58775973, -122.31249492)" }, "geometry": { "type": "Point", "coordinates": [ -122.3124949, 47.5877597 ] } },
{ "type": "Feature", "properties": { "PermitNum": "6503756-DM", "HousingUnitsRemoved": "1", "IssuedDate": "2016-06-11", "Latitude": 47.64705911, "Longitude": -122.35641639000001, "Location1": "(47.64705911, -122.35641639)" }, "geometry": { "type": "Point", "coordinates": [ -122.3564164, 47.6470591 ] } },
{ "type": "Feature", "properties": { "PermitNum": "6503936-DM", "HousingUnitsRemoved": "0", "IssuedDate": "2016-03-07", "Latitude": 47.57353629, "Longitude": -122.37787409000001, "Location1": "(47.57353629, -122.37787409)" }, "geometry": { "type": "Point", "coordinates": [ -122.3778741, 47.5735363 ] } },
{ "type": "Feature", "properties": { "PermitNum": "6504817-DM", "HousingUnitsRemoved": "1", "IssuedDate": "2017-09-21", "Latitude": 47.6711407, "Longitude": -122.38600043, "Location1": "(47.6711407, -122.38600043)" }, "geometry": { "type": "Point", "coordinates": [ -122.3860004, 47.6711407 ] } },
{ "type": "Feature", "properties": { "PermitNum": "6504918-DM", "HousingUnitsRemoved": "1", "IssuedDate": "2016-01-22", "Latitude": 47.65031037, "Longitude": -122.3407212, "Location1": "(47.65031037, -122.3407212)" }, "geometry": { "type": "Point", "coordinates": [ -122.3407212, 47.6503104 ] } },
{ "type": "Feature", "properties": { "PermitNum": "6505629-DM", "HousingUnitsRemoved": "1", "IssuedDate": "2016-11-10", "Latitude": 47.57509557, "Longitude": -122.29357017, "Location1": "(47.57509557, -122.29357017)" }, "geometry": { "type": "Point", "coordinates": [ -122.2935702, 47.5750956 ] } },
{ "type": "Feature", "properties": { "PermitNum": "6506010-DM", "HousingUnitsRemoved": "1", "IssuedDate": "2016-01-26", "Latitude": 47.67287564, "Longitude": -122.37795815, "Location1": "(47.67287564, -122.37795815)" }, "geometry": { "type": "Point", "coordinates": [ -122.3779581, 47.6728756 ] } },
{ "type": "Feature", "properties": { "PermitNum": "6507228-DM", "HousingUnitsRemoved": "1", "IssuedDate": "2016-03-11", "Latitude": 47.65881847, "Longitude": -122.34628057, "Location1": "(47.65881847, -122.34628057)" }, "geometry": { "type": "Point", "coordinates": [ -122.3462806, 47.6588185 ] } },
{ "type": "Feature", "properties": { "PermitNum": "6554941-DM", "HousingUnitsRemoved": "1", "IssuedDate": "2016-11-30", "Latitude": 47.65386964, "Longitude": -122.33970815000001, "Location1": "(47.65386964, -122.33970815)" }, "geometry": { "type": "Point", "coordinates": [ -122.3397082, 47.6538696 ] } },
{ "type": "Feature", "properties": { "PermitNum": "6556161-DM", "HousingUnitsRemoved": "1", "IssuedDate": "2016-11-03", "Latitude": 47.66955643, "Longitude": -122.32641058, "Location1": "(47.66955643, -122.32641058)" }, "geometry": { "type": "Point", "coordinates": [ -122.3264106, 47.6695564 ] } },
{ "type": "Feature", "properties": { "PermitNum": "6556187-DM", "HousingUnitsRemoved": "0", "IssuedDate": "2017-03-22", "Latitude": 47.68969384, "Longitude": -122.33296288, "Location1": "(47.68969384, -122.33296288)" }, "geometry": { "type": "Point", "coordinates": [ -122.3329629, 47.6896938 ] } },
{ "type": "Feature", "properties": { "PermitNum": "6557952-DM", "HousingUnitsRemoved": "3", "IssuedDate": "2016-12-21", "Latitude": 47.67414311, "Longitude": -122.38890976, "Location1": "(47.67414311, -122.38890976)" }, "geometry": { "type": "Point", "coordinates": [ -122.3889098, 47.6741431 ] } },
{ "type": "Feature", "properties": { "PermitNum": "6559136-DM", "HousingUnitsRemoved": "1", "IssuedDate": "2017-03-29", "Latitude": 47.63286752, "Longitude": -122.37071178, "Location1": "(47.63286752, -122.37071178)" }, "geometry": { "type": "Point", "coordinates": [ -122.3707118, 47.6328675 ] } },
{ "type": "Feature", "properties": { "PermitNum": "6559243-DM", "HousingUnitsRemoved": "1", "IssuedDate": "2017-02-01", "Latitude": 47.54290959, "Longitude": -122.32243088, "Location1": "(47.54290959, -122.32243088)" }, "geometry": { "type": "Point", "coordinates": [ -122.3224309, 47.5429096 ] } },
{ "type": "Feature", "properties": { "PermitNum": "6559410-DM", "HousingUnitsRemoved": "1", "IssuedDate": "2017-06-06", "Latitude": 47.65858181, "Longitude": -122.35151421, "Location1": "(47.65858181, -122.35151421)" }, "geometry": { "type": "Point", "coordinates": [ -122.3515142, 47.6585818 ] } },
{ "type": "Feature", "properties": { "PermitNum": "6560116-DM", "HousingUnitsRemoved": "1", "IssuedDate": "2017-08-09", "Latitude": 47.71617712, "Longitude": -122.35525449, "Location1": "(47.71617712, -122.35525449)" }, "geometry": { "type": "Point", "coordinates": [ -122.3552545, 47.7161771 ] } },
{ "type": "Feature", "properties": { "PermitNum": "6560327-DM", "HousingUnitsRemoved": "1", "IssuedDate": "2016-11-17", "Latitude": 47.67910057, "Longitude": -122.27003237, "Location1": "(47.67910057, -122.27003237)" }, "geometry": { "type": "Point", "coordinates": [ -122.2700324, 47.6791006 ] } },
{ "type": "Feature", "properties": { "PermitNum": "6601879-DM", "HousingUnitsRemoved": "1", "IssuedDate": "2017-12-15", "Latitude": 47.66915168, "Longitude": -122.36217859, "Location1": "(47.66915168, -122.36217859)" }, "geometry": { "type": "Point", "coordinates": [ -122.3621786, 47.6691517 ] } },
{ "type": "Feature", "properties": { "PermitNum": "6602229-DM", "HousingUnitsRemoved": "", "IssuedDate": "2018-03-21", "Latitude": 47.63600033, "Longitude": -122.28301188, "Location1": "(47.63600033, -122.28301188)" }, "geometry": { "type": "Point", "coordinates": [ -122.2830119, 47.6360003 ] } },
{ "type": "Feature", "properties": { "PermitNum": "6604549-DM", "HousingUnitsRemoved": "1", "IssuedDate": "2017-08-31", "Latitude": 47.68428299, "Longitude": -122.28025994, "Location1": "(47.68428299, -122.28025994)" }, "geometry": { "type": "Point", "coordinates": [ -122.2802599, 47.684283 ] } },
{ "type": "Feature", "properties": { "PermitNum": "6650783-DM", "HousingUnitsRemoved": "1", "IssuedDate": "2019-01-04", "Latitude": 47.56889092, "Longitude": -122.36085403, "Location1": "(47.56889092, -122.36085403)" }, "geometry": { "type": "Point", "coordinates": [ -122.360854, 47.5688909 ] } },
{ "type": "Feature", "properties": { "PermitNum": "6651139-DM", "HousingUnitsRemoved": "", "IssuedDate": "2019-08-05", "Latitude": 47.73397016, "Longitude": -122.34269002000001, "Location1": "(47.73397016, -122.34269002)" }, "geometry": { "type": "Point", "coordinates": [ -122.34269, 47.7339702 ] } },
{ "type": "Feature", "properties": { "PermitNum": "6652594-DM", "HousingUnitsRemoved": "1", "IssuedDate": "2022-02-02", "Latitude": 47.58177388, "Longitude": -122.3155112, "Location1": "(47.58177388, -122.3155112)" }, "geometry": { "type": "Point", "coordinates": [ -122.3155112, 47.5817739 ] } },
{ "type": "Feature", "properties": { "PermitNum": "6653504-DM", "HousingUnitsRemoved": "1", "IssuedDate": "2019-02-15", "Latitude": 47.73340043, "Longitude": -122.3427516, "Location1": "(47.73340043, -122.3427516)" }, "geometry": { "type": "Point", "coordinates": [ -122.3427516, 47.7334004 ] } },
{ "type": "Feature", "properties": { "PermitNum": "6653897-DM", "HousingUnitsRemoved": "1", "IssuedDate": "2019-02-19", "Latitude": 47.63652873, "Longitude": -122.31935169, "Location1": "(47.63652873, -122.31935169)" }, "geometry": { "type": "Point", "coordinates": [ -122.3193517, 47.6365287 ] } },
{ "type": "Feature", "properties": { "PermitNum": "6654439-DM", "HousingUnitsRemoved": "1", "IssuedDate": "2020-08-18", "Latitude": 47.58181567, "Longitude": -122.31579554, "Location1": "(47.58181567, -122.31579554)" }, "geometry": { "type": "Point", "coordinates": [ -122.3157955, 47.5818157 ] } },
{ "type": "Feature", "properties": { "PermitNum": "6655653-DM", "HousingUnitsRemoved": "4", "IssuedDate": "2019-06-17", "Latitude": 47.66919202, "Longitude": -122.31216972, "Location1": "(47.66919202, -122.31216972)" }, "geometry": { "type": "Point", "coordinates": [ -122.3121697, 47.669192 ] } },
{ "type": "Feature", "properties": { "PermitNum": "6657348-DM", "HousingUnitsRemoved": "0", "IssuedDate": "2019-07-02", "Latitude": 47.55453468, "Longitude": -122.36240782, "Location1": "(47.55453468, -122.36240782)" }, "geometry": { "type": "Point", "coordinates": [ -122.3624078, 47.5545347 ] } },
{ "type": "Feature", "properties": { "PermitNum": "6556549-DM", "HousingUnitsRemoved": "1", "IssuedDate": "2017-05-18", "Latitude": 47.66841191, "Longitude": -122.36012303, "Location1": "(47.66841191, -122.36012303)" }, "geometry": { "type": "Point", "coordinates": [ -122.360123, 47.6684119 ] } },
{ "type": "Feature", "properties": { "PermitNum": "6558058-DM", "HousingUnitsRemoved": "0", "IssuedDate": "2017-02-01", "Latitude": 47.54435254, "Longitude": -122.38845807, "Location1": "(47.54435254, -122.38845807)" }, "geometry": { "type": "Point", "coordinates": [ -122.3884581, 47.5443525 ] } },
{ "type": "Feature", "properties": { "PermitNum": "6559322-DM", "HousingUnitsRemoved": "5", "IssuedDate": "2017-03-01", "Latitude": 47.55722935, "Longitude": -122.28596699000001, "Location1": "(47.55722935, -122.28596699)" }, "geometry": { "type": "Point", "coordinates": [ -122.285967, 47.5572294 ] } },
{ "type": "Feature", "properties": { "PermitNum": "6559585-DM", "HousingUnitsRemoved": "2", "IssuedDate": "2017-04-09", "Latitude": 47.67507606, "Longitude": -122.38990567, "Location1": "(47.67507606, -122.38990567)" }, "geometry": { "type": "Point", "coordinates": [ -122.3899057, 47.6750761 ] } },
{ "type": "Feature", "properties": { "PermitNum": "6560473-DM", "HousingUnitsRemoved": "1", "IssuedDate": "2018-03-13", "Latitude": 47.58879056, "Longitude": -122.31507819, "Location1": "(47.58879056, -122.31507819)" }, "geometry": { "type": "Point", "coordinates": [ -122.3150782, 47.5887906 ] } },
{ "type": "Feature", "properties": { "PermitNum": "6561472-DM", "HousingUnitsRemoved": "1", "IssuedDate": "2016-12-22", "Latitude": 47.67341648, "Longitude": -122.35614787, "Location1": "(47.67341648, -122.35614787)" }, "geometry": { "type": "Point", "coordinates": [ -122.3561479, 47.6734165 ] } },
{ "type": "Feature", "properties": { "PermitNum": "6562215-DM", "HousingUnitsRemoved": "1", "IssuedDate": "2016-11-16", "Latitude": 47.55997722, "Longitude": -122.36393364, "Location1": "(47.55997722, -122.36393364)" }, "geometry": { "type": "Point", "coordinates": [ -122.3639336, 47.5599772 ] } },
{ "type": "Feature", "properties": { "PermitNum": "6562309-DM", "HousingUnitsRemoved": "1", "IssuedDate": "2017-06-27", "Latitude": 47.69074989, "Longitude": -122.38026179000001, "Location1": "(47.69074989, -122.38026179)" }, "geometry": { "type": "Point", "coordinates": [ -122.3802618, 47.6907499 ] } },
{ "type": "Feature", "properties": { "PermitNum": "6604833-DM", "HousingUnitsRemoved": "1", "IssuedDate": "2018-03-19", "Latitude": 47.61718246, "Longitude": -122.31782677, "Location1": "(47.61718246, -122.31782677)" }, "geometry": { "type": "Point", "coordinates": [ -122.3178268, 47.6171825 ] } },
{ "type": "Feature", "properties": { "PermitNum": "6607884-DM", "HousingUnitsRemoved": "1", "IssuedDate": "2017-12-06", "Latitude": 47.7066077, "Longitude": -122.28629233, "Location1": "(47.7066077, -122.28629233)" }, "geometry": { "type": "Point", "coordinates": [ -122.2862923, 47.7066077 ] } },
{ "type": "Feature", "properties": { "PermitNum": "6607926-DM", "HousingUnitsRemoved": "1", "IssuedDate": "2017-11-20", "Latitude": 47.66072211, "Longitude": -122.35163909000001, "Location1": "(47.66072211, -122.35163909)" }, "geometry": { "type": "Point", "coordinates": [ -122.3516391, 47.6607221 ] } },
{ "type": "Feature", "properties": { "PermitNum": "6655214-DM", "HousingUnitsRemoved": "1", "IssuedDate": "2018-11-07", "Latitude": 47.67109603, "Longitude": -122.41252299, "Location1": "(47.67109603, -122.41252299)" }, "geometry": { "type": "Point", "coordinates": [ -122.412523, 47.671096 ] } },
{ "type": "Feature", "properties": { "PermitNum": "6656139-DM", "HousingUnitsRemoved": "1", "IssuedDate": "2018-09-03", "Latitude": 47.67803904, "Longitude": -122.38789189000001, "Location1": "(47.67803904, -122.38789189)" }, "geometry": { "type": "Point", "coordinates": [ -122.3878919, 47.678039 ] } },
{ "type": "Feature", "properties": { "PermitNum": "6656964-DM", "HousingUnitsRemoved": "1", "IssuedDate": "2018-10-11", "Latitude": 47.64774448, "Longitude": -122.38232647, "Location1": "(47.64774448, -122.38232647)" }, "geometry": { "type": "Point", "coordinates": [ -122.3823265, 47.6477445 ] } },
{ "type": "Feature", "properties": { "PermitNum": "6657329-DM", "HousingUnitsRemoved": "1", "IssuedDate": "2019-05-14", "Latitude": 47.66378622, "Longitude": -122.35299458, "Location1": "(47.66378622, -122.35299458)" }, "geometry": { "type": "Point", "coordinates": [ -122.3529946, 47.6637862 ] } },
{ "type": "Feature", "properties": { "PermitNum": "6658519-DM", "HousingUnitsRemoved": "1", "IssuedDate": "2018-10-23", "Latitude": 47.69606084, "Longitude": -122.31698544, "Location1": "(47.69606084, -122.31698544)" }, "geometry": { "type": "Point", "coordinates": [ -122.3169854, 47.6960608 ] } },
{ "type": "Feature", "properties": { "PermitNum": "6658756-DM", "HousingUnitsRemoved": "1", "IssuedDate": "2018-11-30", "Latitude": 47.69277535, "Longitude": -122.3582991, "Location1": "(47.69277535, -122.3582991)" }, "geometry": { "type": "Point", "coordinates": [ -122.3582991, 47.6927753 ] } },
{ "type": "Feature", "properties": { "PermitNum": "6658938-DM", "HousingUnitsRemoved": "1", "IssuedDate": "2019-02-15", "Latitude": 47.53956564, "Longitude": -122.38759327, "Location1": "(47.53956564, -122.38759327)" }, "geometry": { "type": "Point", "coordinates": [ -122.3875933, 47.5395656 ] } },
{ "type": "Feature", "properties": { "PermitNum": "6457869-DM", "HousingUnitsRemoved": "0", "IssuedDate": "2016-03-28", "Latitude": 47.58936886, "Longitude": -122.31208263000001, "Location1": "(47.58936886, -122.31208263)" }, "geometry": { "type": "Point", "coordinates": [ -122.3120826, 47.5893689 ] } },
{ "type": "Feature", "properties": { "PermitNum": "6497340-DM", "HousingUnitsRemoved": "1", "IssuedDate": "2016-05-16", "Latitude": 47.62282817, "Longitude": -122.29965487, "Location1": "(47.62282817, -122.29965487)" }, "geometry": { "type": "Point", "coordinates": [ -122.2996549, 47.6228282 ] } },
{ "type": "Feature", "properties": { "PermitNum": "6497498-DM", "HousingUnitsRemoved": "1", "IssuedDate": "2016-02-05", "Latitude": 47.66252461, "Longitude": -122.27863925, "Location1": "(47.66252461, -122.27863925)" }, "geometry": { "type": "Point", "coordinates": [ -122.2786392, 47.6625246 ] } },
{ "type": "Feature", "properties": { "PermitNum": "6497600-DM", "HousingUnitsRemoved": "5", "IssuedDate": "2016-05-03", "Latitude": 47.63885302, "Longitude": -122.32421394000001, "Location1": "(47.63885302, -122.32421394)" }, "geometry": { "type": "Point", "coordinates": [ -122.3242139, 47.638853 ] } },
{ "type": "Feature", "properties": { "PermitNum": "6497616-DM", "HousingUnitsRemoved": "0", "IssuedDate": "2016-11-21", "Latitude": 47.69172722, "Longitude": -122.34266618, "Location1": "(47.69172722, -122.34266618)" }, "geometry": { "type": "Point", "coordinates": [ -122.3426662, 47.6917272 ] } },
{ "type": "Feature", "properties": { "PermitNum": "6501200-DM", "HousingUnitsRemoved": "1", "IssuedDate": "2016-02-18", "Latitude": 47.67208769, "Longitude": -122.32423135000001, "Location1": "(47.67208769, -122.32423135)" }, "geometry": { "type": "Point", "coordinates": [ -122.3242314, 47.6720877 ] } },
{ "type": "Feature", "properties": { "PermitNum": "6548878-DM", "HousingUnitsRemoved": "0", "IssuedDate": "2017-04-10", "Latitude": 47.67596867, "Longitude": -122.31463059, "Location1": "(47.67596867, -122.31463059)" }, "geometry": { "type": "Point", "coordinates": [ -122.3146306, 47.6759687 ] } },
{ "type": "Feature", "properties": { "PermitNum": "6550455-DM", "HousingUnitsRemoved": "0", "IssuedDate": "2016-12-21", "Latitude": 47.69031086, "Longitude": -122.38023349, "Location1": "(47.69031086, -122.38023349)" }, "geometry": { "type": "Point", "coordinates": [ -122.3802335, 47.6903109 ] } },
{ "type": "Feature", "properties": { "PermitNum": "6550733-DM", "HousingUnitsRemoved": "1", "IssuedDate": "2016-08-10", "Latitude": 47.65423496, "Longitude": -122.39597309, "Location1": "(47.65423496, -122.39597309)" }, "geometry": { "type": "Point", "coordinates": [ -122.3959731, 47.654235 ] } },
{ "type": "Feature", "properties": { "PermitNum": "6552153-DM", "HousingUnitsRemoved": "1", "IssuedDate": "2016-12-16", "Latitude": 47.68217171, "Longitude": -122.39779884, "Location1": "(47.68217171, -122.39779884)" }, "geometry": { "type": "Point", "coordinates": [ -122.3977988, 47.6821717 ] } },
{ "type": "Feature", "properties": { "PermitNum": "6553163-DM", "HousingUnitsRemoved": "1", "IssuedDate": "2016-10-13", "Latitude": 47.69357285, "Longitude": -122.36838028, "Location1": "(47.69357285, -122.36838028)" }, "geometry": { "type": "Point", "coordinates": [ -122.3683803, 47.6935729 ] } },
{ "type": "Feature", "properties": { "PermitNum": "6597173-DM", "HousingUnitsRemoved": "1", "IssuedDate": "2017-10-25", "Latitude": 47.52056151, "Longitude": -122.35423662, "Location1": "(47.52056151, -122.35423662)" }, "geometry": { "type": "Point", "coordinates": [ -122.3542366, 47.5205615 ] } },
{ "type": "Feature", "properties": { "PermitNum": "6599400-DM", "HousingUnitsRemoved": "1", "IssuedDate": "2017-09-20", "Latitude": 47.68963322, "Longitude": -122.2884408, "Location1": "(47.68963322, -122.2884408)" }, "geometry": { "type": "Point", "coordinates": [ -122.2884408, 47.6896332 ] } },
{ "type": "Feature", "properties": { "PermitNum": "6599858-DM", "HousingUnitsRemoved": "1", "IssuedDate": "2020-08-03", "Latitude": 47.7045823, "Longitude": -122.36523986, "Location1": "(47.7045823, -122.36523986)" }, "geometry": { "type": "Point", "coordinates": [ -122.3652399, 47.7045823 ] } },
{ "type": "Feature", "properties": { "PermitNum": "6600530-DM", "HousingUnitsRemoved": "1", "IssuedDate": "2017-08-14", "Latitude": 47.69217535, "Longitude": -122.33963341, "Location1": "(47.69217535, -122.33963341)" }, "geometry": { "type": "Point", "coordinates": [ -122.3396334, 47.6921753 ] } },
{ "type": "Feature", "properties": { "PermitNum": "6551474-DM", "HousingUnitsRemoved": "1", "IssuedDate": "2016-11-04", "Latitude": 47.5549562, "Longitude": -122.31410748, "Location1": "(47.5549562, -122.31410748)" }, "geometry": { "type": "Point", "coordinates": [ -122.3141075, 47.5549562 ] } },
{ "type": "Feature", "properties": { "PermitNum": "6552698-DM", "HousingUnitsRemoved": "1", "IssuedDate": "2016-11-08", "Latitude": 47.70403347, "Longitude": -122.36903901, "Location1": "(47.70403347, -122.36903901)" }, "geometry": { "type": "Point", "coordinates": [ -122.369039, 47.7040335 ] } },
{ "type": "Feature", "properties": { "PermitNum": "6552759-DM", "HousingUnitsRemoved": "1", "IssuedDate": "2017-10-19", "Latitude": 47.69545824, "Longitude": -122.34372181000001, "Location1": "(47.69545824, -122.34372181)" }, "geometry": { "type": "Point", "coordinates": [ -122.3437218, 47.6954582 ] } },
{ "type": "Feature", "properties": { "PermitNum": "6553129-DM", "HousingUnitsRemoved": "1", "IssuedDate": "2016-08-24", "Latitude": 47.67283557, "Longitude": -122.29567761, "Location1": "(47.67283557, -122.29567761)" }, "geometry": { "type": "Point", "coordinates": [ -122.2956776, 47.6728356 ] } },
{ "type": "Feature", "properties": { "PermitNum": "6554208-DM", "HousingUnitsRemoved": "1", "IssuedDate": "2016-11-22", "Latitude": 47.69546764, "Longitude": -122.28914811, "Location1": "(47.69546764, -122.28914811)" }, "geometry": { "type": "Point", "coordinates": [ -122.2891481, 47.6954676 ] } },
{ "type": "Feature", "properties": { "PermitNum": "6554599-DM", "HousingUnitsRemoved": "0", "IssuedDate": "2016-09-02", "Latitude": 47.61946586, "Longitude": -122.31911396, "Location1": "(47.61946586, -122.31911396)" }, "geometry": { "type": "Point", "coordinates": [ -122.319114, 47.6194659 ] } },
{ "type": "Feature", "properties": { "PermitNum": "6555327-DM", "HousingUnitsRemoved": "1", "IssuedDate": "2016-12-13", "Latitude": 47.70741682, "Longitude": -122.27870738, "Location1": "(47.70741682, -122.27870738)" }, "geometry": { "type": "Point", "coordinates": [ -122.2787074, 47.7074168 ] } },
{ "type": "Feature", "properties": { "PermitNum": "6555357-DM", "HousingUnitsRemoved": "0", "IssuedDate": "2017-08-22", "Latitude": 47.60586039, "Longitude": -122.31312169, "Location1": "(47.60586039, -122.31312169)" }, "geometry": { "type": "Point", "coordinates": [ -122.3131217, 47.6058604 ] } },
{ "type": "Feature", "properties": { "PermitNum": "6555586-DM", "HousingUnitsRemoved": "1", "IssuedDate": "2017-04-23", "Latitude": 47.68214391, "Longitude": -122.35281096, "Location1": "(47.68214391, -122.35281096)" }, "geometry": { "type": "Point", "coordinates": [ -122.352811, 47.6821439 ] } },
{ "type": "Feature", "properties": { "PermitNum": "6556176-DM", "HousingUnitsRemoved": "1", "IssuedDate": "2017-10-12", "Latitude": 47.70343993, "Longitude": -122.34984891000001, "Location1": "(47.70343993, -122.34984891)" }, "geometry": { "type": "Point", "coordinates": [ -122.3498489, 47.7034399 ] } },
{ "type": "Feature", "properties": { "PermitNum": "6597615-DM", "HousingUnitsRemoved": "1", "IssuedDate": "2017-09-22", "Latitude": 47.69122468, "Longitude": -122.32609218, "Location1": "(47.69122468, -122.32609218)" }, "geometry": { "type": "Point", "coordinates": [ -122.3260922, 47.6912247 ] } },
{ "type": "Feature", "properties": { "PermitNum": "6600547-DM", "HousingUnitsRemoved": "1", "IssuedDate": "2017-11-16", "Latitude": 47.60329366, "Longitude": -122.30994896, "Location1": "(47.60329366, -122.30994896)" }, "geometry": { "type": "Point", "coordinates": [ -122.309949, 47.6032937 ] } },
{ "type": "Feature", "properties": { "PermitNum": "6601380-DM", "HousingUnitsRemoved": "1", "IssuedDate": "2018-02-09", "Latitude": 47.64246442, "Longitude": -122.4052542, "Location1": "(47.64246442, -122.4052542)" }, "geometry": { "type": "Point", "coordinates": [ -122.4052542, 47.6424644 ] } },
{ "type": "Feature", "properties": { "PermitNum": "6601686-DM", "HousingUnitsRemoved": "1", "IssuedDate": "2019-04-12", "Latitude": 47.70787032, "Longitude": -122.34178575, "Location1": "(47.70787032, -122.34178575)" }, "geometry": { "type": "Point", "coordinates": [ -122.3417857, 47.7078703 ] } },
{ "type": "Feature", "properties": { "PermitNum": "6647922-DM", "HousingUnitsRemoved": "0", "IssuedDate": "2020-09-03", "Latitude": 47.65188375, "Longitude": -122.34887157, "Location1": "(47.65188375, -122.34887157)" }, "geometry": { "type": "Point", "coordinates": [ -122.3488716, 47.6518838 ] } },
{ "type": "Feature", "properties": { "PermitNum": "6649075-DM", "HousingUnitsRemoved": "1", "IssuedDate": "2019-10-03", "Latitude": 47.55695365, "Longitude": -122.38120273, "Location1": "(47.55695365, -122.38120273)" }, "geometry": { "type": "Point", "coordinates": [ -122.3812027, 47.5569536 ] } },
{ "type": "Feature", "properties": { "PermitNum": "6649085-DM", "HousingUnitsRemoved": "1", "IssuedDate": "2019-02-07", "Latitude": 47.64181753, "Longitude": -122.39388506, "Location1": "(47.64181753, -122.39388506)" }, "geometry": { "type": "Point", "coordinates": [ -122.3938851, 47.6418175 ] } },
{ "type": "Feature", "properties": { "PermitNum": "6650514-DM", "HousingUnitsRemoved": "1", "IssuedDate": "2018-09-18", "Latitude": 47.67148353, "Longitude": -122.37793406, "Location1": "(47.67148353, -122.37793406)" }, "geometry": { "type": "Point", "coordinates": [ -122.3779341, 47.6714835 ] } },
{ "type": "Feature", "properties": { "PermitNum": "6651204-DM", "HousingUnitsRemoved": "1", "IssuedDate": "2018-10-12", "Latitude": 47.68460116, "Longitude": -122.29563045, "Location1": "(47.68460116, -122.29563045)" }, "geometry": { "type": "Point", "coordinates": [ -122.2956305, 47.6846012 ] } },
{ "type": "Feature", "properties": { "PermitNum": "6652133-DM", "HousingUnitsRemoved": "1", "IssuedDate": "2018-08-21", "Latitude": 47.61996947, "Longitude": -122.30448702, "Location1": "(47.61996947, -122.30448702)" }, "geometry": { "type": "Point", "coordinates": [ -122.304487, 47.6199695 ] } },
{ "type": "Feature", "properties": { "PermitNum": "6653946-DM", "HousingUnitsRemoved": "1", "IssuedDate": "2019-01-30", "Latitude": 47.51988063, "Longitude": -122.27085259, "Location1": "(47.51988063, -122.27085259)" }, "geometry": { "type": "Point", "coordinates": [ -122.2708526, 47.5198806 ] } },
{ "type": "Feature", "properties": { "PermitNum": "6406370-DM", "HousingUnitsRemoved": "1", "IssuedDate": "2016-09-12", "Latitude": 47.52438376, "Longitude": -122.28046461, "Location1": "(47.52438376, -122.28046461)" }, "geometry": { "type": "Point", "coordinates": [ -122.2804646, 47.5243838 ] } },
{ "type": "Feature", "properties": { "PermitNum": "6453350-DM", "HousingUnitsRemoved": "1", "IssuedDate": "2016-02-18", "Latitude": 47.55719417, "Longitude": -122.38100835, "Location1": "(47.55719417, -122.38100835)" }, "geometry": { "type": "Point", "coordinates": [ -122.3810084, 47.5571942 ] } },
{ "type": "Feature", "properties": { "PermitNum": "6491607-DM", "HousingUnitsRemoved": "0", "IssuedDate": "2016-02-24", "Latitude": 47.56615334, "Longitude": -122.36356481, "Location1": "(47.56615334, -122.36356481)" }, "geometry": { "type": "Point", "coordinates": [ -122.3635648, 47.5661533 ] } },
{ "type": "Feature", "properties": { "PermitNum": "6493256-DM", "HousingUnitsRemoved": "4", "IssuedDate": "2016-01-13", "Latitude": 47.61953122, "Longitude": -122.31724182000001, "Location1": "(47.61953122, -122.31724182)" }, "geometry": { "type": "Point", "coordinates": [ -122.3172418, 47.6195312 ] } },
{ "type": "Feature", "properties": { "PermitNum": "6493257-DM", "HousingUnitsRemoved": "2", "IssuedDate": "2016-01-13", "Latitude": 47.61941132, "Longitude": -122.31723377, "Location1": "(47.61941132, -122.31723377)" }, "geometry": { "type": "Point", "coordinates": [ -122.3172338, 47.6194113 ] } },
{ "type": "Feature", "properties": { "PermitNum": "6493509-DM", "HousingUnitsRemoved": "6", "IssuedDate": "2016-07-07", "Latitude": 47.62662831, "Longitude": -122.31772938, "Location1": "(47.62662831, -122.31772938)" }, "geometry": { "type": "Point", "coordinates": [ -122.3177294, 47.6266283 ] } },
{ "type": "Feature", "properties": { "PermitNum": "6493642-DM", "HousingUnitsRemoved": "1", "IssuedDate": "2016-03-23", "Latitude": 47.6733064, "Longitude": -122.37669591, "Location1": "(47.6733064, -122.37669591)" }, "geometry": { "type": "Point", "coordinates": [ -122.3766959, 47.6733064 ] } },
{ "type": "Feature", "properties": { "PermitNum": "6494208-DM", "HousingUnitsRemoved": "0", "IssuedDate": "2016-05-24", "Latitude": 47.66568889, "Longitude": -122.2803238, "Location1": "(47.66568889, -122.2803238)" }, "geometry": { "type": "Point", "coordinates": [ -122.2803238, 47.6656889 ] } },
{ "type": "Feature", "properties": { "PermitNum": "6494434-DM", "HousingUnitsRemoved": "0", "IssuedDate": "2016-07-10", "Latitude": 47.66241119, "Longitude": -122.33982376, "Location1": "(47.66241119, -122.33982376)" }, "geometry": { "type": "Point", "coordinates": [ -122.3398238, 47.6624112 ] } },
{ "type": "Feature", "properties": { "PermitNum": "6494591-DM", "HousingUnitsRemoved": "1", "IssuedDate": "2016-01-27", "Latitude": 47.60365347, "Longitude": -122.30950914, "Location1": "(47.60365347, -122.30950914)" }, "geometry": { "type": "Point", "coordinates": [ -122.3095091, 47.6036535 ] } },
{ "type": "Feature", "properties": { "PermitNum": "6494772-DM", "HousingUnitsRemoved": "0", "IssuedDate": "2016-03-16", "Latitude": 47.54621511, "Longitude": -122.38625028, "Location1": "(47.54621511, -122.38625028)" }, "geometry": { "type": "Point", "coordinates": [ -122.3862503, 47.5462151 ] } },
{ "type": "Feature", "properties": { "PermitNum": "6496143-DM", "HousingUnitsRemoved": "0", "IssuedDate": "2016-02-01", "Latitude": 47.57243891, "Longitude": -122.37794767, "Location1": "(47.57243891, -122.37794767)" }, "geometry": { "type": "Point", "coordinates": [ -122.3779477, 47.5724389 ] } },
{ "type": "Feature", "properties": { "PermitNum": "6541828-DM", "HousingUnitsRemoved": "1", "IssuedDate": "2017-02-22", "Latitude": 47.69214847, "Longitude": -122.37579138, "Location1": "(47.69214847, -122.37579138)" }, "geometry": { "type": "Point", "coordinates": [ -122.3757914, 47.6921485 ] } },
{ "type": "Feature", "properties": { "PermitNum": "6546702-DM", "HousingUnitsRemoved": "0", "IssuedDate": "2016-12-27", "Latitude": 47.67254909, "Longitude": -122.3801407, "Location1": "(47.67254909, -122.3801407)" }, "geometry": { "type": "Point", "coordinates": [ -122.3801407, 47.6725491 ] } },
{ "type": "Feature", "properties": { "PermitNum": "6590404-DM", "HousingUnitsRemoved": "0", "IssuedDate": "2018-02-13", "Latitude": 47.69198768, "Longitude": -122.30559373, "Location1": "(47.69198768, -122.30559373)" }, "geometry": { "type": "Point", "coordinates": [ -122.3055937, 47.6919877 ] } },
{ "type": "Feature", "properties": { "PermitNum": "6591400-DM", "HousingUnitsRemoved": "", "IssuedDate": "2017-04-17", "Latitude": 47.55026015, "Longitude": -122.27389324000001, "Location1": "(47.55026015, -122.27389324)" }, "geometry": { "type": "Point", "coordinates": [ -122.2738932, 47.5502601 ] } },
{ "type": "Feature", "properties": { "PermitNum": "6595574-DM", "HousingUnitsRemoved": "1", "IssuedDate": "2018-02-23", "Latitude": 47.52032971, "Longitude": -122.3554479, "Location1": "(47.52032971, -122.3554479)" }, "geometry": { "type": "Point", "coordinates": [ -122.3554479, 47.5203297 ] } },
{ "type": "Feature", "properties": { "PermitNum": "6631845-DM", "HousingUnitsRemoved": "0", "IssuedDate": "2019-07-18", "Latitude": 47.61814267, "Longitude": -122.35392471, "Location1": "(47.61814267, -122.35392471)" }, "geometry": { "type": "Point", "coordinates": [ -122.3539247, 47.6181427 ] } },
{ "type": "Feature", "properties": { "PermitNum": "6633391-DM", "HousingUnitsRemoved": "1", "IssuedDate": "2018-05-17", "Latitude": 47.67051083, "Longitude": -122.27412857, "Location1": "(47.67051083, -122.27412857)" }, "geometry": { "type": "Point", "coordinates": [ -122.2741286, 47.6705108 ] } },
{ "type": "Feature", "properties": { "PermitNum": "6635787-DM", "HousingUnitsRemoved": "0", "IssuedDate": "2019-10-02", "Latitude": 47.52164651, "Longitude": -122.35736824, "Location1": "(47.52164651, -122.35736824)" }, "geometry": { "type": "Point", "coordinates": [ -122.3573682, 47.5216465 ] } },
{ "type": "Feature", "properties": { "PermitNum": "6636235-DM", "HousingUnitsRemoved": "1", "IssuedDate": "2020-10-20", "Latitude": 47.55646432, "Longitude": -122.36327811, "Location1": "(47.55646432, -122.36327811)" }, "geometry": { "type": "Point", "coordinates": [ -122.3632781, 47.5564643 ] } },
{ "type": "Feature", "properties": { "PermitNum": "6636525-DM", "HousingUnitsRemoved": "1", "IssuedDate": "2018-03-02", "Latitude": 47.62363902, "Longitude": -122.28292908, "Location1": "(47.62363902, -122.28292908)" }, "geometry": { "type": "Point", "coordinates": [ -122.2829291, 47.623639 ] } },
{ "type": "Feature", "properties": { "PermitNum": "6637483-DM", "HousingUnitsRemoved": "1", "IssuedDate": "2019-09-24", "Latitude": 47.67665935, "Longitude": -122.27495989000001, "Location1": "(47.67665935, -122.27495989)" }, "geometry": { "type": "Point", "coordinates": [ -122.2749599, 47.6766594 ] } },
{ "type": "Feature", "properties": { "PermitNum": "6637630-DM", "HousingUnitsRemoved": "1", "IssuedDate": "2018-09-13", "Latitude": 47.68026843, "Longitude": -122.26807178, "Location1": "(47.68026843, -122.26807178)" }, "geometry": { "type": "Point", "coordinates": [ -122.2680718, 47.6802684 ] } },
{ "type": "Feature", "properties": { "PermitNum": "6479966-DM", "HousingUnitsRemoved": "0", "IssuedDate": "2016-02-18", "Latitude": 47.65840603, "Longitude": -122.32112632, "Location1": "(47.65840603, -122.32112632)" }, "geometry": { "type": "Point", "coordinates": [ -122.3211263, 47.658406 ] } },
{ "type": "Feature", "properties": { "PermitNum": "6480170-DM", "HousingUnitsRemoved": "0", "IssuedDate": "2016-12-02", "Latitude": 47.70709252, "Longitude": -122.32226305, "Location1": "(47.70709252, -122.32226305)" }, "geometry": { "type": "Point", "coordinates": [ -122.3222631, 47.7070925 ] } },
{ "type": "Feature", "properties": { "PermitNum": "6481232-DM", "HousingUnitsRemoved": "3", "IssuedDate": "2016-04-13", "Latitude": 47.62629031, "Longitude": -122.32268625, "Location1": "(47.62629031, -122.32268625)" }, "geometry": { "type": "Point", "coordinates": [ -122.3226863, 47.6262903 ] } },
{ "type": "Feature", "properties": { "PermitNum": "6482073-DM", "HousingUnitsRemoved": "1", "IssuedDate": "2016-01-19", "Latitude": 47.67869607, "Longitude": -122.30316559000001, "Location1": "(47.67869607, -122.30316559)" }, "geometry": { "type": "Point", "coordinates": [ -122.3031656, 47.6786961 ] } },
{ "type": "Feature", "properties": { "PermitNum": "6482406-DM", "HousingUnitsRemoved": "1", "IssuedDate": "2016-07-10", "Latitude": 47.67188745, "Longitude": -122.33010722, "Location1": "(47.67188745, -122.33010722)" }, "geometry": { "type": "Point", "coordinates": [ -122.3301072, 47.6718874 ] } },
{ "type": "Feature", "properties": { "PermitNum": "6524288-DM", "HousingUnitsRemoved": "3", "IssuedDate": "2016-03-16", "Latitude": 47.69809113, "Longitude": -122.34929928, "Location1": "(47.69809113, -122.34929928)" }, "geometry": { "type": "Point", "coordinates": [ -122.3492993, 47.6980911 ] } },
{ "type": "Feature", "properties": { "PermitNum": "6524747-DM", "HousingUnitsRemoved": "1", "IssuedDate": "2016-06-22", "Latitude": 47.57328986, "Longitude": -122.28621227, "Location1": "(47.57328986, -122.28621227)" }, "geometry": { "type": "Point", "coordinates": [ -122.2862123, 47.5732899 ] } },
{ "type": "Feature", "properties": { "PermitNum": "6527397-DM", "HousingUnitsRemoved": "1", "IssuedDate": "2016-08-25", "Latitude": 47.60835914, "Longitude": -122.31309618, "Location1": "(47.60835914, -122.31309618)" }, "geometry": { "type": "Point", "coordinates": [ -122.3130962, 47.6083591 ] } },
{ "type": "Feature", "properties": { "PermitNum": "6528644-DM", "HousingUnitsRemoved": "1", "IssuedDate": "2016-06-11", "Latitude": 47.68776395, "Longitude": -122.37014094, "Location1": "(47.68776395, -122.37014094)" }, "geometry": { "type": "Point", "coordinates": [ -122.3701409, 47.6877639 ] } },
{ "type": "Feature", "properties": { "PermitNum": "6529349-DM", "HousingUnitsRemoved": "1", "IssuedDate": "2016-12-22", "Latitude": 47.69394199, "Longitude": -122.35422874, "Location1": "(47.69394199, -122.35422874)" }, "geometry": { "type": "Point", "coordinates": [ -122.3542287, 47.693942 ] } },
{ "type": "Feature", "properties": { "PermitNum": "6529454-DM", "HousingUnitsRemoved": "1", "IssuedDate": "2016-10-13", "Latitude": 47.66152566, "Longitude": -122.35095379000001, "Location1": "(47.66152566, -122.35095379)" }, "geometry": { "type": "Point", "coordinates": [ -122.3509538, 47.6615257 ] } },
{ "type": "Feature", "properties": { "PermitNum": "6573717-DM", "HousingUnitsRemoved": "1", "IssuedDate": "2017-03-01", "Latitude": 47.56228035, "Longitude": -122.39307162, "Location1": "(47.56228035, -122.39307162)" }, "geometry": { "type": "Point", "coordinates": [ -122.3930716, 47.5622804 ] } },
{ "type": "Feature", "properties": { "PermitNum": "6575660-DM", "HousingUnitsRemoved": "1", "IssuedDate": "2021-05-02", "Latitude": 47.62215844, "Longitude": -122.28279281, "Location1": "(47.62215844, -122.28279281)" }, "geometry": { "type": "Point", "coordinates": [ -122.2827928, 47.6221584 ] } },
{ "type": "Feature", "properties": { "PermitNum": "6576106-DM", "HousingUnitsRemoved": "1", "IssuedDate": "2017-01-13", "Latitude": 47.61219289, "Longitude": -122.30728505, "Location1": "(47.61219289, -122.30728505)" }, "geometry": { "type": "Point", "coordinates": [ -122.3072851, 47.6121929 ] } },
{ "type": "Feature", "properties": { "PermitNum": "6576950-DM", "HousingUnitsRemoved": "1", "IssuedDate": "2017-10-26", "Latitude": 47.58730797, "Longitude": -122.30924424, "Location1": "(47.58730797, -122.30924424)" }, "geometry": { "type": "Point", "coordinates": [ -122.3092442, 47.587308 ] } },
{ "type": "Feature", "properties": { "PermitNum": "6577133-DM", "HousingUnitsRemoved": "0", "IssuedDate": "2017-06-09", "Latitude": 47.72130261, "Longitude": -122.29687403, "Location1": "(47.72130261, -122.29687403)" }, "geometry": { "type": "Point", "coordinates": [ -122.296874, 47.7213026 ] } },
{ "type": "Feature", "properties": { "PermitNum": "6619963-DM", "HousingUnitsRemoved": "1", "IssuedDate": "2017-10-02", "Latitude": 47.52163912, "Longitude": -122.35809767000001, "Location1": "(47.52163912, -122.35809767)" }, "geometry": { "type": "Point", "coordinates": [ -122.3580977, 47.5216391 ] } },
{ "type": "Feature", "properties": { "PermitNum": "6622450-DM", "HousingUnitsRemoved": "3", "IssuedDate": "2019-01-08", "Latitude": 47.69301576, "Longitude": -122.34289519, "Location1": "(47.69301576, -122.34289519)" }, "geometry": { "type": "Point", "coordinates": [ -122.3428952, 47.6930158 ] } },
{ "type": "Feature", "properties": { "PermitNum": "6623007-DM", "HousingUnitsRemoved": "1", "IssuedDate": "2018-04-26", "Latitude": 47.67782834, "Longitude": -122.40141421, "Location1": "(47.67782834, -122.40141421)" }, "geometry": { "type": "Point", "coordinates": [ -122.4014142, 47.6778283 ] } },
{ "type": "Feature", "properties": { "PermitNum": "6623411-DM", "HousingUnitsRemoved": "1", "IssuedDate": "2018-08-06", "Latitude": 47.67619275, "Longitude": -122.35488456, "Location1": "(47.67619275, -122.35488456)" }, "geometry": { "type": "Point", "coordinates": [ -122.3548846, 47.6761927 ] } },
{ "type": "Feature", "properties": { "PermitNum": "6568043-DM", "HousingUnitsRemoved": "1", "IssuedDate": "2017-05-01", "Latitude": 47.68984205, "Longitude": -122.33298187, "Location1": "(47.68984205, -122.33298187)" }, "geometry": { "type": "Point", "coordinates": [ -122.3329819, 47.6898421 ] } },
{ "type": "Feature", "properties": { "PermitNum": "6568397-DM", "HousingUnitsRemoved": "1", "IssuedDate": "2017-03-27", "Latitude": 47.61456684, "Longitude": -122.30721924, "Location1": "(47.61456684, -122.30721924)" }, "geometry": { "type": "Point", "coordinates": [ -122.3072192, 47.6145668 ] } },
{ "type": "Feature", "properties": { "PermitNum": "6568475-DM", "HousingUnitsRemoved": "0", "IssuedDate": "2017-02-24", "Latitude": 47.66811142, "Longitude": -122.33087611000001, "Location1": "(47.66811142, -122.33087611)" }, "geometry": { "type": "Point", "coordinates": [ -122.3308761, 47.6681114 ] } },
{ "type": "Feature", "properties": { "PermitNum": "6568924-DM", "HousingUnitsRemoved": "1", "IssuedDate": "2017-03-06", "Latitude": 47.69395073, "Longitude": -122.33548344, "Location1": "(47.69395073, -122.33548344)" }, "geometry": { "type": "Point", "coordinates": [ -122.3354834, 47.6939507 ] } },
{ "type": "Feature", "properties": { "PermitNum": "6569956-DM", "HousingUnitsRemoved": "1", "IssuedDate": "2018-12-28", "Latitude": 47.65093322, "Longitude": -122.37571049, "Location1": "(47.65093322, -122.37571049)" }, "geometry": { "type": "Point", "coordinates": [ -122.3757105, 47.6509332 ] } },
{ "type": "Feature", "properties": { "PermitNum": "6570668-DM", "HousingUnitsRemoved": "1", "IssuedDate": "2019-10-25", "Latitude": 47.67045002, "Longitude": -122.31717028, "Location1": "(47.67045002, -122.31717028)" }, "geometry": { "type": "Point", "coordinates": [ -122.3171703, 47.67045 ] } },
{ "type": "Feature", "properties": { "PermitNum": "6572892-DM", "HousingUnitsRemoved": "1", "IssuedDate": "2017-03-01", "Latitude": 47.64601258, "Longitude": -122.38440759, "Location1": "(47.64601258, -122.38440759)" }, "geometry": { "type": "Point", "coordinates": [ -122.3844076, 47.6460126 ] } },
{ "type": "Feature", "properties": { "PermitNum": "6613816-DM", "HousingUnitsRemoved": "1", "IssuedDate": "2018-03-13", "Latitude": 47.65732505, "Longitude": -122.34833305, "Location1": "(47.65732505, -122.34833305)" }, "geometry": { "type": "Point", "coordinates": [ -122.348333, 47.657325 ] } },
{ "type": "Feature", "properties": { "PermitNum": "6614609-DM", "HousingUnitsRemoved": "1", "IssuedDate": "2018-05-30", "Latitude": 47.69369983, "Longitude": -122.362525, "Location1": "(47.69369983, -122.362525)" }, "geometry": { "type": "Point", "coordinates": [ -122.362525, 47.6936998 ] } },
{ "type": "Feature", "properties": { "PermitNum": "6615860-DM", "HousingUnitsRemoved": "1", "IssuedDate": "2018-08-07", "Latitude": 47.5905726, "Longitude": -122.31464241, "Location1": "(47.5905726, -122.31464241)" }, "geometry": { "type": "Point", "coordinates": [ -122.3146424, 47.5905726 ] } },
{ "type": "Feature", "properties": { "PermitNum": "6616324-DM", "HousingUnitsRemoved": "1", "IssuedDate": "2018-05-31", "Latitude": 47.6743318, "Longitude": -122.3653719, "Location1": "(47.6743318, -122.3653719)" }, "geometry": { "type": "Point", "coordinates": [ -122.3653719, 47.6743318 ] } },
{ "type": "Feature", "properties": { "PermitNum": "6475157-DM", "HousingUnitsRemoved": "1", "IssuedDate": "2016-01-14", "Latitude": 47.63662567, "Longitude": -122.37411584, "Location1": "(47.63662567, -122.37411584)" }, "geometry": { "type": "Point", "coordinates": [ -122.3741158, 47.6366257 ] } },
{ "type": "Feature", "properties": { "PermitNum": "6521024-DM", "HousingUnitsRemoved": "", "IssuedDate": "2017-11-01", "Latitude": 47.56574476, "Longitude": -122.37709604, "Location1": "(47.56574476, -122.37709604)" }, "geometry": { "type": "Point", "coordinates": [ -122.377096, 47.5657448 ] } },
{ "type": "Feature", "properties": { "PermitNum": "6521372-DM", "HousingUnitsRemoved": "1", "IssuedDate": "2016-05-04", "Latitude": 47.68750132, "Longitude": -122.3543299, "Location1": "(47.68750132, -122.3543299)" }, "geometry": { "type": "Point", "coordinates": [ -122.3543299, 47.6875013 ] } },
{ "type": "Feature", "properties": { "PermitNum": "6521878-DM", "HousingUnitsRemoved": "1", "IssuedDate": "2016-05-17", "Latitude": 47.69735442, "Longitude": -122.29691396, "Location1": "(47.69735442, -122.29691396)" }, "geometry": { "type": "Point", "coordinates": [ -122.296914, 47.6973544 ] } },
{ "type": "Feature", "properties": { "PermitNum": "6522478-DM", "HousingUnitsRemoved": "0", "IssuedDate": "2016-08-02", "Latitude": 47.68649203, "Longitude": -122.26828501, "Location1": "(47.68649203, -122.26828501)" }, "geometry": { "type": "Point", "coordinates": [ -122.268285, 47.686492 ] } },
{ "type": "Feature", "properties": { "PermitNum": "6522769-DM", "HousingUnitsRemoved": "1", "IssuedDate": "2016-03-15", "Latitude": 47.5576585, "Longitude": -122.39660347, "Location1": "(47.5576585, -122.39660347)" }, "geometry": { "type": "Point", "coordinates": [ -122.3966035, 47.5576585 ] } },
{ "type": "Feature", "properties": { "PermitNum": "6522964-DM", "HousingUnitsRemoved": "1", "IssuedDate": "2016-03-08", "Latitude": 47.68469649, "Longitude": -122.3010748, "Location1": "(47.68469649, -122.3010748)" }, "geometry": { "type": "Point", "coordinates": [ -122.3010748, 47.6846965 ] } },
{ "type": "Feature", "properties": { "PermitNum": "6525296-DM", "HousingUnitsRemoved": "1", "IssuedDate": "2016-12-28", "Latitude": 47.6840174, "Longitude": -122.30323031, "Location1": "(47.6840174, -122.30323031)" }, "geometry": { "type": "Point", "coordinates": [ -122.3032303, 47.6840174 ] } },
{ "type": "Feature", "properties": { "PermitNum": "6525780-DM", "HousingUnitsRemoved": "1", "IssuedDate": "2016-08-03", "Latitude": 47.67079472, "Longitude": -122.30085275, "Location1": "(47.67079472, -122.30085275)" }, "geometry": { "type": "Point", "coordinates": [ -122.3008528, 47.6707947 ] } },
{ "type": "Feature", "properties": { "PermitNum": "6525838-DM", "HousingUnitsRemoved": "1", "IssuedDate": "2016-04-13", "Latitude": 47.5222024, "Longitude": -122.35429337, "Location1": "(47.5222024, -122.35429337)" }, "geometry": { "type": "Point", "coordinates": [ -122.3542934, 47.5222024 ] } },
{ "type": "Feature", "properties": { "PermitNum": "6566555-DM", "HousingUnitsRemoved": "1", "IssuedDate": "2017-04-17", "Latitude": 47.55651072, "Longitude": -122.28852733, "Location1": "(47.55651072, -122.28852733)" }, "geometry": { "type": "Point", "coordinates": [ -122.2885273, 47.5565107 ] } },
{ "type": "Feature", "properties": { "PermitNum": "6569377-DM", "HousingUnitsRemoved": "2", "IssuedDate": "2018-05-29", "Latitude": 47.71723635, "Longitude": -122.30835187, "Location1": "(47.71723635, -122.30835187)" }, "geometry": { "type": "Point", "coordinates": [ -122.3083519, 47.7172364 ] } },
{ "type": "Feature", "properties": { "PermitNum": "6571013-DM", "HousingUnitsRemoved": "1", "IssuedDate": "2017-02-28", "Latitude": 47.6776628, "Longitude": -122.35614769, "Location1": "(47.6776628, -122.35614769)" }, "geometry": { "type": "Point", "coordinates": [ -122.3561477, 47.6776628 ] } },
{ "type": "Feature", "properties": { "PermitNum": "6612086-DM", "HousingUnitsRemoved": "1", "IssuedDate": "2017-11-01", "Latitude": 47.68065222, "Longitude": -122.30137624, "Location1": "(47.68065222, -122.30137624)" }, "geometry": { "type": "Point", "coordinates": [ -122.3013762, 47.6806522 ] } },
{ "type": "Feature", "properties": { "PermitNum": "6612375-DM", "HousingUnitsRemoved": "1", "IssuedDate": "2018-04-11", "Latitude": 47.5549145, "Longitude": -122.38098061, "Location1": "(47.5549145, -122.38098061)" }, "geometry": { "type": "Point", "coordinates": [ -122.3809806, 47.5549145 ] } },
{ "type": "Feature", "properties": { "PermitNum": "6612888-DM", "HousingUnitsRemoved": "1", "IssuedDate": "2017-11-01", "Latitude": 47.68716184, "Longitude": -122.3577424, "Location1": "(47.68716184, -122.3577424)" }, "geometry": { "type": "Point", "coordinates": [ -122.3577424, 47.6871618 ] } },
{ "type": "Feature", "properties": { "PermitNum": "6613678-DM", "HousingUnitsRemoved": "1", "IssuedDate": "2017-08-22", "Latitude": 47.68228556, "Longitude": -122.37549187, "Location1": "(47.68228556, -122.37549187)" }, "geometry": { "type": "Point", "coordinates": [ -122.3754919, 47.6822856 ] } },
{ "type": "Feature", "properties": { "PermitNum": "6615684-DM", "HousingUnitsRemoved": "1", "IssuedDate": "2018-03-14", "Latitude": 47.67802412, "Longitude": -122.26695106, "Location1": "(47.67802412, -122.26695106)" }, "geometry": { "type": "Point", "coordinates": [ -122.2669511, 47.6780241 ] } },
{ "type": "Feature", "properties": { "PermitNum": "6523218-DM", "HousingUnitsRemoved": "3", "IssuedDate": "2017-11-25", "Latitude": 47.65376324, "Longitude": -122.35934283, "Location1": "(47.65376324, -122.35934283)" }, "geometry": { "type": "Point", "coordinates": [ -122.3593428, 47.6537632 ] } },
{ "type": "Feature", "properties": { "PermitNum": "6523346-DM", "HousingUnitsRemoved": "1", "IssuedDate": "2016-08-31", "Latitude": 47.54895519, "Longitude": -122.35955885, "Location1": "(47.54895519, -122.35955885)" }, "geometry": { "type": "Point", "coordinates": [ -122.3595588, 47.5489552 ] } },
{ "type": "Feature", "properties": { "PermitNum": "6525080-DM", "HousingUnitsRemoved": "4", "IssuedDate": "2016-07-28", "Latitude": 47.60390298, "Longitude": -122.30917262, "Location1": "(47.60390298, -122.30917262)" }, "geometry": { "type": "Point", "coordinates": [ -122.3091726, 47.603903 ] } },
{ "type": "Feature", "properties": { "PermitNum": "6525147-DM", "HousingUnitsRemoved": "1", "IssuedDate": "2016-08-01", "Latitude": 47.65964654, "Longitude": -122.32544255000001, "Location1": "(47.65964654, -122.32544255)" }, "geometry": { "type": "Point", "coordinates": [ -122.3254426, 47.6596465 ] } },
{ "type": "Feature", "properties": { "PermitNum": "6526965-DM", "HousingUnitsRemoved": "1", "IssuedDate": "2016-05-24", "Latitude": 47.66366962, "Longitude": -122.40266021, "Location1": "(47.66366962, -122.40266021)" }, "geometry": { "type": "Point", "coordinates": [ -122.4026602, 47.6636696 ] } },
{ "type": "Feature", "properties": { "PermitNum": "6529367-DM", "HousingUnitsRemoved": "1", "IssuedDate": "2016-08-03", "Latitude": 47.71129713, "Longitude": -122.30591875, "Location1": "(47.71129713, -122.30591875)" }, "geometry": { "type": "Point", "coordinates": [ -122.3059188, 47.7112971 ] } },
{ "type": "Feature", "properties": { "PermitNum": "6575161-DM", "HousingUnitsRemoved": "1", "IssuedDate": "2017-06-13", "Latitude": 47.69022676, "Longitude": -122.37180216, "Location1": "(47.69022676, -122.37180216)" }, "geometry": { "type": "Point", "coordinates": [ -122.3718022, 47.6902268 ] } },
{ "type": "Feature", "properties": { "PermitNum": "6575181-DM", "HousingUnitsRemoved": "1", "IssuedDate": "2017-12-26", "Latitude": 47.56499302, "Longitude": -122.28567758, "Location1": "(47.56499302, -122.28567758)" }, "geometry": { "type": "Point", "coordinates": [ -122.2856776, 47.564993 ] } },
{ "type": "Feature", "properties": { "PermitNum": "6577045-DM", "HousingUnitsRemoved": "2", "IssuedDate": "2017-07-06", "Latitude": 47.57628545, "Longitude": -122.41055338, "Location1": "(47.57628545, -122.41055338)" }, "geometry": { "type": "Point", "coordinates": [ -122.4105534, 47.5762855 ] } },
{ "type": "Feature", "properties": { "PermitNum": "6577686-DM", "HousingUnitsRemoved": "1", "IssuedDate": "2017-05-26", "Latitude": 47.63957538, "Longitude": -122.27871455, "Location1": "(47.63957538, -122.27871455)" }, "geometry": { "type": "Point", "coordinates": [ -122.2787146, 47.6395754 ] } },
{ "type": "Feature", "properties": { "PermitNum": "6577938-DM", "HousingUnitsRemoved": "1", "IssuedDate": "2017-04-23", "Latitude": 47.64078293, "Longitude": -122.30015363, "Location1": "(47.64078293, -122.30015363)" }, "geometry": { "type": "Point", "coordinates": [ -122.3001536, 47.6407829 ] } },
{ "type": "Feature", "properties": { "PermitNum": "6621281-DM", "HousingUnitsRemoved": "2", "IssuedDate": "2020-10-12", "Latitude": 47.58080454, "Longitude": -122.31445962, "Location1": "(47.58080454, -122.31445962)" }, "geometry": { "type": "Point", "coordinates": [ -122.3144596, 47.5808045 ] } },
{ "type": "Feature", "properties": { "PermitNum": "6622529-DM", "HousingUnitsRemoved": "1", "IssuedDate": "2018-05-18", "Latitude": 47.68079224, "Longitude": -122.32272826000001, "Location1": "(47.68079224, -122.32272826)" }, "geometry": { "type": "Point", "coordinates": [ -122.3227283, 47.6807922 ] } },
{ "type": "Feature", "properties": { "PermitNum": "6623610-DM", "HousingUnitsRemoved": "1", "IssuedDate": "2018-06-25", "Latitude": 47.59500594, "Longitude": -122.30144086, "Location1": "(47.59500594, -122.30144086)" }, "geometry": { "type": "Point", "coordinates": [ -122.3014409, 47.5950059 ] } },
{ "type": "Feature", "properties": { "PermitNum": "6624288-DM", "HousingUnitsRemoved": "2", "IssuedDate": "2018-07-19", "Latitude": 47.62136949, "Longitude": -122.31969773, "Location1": "(47.62136949, -122.31969773)" }, "geometry": { "type": "Point", "coordinates": [ -122.3196977, 47.6213695 ] } },
{ "type": "Feature", "properties": { "PermitNum": "6466710-DM", "HousingUnitsRemoved": "0", "IssuedDate": "2016-08-03", "Latitude": 47.69916362, "Longitude": -122.27564099, "Location1": "(47.69916362, -122.27564099)" }, "geometry": { "type": "Point", "coordinates": [ -122.275641, 47.6991636 ] } },
{ "type": "Feature", "properties": { "PermitNum": "6469293-DM", "HousingUnitsRemoved": "1", "IssuedDate": "2016-03-08", "Latitude": 47.69539054, "Longitude": -122.37373096, "Location1": "(47.69539054, -122.37373096)" }, "geometry": { "type": "Point", "coordinates": [ -122.373731, 47.6953905 ] } },
{ "type": "Feature", "properties": { "PermitNum": "6512991-DM", "HousingUnitsRemoved": "1", "IssuedDate": "2016-03-18", "Latitude": 47.6541709, "Longitude": -122.37340708000001, "Location1": "(47.6541709, -122.37340708)" }, "geometry": { "type": "Point", "coordinates": [ -122.3734071, 47.6541709 ] } },
{ "type": "Feature", "properties": { "PermitNum": "6513092-DM", "HousingUnitsRemoved": "1", "IssuedDate": "2016-01-13", "Latitude": 47.72317061, "Longitude": -122.30376387, "Location1": "(47.72317061, -122.30376387)" }, "geometry": { "type": "Point", "coordinates": [ -122.3037639, 47.7231706 ] } },
{ "type": "Feature", "properties": { "PermitNum": "6513775-DM", "HousingUnitsRemoved": "1", "IssuedDate": "2016-08-02", "Latitude": 47.56584713, "Longitude": -122.39920434, "Location1": "(47.56584713, -122.39920434)" }, "geometry": { "type": "Point", "coordinates": [ -122.3992043, 47.5658471 ] } },
{ "type": "Feature", "properties": { "PermitNum": "6514817-DM", "HousingUnitsRemoved": "1", "IssuedDate": "2016-03-09", "Latitude": 47.7007901, "Longitude": -122.38650845, "Location1": "(47.7007901, -122.38650845)" }, "geometry": { "type": "Point", "coordinates": [ -122.3865084, 47.7007901 ] } },
{ "type": "Feature", "properties": { "PermitNum": "6515793-DM", "HousingUnitsRemoved": "0", "IssuedDate": "2016-05-31", "Latitude": 47.68791332, "Longitude": -122.37917999, "Location1": "(47.68791332, -122.37917999)" }, "geometry": { "type": "Point", "coordinates": [ -122.37918, 47.6879133 ] } },
{ "type": "Feature", "properties": { "PermitNum": "6516042-DM", "HousingUnitsRemoved": "1", "IssuedDate": "2016-05-20", "Latitude": 47.66958821, "Longitude": -122.28717299, "Location1": "(47.66958821, -122.28717299)" }, "geometry": { "type": "Point", "coordinates": [ -122.287173, 47.6695882 ] } },
{ "type": "Feature", "properties": { "PermitNum": "6517747-DM", "HousingUnitsRemoved": "1", "IssuedDate": "2016-07-19", "Latitude": 47.68348077, "Longitude": -122.35174712, "Location1": "(47.68348077, -122.35174712)" }, "geometry": { "type": "Point", "coordinates": [ -122.3517471, 47.6834808 ] } },
{ "type": "Feature", "properties": { "PermitNum": "6563048-DM", "HousingUnitsRemoved": "1", "IssuedDate": "2016-12-17", "Latitude": 47.68288379, "Longitude": -122.38029596, "Location1": "(47.68288379, -122.38029596)" }, "geometry": { "type": "Point", "coordinates": [ -122.380296, 47.6828838 ] } },
{ "type": "Feature", "properties": { "PermitNum": "6563108-DM", "HousingUnitsRemoved": "1", "IssuedDate": "2017-07-05", "Latitude": 47.63845831, "Longitude": -122.3441809, "Location1": "(47.63845831, -122.3441809)" }, "geometry": { "type": "Point", "coordinates": [ -122.3441809, 47.6384583 ] } },
{ "type": "Feature", "properties": { "PermitNum": "6564486-DM", "HousingUnitsRemoved": "1", "IssuedDate": "2017-06-13", "Latitude": 47.72469132, "Longitude": -122.31015068000001, "Location1": "(47.72469132, -122.31015068)" }, "geometry": { "type": "Point", "coordinates": [ -122.3101507, 47.7246913 ] } },
{ "type": "Feature", "properties": { "PermitNum": "6565594-DM", "HousingUnitsRemoved": "1", "IssuedDate": "2017-07-25", "Latitude": 47.59499811, "Longitude": -122.29990644, "Location1": "(47.59499811, -122.29990644)" }, "geometry": { "type": "Point", "coordinates": [ -122.2999064, 47.5949981 ] } },
{ "type": "Feature", "properties": { "PermitNum": "6566343-DM", "HousingUnitsRemoved": "1", "IssuedDate": "2017-04-03", "Latitude": 47.58723572, "Longitude": -122.31708576, "Location1": "(47.58723572, -122.31708576)" }, "geometry": { "type": "Point", "coordinates": [ -122.3170858, 47.5872357 ] } },
{ "type": "Feature", "properties": { "PermitNum": "6566569-DM", "HousingUnitsRemoved": "1", "IssuedDate": "2017-04-27", "Latitude": 47.53634266, "Longitude": -122.36604073, "Location1": "(47.53634266, -122.36604073)" }, "geometry": { "type": "Point", "coordinates": [ -122.3660407, 47.5363427 ] } },
{ "type": "Feature", "properties": { "PermitNum": "6567220-DM", "HousingUnitsRemoved": "1", "IssuedDate": "2017-05-10", "Latitude": 47.6393967, "Longitude": -122.28362431, "Location1": "(47.6393967, -122.28362431)" }, "geometry": { "type": "Point", "coordinates": [ -122.2836243, 47.6393967 ] } },
{ "type": "Feature", "properties": { "PermitNum": "6567436-DM", "HousingUnitsRemoved": "1", "IssuedDate": "2017-02-08", "Latitude": 47.68604371, "Longitude": -122.37819608, "Location1": "(47.68604371, -122.37819608)" }, "geometry": { "type": "Point", "coordinates": [ -122.3781961, 47.6860437 ] } },
{ "type": "Feature", "properties": { "PermitNum": "6506221-DM", "HousingUnitsRemoved": "3", "IssuedDate": "2016-07-22", "Latitude": 47.67284763, "Longitude": -122.3849818, "Location1": "(47.67284763, -122.3849818)" }, "geometry": { "type": "Point", "coordinates": [ -122.3849818, 47.6728476 ] } },
{ "type": "Feature", "properties": { "PermitNum": "6506902-DM", "HousingUnitsRemoved": "0", "IssuedDate": "2016-08-09", "Latitude": 47.64785365, "Longitude": -122.38362923, "Location1": "(47.64785365, -122.38362923)" }, "geometry": { "type": "Point", "coordinates": [ -122.3836292, 47.6478537 ] } },
{ "type": "Feature", "properties": { "PermitNum": "6507307-DM", "HousingUnitsRemoved": "2", "IssuedDate": "2016-06-10", "Latitude": 47.66269869, "Longitude": -122.34928634000001, "Location1": "(47.66269869, -122.34928634)" }, "geometry": { "type": "Point", "coordinates": [ -122.3492863, 47.6626987 ] } },
{ "type": "Feature", "properties": { "PermitNum": "6508146-DM", "HousingUnitsRemoved": "1", "IssuedDate": "2016-03-03", "Latitude": 47.61025028, "Longitude": -122.30605349, "Location1": "(47.61025028, -122.30605349)" }, "geometry": { "type": "Point", "coordinates": [ -122.3060535, 47.6102503 ] } },
{ "type": "Feature", "properties": { "PermitNum": "6508764-DM", "HousingUnitsRemoved": "1", "IssuedDate": "2016-08-11", "Latitude": 47.68300136, "Longitude": -122.38778624, "Location1": "(47.68300136, -122.38778624)" }, "geometry": { "type": "Point", "coordinates": [ -122.3877862, 47.6830014 ] } },
{ "type": "Feature", "properties": { "PermitNum": "6510452-DM", "HousingUnitsRemoved": "0", "IssuedDate": "2016-05-09", "Latitude": 47.5948778, "Longitude": -122.3013816, "Location1": "(47.5948778, -122.3013816)" }, "geometry": { "type": "Point", "coordinates": [ -122.3013816, 47.5948778 ] } },
{ "type": "Feature", "properties": { "PermitNum": "6511056-DM", "HousingUnitsRemoved": "1", "IssuedDate": "2016-07-25", "Latitude": 47.68142675, "Longitude": -122.32236833, "Location1": "(47.68142675, -122.32236833)" }, "geometry": { "type": "Point", "coordinates": [ -122.3223683, 47.6814267 ] } },
{ "type": "Feature", "properties": { "PermitNum": "6555774-DM", "HousingUnitsRemoved": "1", "IssuedDate": "2016-10-18", "Latitude": 47.6536629, "Longitude": -122.39987517, "Location1": "(47.6536629, -122.39987517)" }, "geometry": { "type": "Point", "coordinates": [ -122.3998752, 47.6536629 ] } },
{ "type": "Feature", "properties": { "PermitNum": "6558562-DM", "HousingUnitsRemoved": "1", "IssuedDate": "2016-12-14", "Latitude": 47.56600104, "Longitude": -122.37272296, "Location1": "(47.56600104, -122.37272296)" }, "geometry": { "type": "Point", "coordinates": [ -122.372723, 47.566001 ] } },
{ "type": "Feature", "properties": { "PermitNum": "6560625-DM", "HousingUnitsRemoved": "0", "IssuedDate": "2017-05-26", "Latitude": 47.65858284, "Longitude": -122.35142156000001, "Location1": "(47.65858284, -122.35142156)" }, "geometry": { "type": "Point", "coordinates": [ -122.3514216, 47.6585828 ] } },
{ "type": "Feature", "properties": { "PermitNum": "6601737-DM", "HousingUnitsRemoved": "1", "IssuedDate": "2018-03-22", "Latitude": 47.65608685, "Longitude": -122.39974138, "Location1": "(47.65608685, -122.39974138)" }, "geometry": { "type": "Point", "coordinates": [ -122.3997414, 47.6560869 ] } },
{ "type": "Feature", "properties": { "PermitNum": "6603218-DM", "HousingUnitsRemoved": "1", "IssuedDate": "2020-10-14", "Latitude": 47.54808553, "Longitude": -122.30398099, "Location1": "(47.54808553, -122.30398099)" }, "geometry": { "type": "Point", "coordinates": [ -122.303981, 47.5480855 ] } },
{ "type": "Feature", "properties": { "PermitNum": "6415204-DM", "HousingUnitsRemoved": "1", "IssuedDate": "2016-05-06", "Latitude": 47.6718259, "Longitude": -122.39717889000001, "Location1": "(47.6718259, -122.39717889)" }, "geometry": { "type": "Point", "coordinates": [ -122.3971789, 47.6718259 ] } },
{ "type": "Feature", "properties": { "PermitNum": "6510245-DM", "HousingUnitsRemoved": "1", "IssuedDate": "2017-01-27", "Latitude": 47.70113955, "Longitude": -122.33924199, "Location1": "(47.70113955, -122.33924199)" }, "geometry": { "type": "Point", "coordinates": [ -122.339242, 47.7011396 ] } },
{ "type": "Feature", "properties": { "PermitNum": "6510606-DM", "HousingUnitsRemoved": "1", "IssuedDate": "2016-03-22", "Latitude": 47.62192909, "Longitude": -122.29396548, "Location1": "(47.62192909, -122.29396548)" }, "geometry": { "type": "Point", "coordinates": [ -122.2939655, 47.6219291 ] } },
{ "type": "Feature", "properties": { "PermitNum": "6511200-DM", "HousingUnitsRemoved": "1", "IssuedDate": "2016-06-06", "Latitude": 47.54873632, "Longitude": -122.39438542000001, "Location1": "(47.54873632, -122.39438542)" }, "geometry": { "type": "Point", "coordinates": [ -122.3943854, 47.5487363 ] } },
{ "type": "Feature", "properties": { "PermitNum": "6515907-DM", "HousingUnitsRemoved": "1", "IssuedDate": "2016-09-21", "Latitude": 47.56704327, "Longitude": -122.29557218, "Location1": "(47.56704327, -122.29557218)" }, "geometry": { "type": "Point", "coordinates": [ -122.2955722, 47.5670433 ] } },
{ "type": "Feature", "properties": { "PermitNum": "6564254-DM", "HousingUnitsRemoved": "", "IssuedDate": "2017-05-02", "Latitude": 47.60332557, "Longitude": -122.32097946, "Location1": "(47.60332557, -122.32097946)" }, "geometry": { "type": "Point", "coordinates": [ -122.3209795, 47.6033256 ] } },
{ "type": "Feature", "properties": { "PermitNum": "6564255-DM", "HousingUnitsRemoved": "", "IssuedDate": "2017-05-02", "Latitude": 47.60343071, "Longitude": -122.32169846, "Location1": "(47.60343071, -122.32169846)" }, "geometry": { "type": "Point", "coordinates": [ -122.3216985, 47.6034307 ] } },
{ "type": "Feature", "properties": { "PermitNum": "6564544-DM", "HousingUnitsRemoved": "1", "IssuedDate": "2016-12-08", "Latitude": 47.69107597, "Longitude": -122.37014329, "Location1": "(47.69107597, -122.37014329)" }, "geometry": { "type": "Point", "coordinates": [ -122.3701433, 47.691076 ] } },
{ "type": "Feature", "properties": { "PermitNum": "6565548-DM", "HousingUnitsRemoved": "1", "IssuedDate": "2017-03-21", "Latitude": 47.6737077, "Longitude": -122.38371284, "Location1": "(47.6737077, -122.38371284)" }, "geometry": { "type": "Point", "coordinates": [ -122.3837128, 47.6737077 ] } },
{ "type": "Feature", "properties": { "PermitNum": "6566330-DM", "HousingUnitsRemoved": "1", "IssuedDate": "2017-07-11", "Latitude": 47.57026062, "Longitude": -122.3599254, "Location1": "(47.57026062, -122.3599254)" }, "geometry": { "type": "Point", "coordinates": [ -122.3599254, 47.5702606 ] } },
{ "type": "Feature", "properties": { "PermitNum": "6609263-DM", "HousingUnitsRemoved": "1", "IssuedDate": "2018-01-24", "Latitude": 47.67111583, "Longitude": -122.391759, "Location1": "(47.67111583, -122.391759)" }, "geometry": { "type": "Point", "coordinates": [ -122.391759, 47.6711158 ] } },
{ "type": "Feature", "properties": { "PermitNum": "6609513-DM", "HousingUnitsRemoved": "6", "IssuedDate": "2017-10-10", "Latitude": 47.60152888, "Longitude": -122.31837858, "Location1": "(47.60152888, -122.31837858)" }, "geometry": { "type": "Point", "coordinates": [ -122.3183786, 47.6015289 ] } },
{ "type": "Feature", "properties": { "PermitNum": "6609516-DM", "HousingUnitsRemoved": "9", "IssuedDate": "2017-10-10", "Latitude": 47.60122044, "Longitude": -122.3178838, "Location1": "(47.60122044, -122.3178838)" }, "geometry": { "type": "Point", "coordinates": [ -122.3178838, 47.6012204 ] } },
{ "type": "Feature", "properties": { "PermitNum": "6412362-DM", "HousingUnitsRemoved": "0", "IssuedDate": "2016-06-06", "Latitude": 47.62603942, "Longitude": -122.32163015, "Location1": "(47.62603942, -122.32163015)" }, "geometry": { "type": "Point", "coordinates": [ -122.3216302, 47.6260394 ] } },
{ "type": "Feature", "properties": { "PermitNum": "6502723-DM", "HousingUnitsRemoved": "0", "IssuedDate": "2016-05-24", "Latitude": 47.56020117, "Longitude": -122.36262437000001, "Location1": "(47.56020117, -122.36262437)" }, "geometry": { "type": "Point", "coordinates": [ -122.3626244, 47.5602012 ] } },
{ "type": "Feature", "properties": { "PermitNum": "6503135-DM", "HousingUnitsRemoved": "4", "IssuedDate": "2016-11-30", "Latitude": 47.62140793, "Longitude": -122.31646878, "Location1": "(47.62140793, -122.31646878)" }, "geometry": { "type": "Point", "coordinates": [ -122.3164688, 47.6214079 ] } },
{ "type": "Feature", "properties": { "PermitNum": "6504651-DM", "HousingUnitsRemoved": "2", "IssuedDate": "2016-09-29", "Latitude": 47.6824085, "Longitude": -122.32526921, "Location1": "(47.6824085, -122.32526921)" }, "geometry": { "type": "Point", "coordinates": [ -122.3252692, 47.6824085 ] } },
{ "type": "Feature", "properties": { "PermitNum": "6505630-DM", "HousingUnitsRemoved": "1", "IssuedDate": "2017-01-24", "Latitude": 47.5749166, "Longitude": -122.29371409, "Location1": "(47.5749166, -122.29371409)" }, "geometry": { "type": "Point", "coordinates": [ -122.2937141, 47.5749166 ] } },
{ "type": "Feature", "properties": { "PermitNum": "6505842-DM", "HousingUnitsRemoved": "1", "IssuedDate": "2016-04-05", "Latitude": 47.57052204, "Longitude": -122.40930759, "Location1": "(47.57052204, -122.40930759)" }, "geometry": { "type": "Point", "coordinates": [ -122.4093076, 47.570522 ] } },
{ "type": "Feature", "properties": { "PermitNum": "6548544-DM", "HousingUnitsRemoved": "4", "IssuedDate": "2017-08-16", "Latitude": 47.63580478, "Longitude": -122.37095752, "Location1": "(47.63580478, -122.37095752)" }, "geometry": { "type": "Point", "coordinates": [ -122.3709575, 47.6358048 ] } },
{ "type": "Feature", "properties": { "PermitNum": "6548752-DM", "HousingUnitsRemoved": "1", "IssuedDate": "2016-09-07", "Latitude": 47.64920338, "Longitude": -122.40707772, "Location1": "(47.64920338, -122.40707772)" }, "geometry": { "type": "Point", "coordinates": [ -122.4070777, 47.6492034 ] } },
{ "type": "Feature", "properties": { "PermitNum": "6551931-DM", "HousingUnitsRemoved": "1", "IssuedDate": "2017-02-27", "Latitude": 47.64399999, "Longitude": -122.36859432, "Location1": "(47.64399999, -122.36859432)" }, "geometry": { "type": "Point", "coordinates": [ -122.3685943, 47.644 ] } },
{ "type": "Feature", "properties": { "PermitNum": "6552179-DM", "HousingUnitsRemoved": "1", "IssuedDate": "2016-08-18", "Latitude": 47.66812575, "Longitude": -122.33461972000001, "Location1": "(47.66812575, -122.33461972)" }, "geometry": { "type": "Point", "coordinates": [ -122.3346197, 47.6681258 ] } },
{ "type": "Feature", "properties": { "PermitNum": "6552259-DM", "HousingUnitsRemoved": "1", "IssuedDate": "2016-12-27", "Latitude": 47.50985782, "Longitude": -122.24255407, "Location1": "(47.50985782, -122.24255407)" }, "geometry": { "type": "Point", "coordinates": [ -122.2425541, 47.5098578 ] } },
{ "type": "Feature", "properties": { "PermitNum": "6552505-DM", "HousingUnitsRemoved": "0", "IssuedDate": "2017-09-01", "Latitude": 47.66848567, "Longitude": -122.40085579, "Location1": "(47.66848567, -122.40085579)" }, "geometry": { "type": "Point", "coordinates": [ -122.4008558, 47.6684857 ] } },
{ "type": "Feature", "properties": { "PermitNum": "6552995-DM", "HousingUnitsRemoved": "1", "IssuedDate": "2016-09-28", "Latitude": 47.6599031, "Longitude": -122.39686738, "Location1": "(47.6599031, -122.39686738)" }, "geometry": { "type": "Point", "coordinates": [ -122.3968674, 47.6599031 ] } },
{ "type": "Feature", "properties": { "PermitNum": "6554171-DM", "HousingUnitsRemoved": "1", "IssuedDate": "2017-05-23", "Latitude": 47.59494363, "Longitude": -122.38615555, "Location1": "(47.59494363, -122.38615555)" }, "geometry": { "type": "Point", "coordinates": [ -122.3861555, 47.5949436 ] } },
{ "type": "Feature", "properties": { "PermitNum": "6452635-DM", "HousingUnitsRemoved": "1", "IssuedDate": "2016-02-02", "Latitude": 47.55721946, "Longitude": -122.38119233, "Location1": "(47.55721946, -122.38119233)" }, "geometry": { "type": "Point", "coordinates": [ -122.3811923, 47.5572195 ] } },
{ "type": "Feature", "properties": { "PermitNum": "6495766-DM", "HousingUnitsRemoved": "1", "IssuedDate": "2016-01-08", "Latitude": 47.55796465, "Longitude": -122.26644855000001, "Location1": "(47.55796465, -122.26644855)" }, "geometry": { "type": "Point", "coordinates": [ -122.2664486, 47.5579647 ] } },
{ "type": "Feature", "properties": { "PermitNum": "6495976-DM", "HousingUnitsRemoved": "1", "IssuedDate": "2016-09-09", "Latitude": 47.58853282, "Longitude": -122.30758983, "Location1": "(47.58853282, -122.30758983)" }, "geometry": { "type": "Point", "coordinates": [ -122.3075898, 47.5885328 ] } },
{ "type": "Feature", "properties": { "PermitNum": "6496900-DM", "HousingUnitsRemoved": "0", "IssuedDate": "2016-02-23", "Latitude": 47.62500007, "Longitude": -122.29963055, "Location1": "(47.62500007, -122.29963055)" }, "geometry": { "type": "Point", "coordinates": [ -122.2996306, 47.6250001 ] } },
{ "type": "Feature", "properties": { "PermitNum": "6497776-DM", "HousingUnitsRemoved": "1", "IssuedDate": "2016-11-23", "Latitude": 47.53445979, "Longitude": -122.27936427, "Location1": "(47.53445979, -122.27936427)" }, "geometry": { "type": "Point", "coordinates": [ -122.2793643, 47.5344598 ] } },
{ "type": "Feature", "properties": { "PermitNum": "6498630-DM", "HousingUnitsRemoved": "0", "IssuedDate": "2016-04-04", "Latitude": 47.6774562, "Longitude": -122.31846715, "Location1": "(47.6774562, -122.31846715)" }, "geometry": { "type": "Point", "coordinates": [ -122.3184672, 47.6774562 ] } },
{ "type": "Feature", "properties": { "PermitNum": "6498873-DM", "HousingUnitsRemoved": "1", "IssuedDate": "2016-04-05", "Latitude": 47.68861595, "Longitude": -122.27596869, "Location1": "(47.68861595, -122.27596869)" }, "geometry": { "type": "Point", "coordinates": [ -122.2759687, 47.6886159 ] } },
{ "type": "Feature", "properties": { "PermitNum": "6499145-DM", "HousingUnitsRemoved": "0", "IssuedDate": "2016-05-20", "Latitude": 47.67506963, "Longitude": -122.37916677, "Location1": "(47.67506963, -122.37916677)" }, "geometry": { "type": "Point", "coordinates": [ -122.3791668, 47.6750696 ] } },
{ "type": "Feature", "properties": { "PermitNum": "6499171-DM", "HousingUnitsRemoved": "1", "IssuedDate": "2016-03-07", "Latitude": 47.63298877, "Longitude": -122.28802915, "Location1": "(47.63298877, -122.28802915)" }, "geometry": { "type": "Point", "coordinates": [ -122.2880291, 47.6329888 ] } },
{ "type": "Feature", "properties": { "PermitNum": "6499801-DM", "HousingUnitsRemoved": "1", "IssuedDate": "2016-04-01", "Latitude": 47.72956037, "Longitude": -122.30894824000001, "Location1": "(47.72956037, -122.30894824)" }, "geometry": { "type": "Point", "coordinates": [ -122.3089482, 47.7295604 ] } },
{ "type": "Feature", "properties": { "PermitNum": "6543871-DM", "HousingUnitsRemoved": "1", "IssuedDate": "2017-01-06", "Latitude": 47.69298009, "Longitude": -122.3501946, "Location1": "(47.69298009, -122.3501946)" }, "geometry": { "type": "Point", "coordinates": [ -122.3501946, 47.6929801 ] } },
{ "type": "Feature", "properties": { "PermitNum": "6592079-DM", "HousingUnitsRemoved": "1", "IssuedDate": "2017-08-09", "Latitude": 47.55353317, "Longitude": -122.27323266000001, "Location1": "(47.55353317, -122.27323266)" }, "geometry": { "type": "Point", "coordinates": [ -122.2732327, 47.5535332 ] } },
{ "type": "Feature", "properties": { "PermitNum": "6592354-DM", "HousingUnitsRemoved": "1", "IssuedDate": "2019-10-23", "Latitude": 47.62471843, "Longitude": -122.31537716, "Location1": "(47.62471843, -122.31537716)" }, "geometry": { "type": "Point", "coordinates": [ -122.3153772, 47.6247184 ] } },
{ "type": "Feature", "properties": { "PermitNum": "6592974-DM", "HousingUnitsRemoved": "1", "IssuedDate": "2017-08-10", "Latitude": 47.6725803, "Longitude": -122.37772892, "Location1": "(47.6725803, -122.37772892)" }, "geometry": { "type": "Point", "coordinates": [ -122.3777289, 47.6725803 ] } },
{ "type": "Feature", "properties": { "PermitNum": "6593478-DM", "HousingUnitsRemoved": "1", "IssuedDate": "2017-08-08", "Latitude": 47.65787606, "Longitude": -122.39550018, "Location1": "(47.65787606, -122.39550018)" }, "geometry": { "type": "Point", "coordinates": [ -122.3955002, 47.6578761 ] } },
{ "type": "Feature", "properties": { "PermitNum": "6639753-DM", "HousingUnitsRemoved": "1", "IssuedDate": "2018-10-23", "Latitude": 47.64202968, "Longitude": -122.32863414000001, "Location1": "(47.64202968, -122.32863414)" }, "geometry": { "type": "Point", "coordinates": [ -122.3286341, 47.6420297 ] } },
{ "type": "Feature", "properties": { "PermitNum": "6639924-DM", "HousingUnitsRemoved": "1", "IssuedDate": "2019-05-23", "Latitude": 47.67112044, "Longitude": -122.31698593, "Location1": "(47.67112044, -122.31698593)" }, "geometry": { "type": "Point", "coordinates": [ -122.3169859, 47.6711204 ] } },
{ "type": "Feature", "properties": { "PermitNum": "6640971-DM", "HousingUnitsRemoved": "1", "IssuedDate": "2018-07-23", "Latitude": 47.61318926, "Longitude": -122.29640576, "Location1": "(47.61318926, -122.29640576)" }, "geometry": { "type": "Point", "coordinates": [ -122.2964058, 47.6131893 ] } },
{ "type": "Feature", "properties": { "PermitNum": "6642213-DM", "HousingUnitsRemoved": "1", "IssuedDate": "2018-08-06", "Latitude": 47.67217182, "Longitude": -122.3908651, "Location1": "(47.67217182, -122.3908651)" }, "geometry": { "type": "Point", "coordinates": [ -122.3908651, 47.6721718 ] } },
{ "type": "Feature", "properties": { "PermitNum": "6642721-DM", "HousingUnitsRemoved": "1", "IssuedDate": "2018-12-06", "Latitude": 47.63784757, "Longitude": -122.35147891, "Location1": "(47.63784757, -122.35147891)" }, "geometry": { "type": "Point", "coordinates": [ -122.3514789, 47.6378476 ] } },
{ "type": "Feature", "properties": { "PermitNum": "6456124-DM", "HousingUnitsRemoved": "0", "IssuedDate": "2016-02-02", "Latitude": 47.59847216, "Longitude": -122.29849385, "Location1": "(47.59847216, -122.29849385)" }, "geometry": { "type": "Point", "coordinates": [ -122.2984938, 47.5984722 ] } },
{ "type": "Feature", "properties": { "PermitNum": "6644899-DM", "HousingUnitsRemoved": "", "IssuedDate": "2020-02-05", "Latitude": 47.63941216, "Longitude": -122.32893823000001, "Location1": "(47.63941216, -122.32893823)" }, "geometry": { "type": "Point", "coordinates": [ -122.3289382, 47.6394122 ] } },
{ "type": "Feature", "properties": { "PermitNum": "6645162-DM", "HousingUnitsRemoved": "2", "IssuedDate": "2019-04-19", "Latitude": 47.65963342, "Longitude": -122.31956729, "Location1": "(47.65963342, -122.31956729)" }, "geometry": { "type": "Point", "coordinates": [ -122.3195673, 47.6596334 ] } },
{ "type": "Feature", "properties": { "PermitNum": "6647636-DM", "HousingUnitsRemoved": "1", "IssuedDate": "2019-01-15", "Latitude": 47.61980185, "Longitude": -122.30555948, "Location1": "(47.61980185, -122.30555948)" }, "geometry": { "type": "Point", "coordinates": [ -122.3055595, 47.6198019 ] } },
{ "type": "Feature", "properties": { "PermitNum": "6648787-DM", "HousingUnitsRemoved": "4", "IssuedDate": "2019-09-10", "Latitude": 47.59369044, "Longitude": -122.38946378, "Location1": "(47.59369044, -122.38946378)" }, "geometry": { "type": "Point", "coordinates": [ -122.3894638, 47.5936904 ] } },
{ "type": "Feature", "properties": { "PermitNum": "6649496-DM", "HousingUnitsRemoved": "1", "IssuedDate": "2019-05-07", "Latitude": 47.63671806, "Longitude": -122.36740277, "Location1": "(47.63671806, -122.36740277)" }, "geometry": { "type": "Point", "coordinates": [ -122.3674028, 47.6367181 ] } },
{ "type": "Feature", "properties": { "PermitNum": "6488962-DM", "HousingUnitsRemoved": "1", "IssuedDate": "2016-03-18", "Latitude": 47.58178479, "Longitude": -122.31495732, "Location1": "(47.58178479, -122.31495732)" }, "geometry": { "type": "Point", "coordinates": [ -122.3149573, 47.5817848 ] } },
{ "type": "Feature", "properties": { "PermitNum": "6490368-DM", "HousingUnitsRemoved": "0", "IssuedDate": "2016-01-12", "Latitude": 47.67559967, "Longitude": -122.3887326, "Location1": "(47.67559967, -122.3887326)" }, "geometry": { "type": "Point", "coordinates": [ -122.3887326, 47.6755997 ] } },
{ "type": "Feature", "properties": { "PermitNum": "6537546-DM", "HousingUnitsRemoved": "1", "IssuedDate": "2016-10-24", "Latitude": 47.67253238, "Longitude": -122.38532806000001, "Location1": "(47.67253238, -122.38532806)" }, "geometry": { "type": "Point", "coordinates": [ -122.3853281, 47.6725324 ] } },
{ "type": "Feature", "properties": { "PermitNum": "6540293-DM", "HousingUnitsRemoved": "0", "IssuedDate": "2016-09-27", "Latitude": 47.54757056, "Longitude": -122.29998429, "Location1": "(47.54757056, -122.29998429)" }, "geometry": { "type": "Point", "coordinates": [ -122.2999843, 47.5475706 ] } },
{ "type": "Feature", "properties": { "PermitNum": "6542406-DM", "HousingUnitsRemoved": "1", "IssuedDate": "2016-08-24", "Latitude": 47.6403396, "Longitude": -122.40330944, "Location1": "(47.6403396, -122.40330944)" }, "geometry": { "type": "Point", "coordinates": [ -122.4033094, 47.6403396 ] } },
{ "type": "Feature", "properties": { "PermitNum": "6584477-DM", "HousingUnitsRemoved": "1", "IssuedDate": "2017-08-08", "Latitude": 47.68756245, "Longitude": -122.30973385, "Location1": "(47.68756245, -122.30973385)" }, "geometry": { "type": "Point", "coordinates": [ -122.3097339, 47.6875625 ] } },
{ "type": "Feature", "properties": { "PermitNum": "6587549-DM", "HousingUnitsRemoved": "1", "IssuedDate": "2017-06-20", "Latitude": 47.56564254, "Longitude": -122.38254975, "Location1": "(47.56564254, -122.38254975)" }, "geometry": { "type": "Point", "coordinates": [ -122.3825497, 47.5656425 ] } },
{ "type": "Feature", "properties": { "PermitNum": "6588932-DM", "HousingUnitsRemoved": "1", "IssuedDate": "2017-04-14", "Latitude": 47.54508789, "Longitude": -122.26688893, "Location1": "(47.54508789, -122.26688893)" }, "geometry": { "type": "Point", "coordinates": [ -122.2668889, 47.5450879 ] } },
{ "type": "Feature", "properties": { "PermitNum": "6633592-DM", "HousingUnitsRemoved": "1", "IssuedDate": "2018-12-14", "Latitude": 47.56577824, "Longitude": -122.37064299, "Location1": "(47.56577824, -122.37064299)" }, "geometry": { "type": "Point", "coordinates": [ -122.370643, 47.5657782 ] } },
{ "type": "Feature", "properties": { "PermitNum": "6637837-DM", "HousingUnitsRemoved": "1", "IssuedDate": "2019-06-27", "Latitude": 47.52339863, "Longitude": -122.39239999, "Location1": "(47.52339863, -122.39239999)" }, "geometry": { "type": "Point", "coordinates": [ -122.3924, 47.5233986 ] } },
{ "type": "Feature", "properties": { "PermitNum": "6642845-DM", "HousingUnitsRemoved": "2", "IssuedDate": "2018-10-31", "Latitude": 47.62018252, "Longitude": -122.3198322, "Location1": "(47.62018252, -122.3198322)" }, "geometry": { "type": "Point", "coordinates": [ -122.3198322, 47.6201825 ] } },
{ "type": "Feature", "properties": { "PermitNum": "6439355-DM", "HousingUnitsRemoved": "1", "IssuedDate": "2018-06-11", "Latitude": 47.62362281, "Longitude": -122.32645717, "Location1": "(47.62362281, -122.32645717)" }, "geometry": { "type": "Point", "coordinates": [ -122.3264572, 47.6236228 ] } },
{ "type": "Feature", "properties": { "PermitNum": "6442235-DM", "HousingUnitsRemoved": "1", "IssuedDate": "2016-08-15", "Latitude": 47.58194198, "Longitude": -122.40237581, "Location1": "(47.58194198, -122.40237581)" }, "geometry": { "type": "Point", "coordinates": [ -122.4023758, 47.581942 ] } },
{ "type": "Feature", "properties": { "PermitNum": "6484269-DM", "HousingUnitsRemoved": "1", "IssuedDate": "2016-01-11", "Latitude": 47.59897101, "Longitude": -122.28720474000001, "Location1": "(47.59897101, -122.28720474)" }, "geometry": { "type": "Point", "coordinates": [ -122.2872047, 47.598971 ] } },
{ "type": "Feature", "properties": { "PermitNum": "6484350-DM", "HousingUnitsRemoved": "1", "IssuedDate": "2016-02-19", "Latitude": 47.65688773, "Longitude": -122.34835541, "Location1": "(47.65688773, -122.34835541)" }, "geometry": { "type": "Point", "coordinates": [ -122.3483554, 47.6568877 ] } },
{ "type": "Feature", "properties": { "PermitNum": "6484580-DM", "HousingUnitsRemoved": "1", "IssuedDate": "2016-01-25", "Latitude": 47.68148516, "Longitude": -122.32221317, "Location1": "(47.68148516, -122.32221317)" }, "geometry": { "type": "Point", "coordinates": [ -122.3222132, 47.6814852 ] } },
{ "type": "Feature", "properties": { "PermitNum": "6484798-DM", "HousingUnitsRemoved": "", "IssuedDate": "2016-02-23", "Latitude": 47.68353305, "Longitude": -122.30466495, "Location1": "(47.68353305, -122.30466495)" }, "geometry": { "type": "Point", "coordinates": [ -122.304665, 47.6835331 ] } },
{ "type": "Feature", "properties": { "PermitNum": "6485784-DM", "HousingUnitsRemoved": "1", "IssuedDate": "2016-07-16", "Latitude": 47.53508145, "Longitude": -122.27831058, "Location1": "(47.53508145, -122.27831058)" }, "geometry": { "type": "Point", "coordinates": [ -122.2783106, 47.5350814 ] } },
{ "type": "Feature", "properties": { "PermitNum": "6530158-DM", "HousingUnitsRemoved": "1", "IssuedDate": "2016-08-02", "Latitude": 47.67433997, "Longitude": -122.28835122, "Location1": "(47.67433997, -122.28835122)" }, "geometry": { "type": "Point", "coordinates": [ -122.2883512, 47.67434 ] } },
{ "type": "Feature", "properties": { "PermitNum": "6530491-DM", "HousingUnitsRemoved": "1", "IssuedDate": "2016-08-12", "Latitude": 47.54151353, "Longitude": -122.32228512, "Location1": "(47.54151353, -122.32228512)" }, "geometry": { "type": "Point", "coordinates": [ -122.3222851, 47.5415135 ] } },
{ "type": "Feature", "properties": { "PermitNum": "6530740-DM", "HousingUnitsRemoved": "1", "IssuedDate": "2017-04-19", "Latitude": 47.58275181, "Longitude": -122.37922259, "Location1": "(47.58275181, -122.37922259)" }, "geometry": { "type": "Point", "coordinates": [ -122.3792226, 47.5827518 ] } },
{ "type": "Feature", "properties": { "PermitNum": "6531172-DM", "HousingUnitsRemoved": "1", "IssuedDate": "2016-09-27", "Latitude": 47.65478542, "Longitude": -122.32748626, "Location1": "(47.65478542, -122.32748626)" }, "geometry": { "type": "Point", "coordinates": [ -122.3274863, 47.6547854 ] } },
{ "type": "Feature", "properties": { "PermitNum": "6531998-DM", "HousingUnitsRemoved": "0", "IssuedDate": "2016-09-30", "Latitude": 47.60254616, "Longitude": -122.30619485, "Location1": "(47.60254616, -122.30619485)" }, "geometry": { "type": "Point", "coordinates": [ -122.3061948, 47.6025462 ] } },
{ "type": "Feature", "properties": { "PermitNum": "6532420-DM", "HousingUnitsRemoved": "1", "IssuedDate": "2017-02-21", "Latitude": 47.64532598, "Longitude": -122.36115799, "Location1": "(47.64532598, -122.36115799)" }, "geometry": { "type": "Point", "coordinates": [ -122.361158, 47.645326 ] } },
{ "type": "Feature", "properties": { "PermitNum": "6532640-DM", "HousingUnitsRemoved": "0", "IssuedDate": "2017-01-20", "Latitude": 47.56580434, "Longitude": -122.36360577000001, "Location1": "(47.56580434, -122.36360577)" }, "geometry": { "type": "Point", "coordinates": [ -122.3636058, 47.5658043 ] } },
{ "type": "Feature", "properties": { "PermitNum": "6532778-DM", "HousingUnitsRemoved": "0", "IssuedDate": "2016-12-01", "Latitude": 47.54327833, "Longitude": -122.32198881, "Location1": "(47.54327833, -122.32198881)" }, "geometry": { "type": "Point", "coordinates": [ -122.3219888, 47.5432783 ] } },
{ "type": "Feature", "properties": { "PermitNum": "6532870-DM", "HousingUnitsRemoved": "0", "IssuedDate": "2016-05-31", "Latitude": 47.67234067, "Longitude": -122.28307167, "Location1": "(47.67234067, -122.28307167)" }, "geometry": { "type": "Point", "coordinates": [ -122.2830717, 47.6723407 ] } },
{ "type": "Feature", "properties": { "PermitNum": "6532886-DM", "HousingUnitsRemoved": "0", "IssuedDate": "2016-07-10", "Latitude": 47.58508449, "Longitude": -122.38945899, "Location1": "(47.58508449, -122.38945899)" }, "geometry": { "type": "Point", "coordinates": [ -122.389459, 47.5850845 ] } },
{ "type": "Feature", "properties": { "PermitNum": "6533280-DM", "HousingUnitsRemoved": "0", "IssuedDate": "2016-09-21", "Latitude": 47.68370668, "Longitude": -122.30266979, "Location1": "(47.68370668, -122.30266979)" }, "geometry": { "type": "Point", "coordinates": [ -122.3026698, 47.6837067 ] } },
{ "type": "Feature", "properties": { "PermitNum": "6533413-DM", "HousingUnitsRemoved": "1", "IssuedDate": "2016-08-23", "Latitude": 47.67255659, "Longitude": -122.37999785, "Location1": "(47.67255659, -122.37999785)" }, "geometry": { "type": "Point", "coordinates": [ -122.3799978, 47.6725566 ] } },
{ "type": "Feature", "properties": { "PermitNum": "6534570-DM", "HousingUnitsRemoved": "1", "IssuedDate": "2016-09-01", "Latitude": 47.68608417, "Longitude": -122.39220045, "Location1": "(47.68608417, -122.39220045)" }, "geometry": { "type": "Point", "coordinates": [ -122.3922005, 47.6860842 ] } },
{ "type": "Feature", "properties": { "PermitNum": "6534605-DM", "HousingUnitsRemoved": "1", "IssuedDate": "2016-09-06", "Latitude": 47.58751286, "Longitude": -122.38604289, "Location1": "(47.58751286, -122.38604289)" }, "geometry": { "type": "Point", "coordinates": [ -122.3860429, 47.5875129 ] } },
{ "type": "Feature", "properties": { "PermitNum": "6580036-DM", "HousingUnitsRemoved": "1", "IssuedDate": "2018-01-12", "Latitude": 47.69822541, "Longitude": -122.34817447, "Location1": "(47.69822541, -122.34817447)" }, "geometry": { "type": "Point", "coordinates": [ -122.3481745, 47.6982254 ] } },
{ "type": "Feature", "properties": { "PermitNum": "6580556-DM", "HousingUnitsRemoved": "1", "IssuedDate": "2017-06-01", "Latitude": 47.69820226, "Longitude": -122.36310727, "Location1": "(47.69820226, -122.36310727)" }, "geometry": { "type": "Point", "coordinates": [ -122.3631073, 47.6982023 ] } },
{ "type": "Feature", "properties": { "PermitNum": "6580619-DM", "HousingUnitsRemoved": "0", "IssuedDate": "2019-03-19", "Latitude": 47.71920597, "Longitude": -122.31452411, "Location1": "(47.71920597, -122.31452411)" }, "geometry": { "type": "Point", "coordinates": [ -122.3145241, 47.719206 ] } },
{ "type": "Feature", "properties": { "PermitNum": "6581945-DM", "HousingUnitsRemoved": "1", "IssuedDate": "2018-01-26", "Latitude": 47.54368996, "Longitude": -122.321015, "Location1": "(47.54368996, -122.321015)" }, "geometry": { "type": "Point", "coordinates": [ -122.321015, 47.54369 ] } },
{ "type": "Feature", "properties": { "PermitNum": "6626714-DM", "HousingUnitsRemoved": "1", "IssuedDate": "2018-03-05", "Latitude": 47.64337173, "Longitude": -122.3290763, "Location1": "(47.64337173, -122.3290763)" }, "geometry": { "type": "Point", "coordinates": [ -122.3290763, 47.6433717 ] } },
{ "type": "Feature", "properties": { "PermitNum": "6630256-DM", "HousingUnitsRemoved": "1", "IssuedDate": "2017-11-14", "Latitude": 47.65341361, "Longitude": -122.39605657, "Location1": "(47.65341361, -122.39605657)" }, "geometry": { "type": "Point", "coordinates": [ -122.3960566, 47.6534136 ] } },
{ "type": "Feature", "properties": { "PermitNum": "6630766-DM", "HousingUnitsRemoved": "1", "IssuedDate": "2018-05-23", "Latitude": 47.54224886, "Longitude": -122.37952957, "Location1": "(47.54224886, -122.37952957)" }, "geometry": { "type": "Point", "coordinates": [ -122.3795296, 47.5422489 ] } },
{ "type": "Feature", "properties": { "PermitNum": "6631432-DM", "HousingUnitsRemoved": "1", "IssuedDate": "2018-09-20", "Latitude": 47.66726641, "Longitude": -122.33946225, "Location1": "(47.66726641, -122.33946225)" }, "geometry": { "type": "Point", "coordinates": [ -122.3394622, 47.6672664 ] } },
{ "type": "Feature", "properties": { "PermitNum": "6483866-DM", "HousingUnitsRemoved": "1", "IssuedDate": "2016-03-09", "Latitude": 47.67406457, "Longitude": -122.38132665000001, "Location1": "(47.67406457, -122.38132665)" }, "geometry": { "type": "Point", "coordinates": [ -122.3813267, 47.6740646 ] } },
{ "type": "Feature", "properties": { "PermitNum": "6526792-DM", "HousingUnitsRemoved": "1", "IssuedDate": "2017-11-06", "Latitude": 47.69451025, "Longitude": -122.35695679, "Location1": "(47.69451025, -122.35695679)" }, "geometry": { "type": "Point", "coordinates": [ -122.3569568, 47.6945103 ] } },
{ "type": "Feature", "properties": { "PermitNum": "6529679-DM", "HousingUnitsRemoved": "1", "IssuedDate": "2017-02-15", "Latitude": 47.54957088, "Longitude": -122.26227391, "Location1": "(47.54957088, -122.26227391)" }, "geometry": { "type": "Point", "coordinates": [ -122.2622739, 47.5495709 ] } },
{ "type": "Feature", "properties": { "PermitNum": "6530181-DM", "HousingUnitsRemoved": "1", "IssuedDate": "2016-08-02", "Latitude": 47.62742732, "Longitude": -122.35987631, "Location1": "(47.62742732, -122.35987631)" }, "geometry": { "type": "Point", "coordinates": [ -122.3598763, 47.6274273 ] } },
{ "type": "Feature", "properties": { "PermitNum": "6531727-DM", "HousingUnitsRemoved": "1", "IssuedDate": "2016-10-06", "Latitude": 47.65474201, "Longitude": -122.27896603000001, "Location1": "(47.65474201, -122.27896603)" }, "geometry": { "type": "Point", "coordinates": [ -122.278966, 47.654742 ] } },
{ "type": "Feature", "properties": { "PermitNum": "6573294-DM", "HousingUnitsRemoved": "1", "IssuedDate": "2017-02-22", "Latitude": 47.69522748, "Longitude": -122.33541434, "Location1": "(47.69522748, -122.33541434)" }, "geometry": { "type": "Point", "coordinates": [ -122.3354143, 47.6952275 ] } },
{ "type": "Feature", "properties": { "PermitNum": "6574505-DM", "HousingUnitsRemoved": "1", "IssuedDate": "2017-06-15", "Latitude": 47.7246497, "Longitude": -122.28061653, "Location1": "(47.7246497, -122.28061653)" }, "geometry": { "type": "Point", "coordinates": [ -122.2806165, 47.7246497 ] } },
{ "type": "Feature", "properties": { "PermitNum": "6576489-DM", "HousingUnitsRemoved": "", "IssuedDate": "2021-11-04", "Latitude": 47.61435224, "Longitude": -122.31500578000001, "Location1": "(47.61435224, -122.31500578)" }, "geometry": { "type": "Point", "coordinates": [ -122.3150058, 47.6143522 ] } },
{ "type": "Feature", "properties": { "PermitNum": "6577302-DM", "HousingUnitsRemoved": "1", "IssuedDate": "2017-01-20", "Latitude": 47.69292304, "Longitude": -122.29578197, "Location1": "(47.69292304, -122.29578197)" }, "geometry": { "type": "Point", "coordinates": [ -122.295782, 47.692923 ] } },
{ "type": "Feature", "properties": { "PermitNum": "6577873-DM", "HousingUnitsRemoved": "1", "IssuedDate": "2017-04-04", "Latitude": 47.6805711, "Longitude": -122.37394742, "Location1": "(47.6805711, -122.37394742)" }, "geometry": { "type": "Point", "coordinates": [ -122.3739474, 47.6805711 ] } },
{ "type": "Feature", "properties": { "PermitNum": "6619375-DM", "HousingUnitsRemoved": "1", "IssuedDate": "2018-02-01", "Latitude": 47.68501032, "Longitude": -122.34509458, "Location1": "(47.68501032, -122.34509458)" }, "geometry": { "type": "Point", "coordinates": [ -122.3450946, 47.6850103 ] } },
{ "type": "Feature", "properties": { "PermitNum": "6619768-DM", "HousingUnitsRemoved": "", "IssuedDate": "2018-12-31", "Latitude": 47.51394144, "Longitude": -122.38698574, "Location1": "(47.51394144, -122.38698574)" }, "geometry": { "type": "Point", "coordinates": [ -122.3869857, 47.5139414 ] } },
{ "type": "Feature", "properties": { "PermitNum": "6620526-DM", "HousingUnitsRemoved": "0", "IssuedDate": "2018-03-06", "Latitude": 47.69151157, "Longitude": -122.36964621, "Location1": "(47.69151157, -122.36964621)" }, "geometry": { "type": "Point", "coordinates": [ -122.3696462, 47.6915116 ] } },
{ "type": "Feature", "properties": { "PermitNum": "6501021-DM", "HousingUnitsRemoved": "2", "IssuedDate": "2016-05-03", "Latitude": 47.69106005, "Longitude": -122.34258556, "Location1": "(47.69106005, -122.34258556)" }, "geometry": { "type": "Point", "coordinates": [ -122.3425856, 47.69106 ] } },
{ "type": "Feature", "properties": { "PermitNum": "6501681-DM", "HousingUnitsRemoved": "1", "IssuedDate": "2016-08-08", "Latitude": 47.70138732, "Longitude": -122.30114107, "Location1": "(47.70138732, -122.30114107)" }, "geometry": { "type": "Point", "coordinates": [ -122.3011411, 47.7013873 ] } },
{ "type": "Feature", "properties": { "PermitNum": "6502419-DM", "HousingUnitsRemoved": "1", "IssuedDate": "2016-01-14", "Latitude": 47.66936957, "Longitude": -122.28715537, "Location1": "(47.66936957, -122.28715537)" }, "geometry": { "type": "Point", "coordinates": [ -122.2871554, 47.6693696 ] } },
{ "type": "Feature", "properties": { "PermitNum": "6502787-DM", "HousingUnitsRemoved": "1", "IssuedDate": "2016-02-17", "Latitude": 47.67363645, "Longitude": -122.40441024, "Location1": "(47.67363645, -122.40441024)" }, "geometry": { "type": "Point", "coordinates": [ -122.4044102, 47.6736364 ] } },
{ "type": "Feature", "properties": { "PermitNum": "6504828-DM", "HousingUnitsRemoved": "1", "IssuedDate": "2016-08-02", "Latitude": 47.6824053, "Longitude": -122.32531376, "Location1": "(47.6824053, -122.32531376)" }, "geometry": { "type": "Point", "coordinates": [ -122.3253138, 47.6824053 ] } },
{ "type": "Feature", "properties": { "PermitNum": "6506191-DM", "HousingUnitsRemoved": "1", "IssuedDate": "2016-07-14", "Latitude": 47.66059931, "Longitude": -122.35498246, "Location1": "(47.66059931, -122.35498246)" }, "geometry": { "type": "Point", "coordinates": [ -122.3549825, 47.6605993 ] } },
{ "type": "Feature", "properties": { "PermitNum": "6506227-DM", "HousingUnitsRemoved": "1", "IssuedDate": "2016-04-01", "Latitude": 47.63847362, "Longitude": -122.37010838, "Location1": "(47.63847362, -122.37010838)" }, "geometry": { "type": "Point", "coordinates": [ -122.3701084, 47.6384736 ] } },
{ "type": "Feature", "properties": { "PermitNum": "6672888-DM", "HousingUnitsRemoved": "", "IssuedDate": "2019-07-12", "Latitude": 47.6553984, "Longitude": -122.35681036, "Location1": "(47.6553984, -122.35681036)" }, "geometry": { "type": "Point", "coordinates": [ -122.3568104, 47.6553984 ] } },
{ "type": "Feature", "properties": { "PermitNum": "6673153-DM", "HousingUnitsRemoved": "", "IssuedDate": "2021-08-19", "Latitude": 47.56878119, "Longitude": -122.36045292, "Location1": "(47.56878119, -122.36045292)" }, "geometry": { "type": "Point", "coordinates": [ -122.3604529, 47.5687812 ] } },
{ "type": "Feature", "properties": { "PermitNum": "6673918-DM", "HousingUnitsRemoved": "", "IssuedDate": "2019-03-29", "Latitude": 47.6908304, "Longitude": -122.36394853, "Location1": "(47.6908304, -122.36394853)" }, "geometry": { "type": "Point", "coordinates": [ -122.3639485, 47.6908304 ] } },
{ "type": "Feature", "properties": { "PermitNum": "6676620-DM", "HousingUnitsRemoved": "", "IssuedDate": "2020-03-13", "Latitude": 47.71082547, "Longitude": -122.33160979, "Location1": "(47.71082547, -122.33160979)" }, "geometry": { "type": "Point", "coordinates": [ -122.3316098, 47.7108255 ] } },
{ "type": "Feature", "properties": { "PermitNum": "6494621-DM", "HousingUnitsRemoved": "1", "IssuedDate": "2016-01-08", "Latitude": 47.6098483, "Longitude": -122.30942791, "Location1": "(47.6098483, -122.30942791)" }, "geometry": { "type": "Point", "coordinates": [ -122.3094279, 47.6098483 ] } },
{ "type": "Feature", "properties": { "PermitNum": "6494643-DM", "HousingUnitsRemoved": "", "IssuedDate": "2016-02-19", "Latitude": 47.61010588, "Longitude": -122.31134502, "Location1": "(47.61010588, -122.31134502)" }, "geometry": { "type": "Point", "coordinates": [ -122.311345, 47.6101059 ] } },
{ "type": "Feature", "properties": { "PermitNum": "6494918-DM", "HousingUnitsRemoved": "1", "IssuedDate": "2016-02-19", "Latitude": 47.57803322, "Longitude": -122.39392642, "Location1": "(47.57803322, -122.39392642)" }, "geometry": { "type": "Point", "coordinates": [ -122.3939264, 47.5780332 ] } },
{ "type": "Feature", "properties": { "PermitNum": "6496031-DM", "HousingUnitsRemoved": "0", "IssuedDate": "2016-02-09", "Latitude": 47.64890015, "Longitude": -122.40330787000001, "Location1": "(47.64890015, -122.40330787)" }, "geometry": { "type": "Point", "coordinates": [ -122.4033079, 47.6489002 ] } },
{ "type": "Feature", "properties": { "PermitNum": "6496885-DM", "HousingUnitsRemoved": "0", "IssuedDate": "2016-02-01", "Latitude": 47.61328044, "Longitude": -122.30711913, "Location1": "(47.61328044, -122.30711913)" }, "geometry": { "type": "Point", "coordinates": [ -122.3071191, 47.6132804 ] } },
{ "type": "Feature", "properties": { "PermitNum": "6497741-DM", "HousingUnitsRemoved": "", "IssuedDate": "2016-01-21", "Latitude": 47.55724917, "Longitude": -122.28256707, "Location1": "(47.55724917, -122.28256707)" }, "geometry": { "type": "Point", "coordinates": [ -122.2825671, 47.5572492 ] } },
{ "type": "Feature", "properties": { "PermitNum": "6497933-DM", "HousingUnitsRemoved": "1", "IssuedDate": "2016-01-13", "Latitude": 47.6988662, "Longitude": -122.36110078, "Location1": "(47.6988662, -122.36110078)" }, "geometry": { "type": "Point", "coordinates": [ -122.3611008, 47.6988662 ] } },
{ "type": "Feature", "properties": { "PermitNum": "6498240-DM", "HousingUnitsRemoved": "0", "IssuedDate": "2016-02-05", "Latitude": 47.67222593, "Longitude": -122.37973694, "Location1": "(47.67222593, -122.37973694)" }, "geometry": { "type": "Point", "coordinates": [ -122.3797369, 47.6722259 ] } },
{ "type": "Feature", "properties": { "PermitNum": "6498673-DM", "HousingUnitsRemoved": "1", "IssuedDate": "2016-03-01", "Latitude": 47.65882426, "Longitude": -122.34488012, "Location1": "(47.65882426, -122.34488012)" }, "geometry": { "type": "Point", "coordinates": [ -122.3448801, 47.6588243 ] } },
{ "type": "Feature", "properties": { "PermitNum": "6499252-DM", "HousingUnitsRemoved": "1", "IssuedDate": "2016-01-11", "Latitude": 47.54963905, "Longitude": -122.30893033, "Location1": "(47.54963905, -122.30893033)" }, "geometry": { "type": "Point", "coordinates": [ -122.3089303, 47.5496391 ] } },
{ "type": "Feature", "properties": { "PermitNum": "6499941-DM", "HousingUnitsRemoved": "0", "IssuedDate": "2016-05-27", "Latitude": 47.67471885, "Longitude": -122.37989371, "Location1": "(47.67471885, -122.37989371)" }, "geometry": { "type": "Point", "coordinates": [ -122.3798937, 47.6747188 ] } },
{ "type": "Feature", "properties": { "PermitNum": "6499964-DM", "HousingUnitsRemoved": "1", "IssuedDate": "2016-03-28", "Latitude": 47.56132172, "Longitude": -122.26760874, "Location1": "(47.56132172, -122.26760874)" }, "geometry": { "type": "Point", "coordinates": [ -122.2676087, 47.5613217 ] } },
{ "type": "Feature", "properties": { "PermitNum": "6499970-DM", "HousingUnitsRemoved": "1", "IssuedDate": "2016-06-03", "Latitude": 47.64675516, "Longitude": -122.36302544, "Location1": "(47.64675516, -122.36302544)" }, "geometry": { "type": "Point", "coordinates": [ -122.3630254, 47.6467552 ] } },
{ "type": "Feature", "properties": { "PermitNum": "6500131-DM", "HousingUnitsRemoved": "1", "IssuedDate": "2016-02-09", "Latitude": 47.67839934, "Longitude": -122.36222757, "Location1": "(47.67839934, -122.36222757)" }, "geometry": { "type": "Point", "coordinates": [ -122.3622276, 47.6783993 ] } },
{ "type": "Feature", "properties": { "PermitNum": "6500842-DM", "HousingUnitsRemoved": "1", "IssuedDate": "2017-08-29", "Latitude": 47.56707464, "Longitude": -122.40696441, "Location1": "(47.56707464, -122.40696441)" }, "geometry": { "type": "Point", "coordinates": [ -122.4069644, 47.5670746 ] } },
{ "type": "Feature", "properties": { "PermitNum": "6544823-DM", "HousingUnitsRemoved": "1", "IssuedDate": "2016-08-26", "Latitude": 47.68867339, "Longitude": -122.39793277, "Location1": "(47.68867339, -122.39793277)" }, "geometry": { "type": "Point", "coordinates": [ -122.3979328, 47.6886734 ] } },
{ "type": "Feature", "properties": { "PermitNum": "6546950-DM", "HousingUnitsRemoved": "0", "IssuedDate": "2016-09-19", "Latitude": 47.58190946, "Longitude": -122.38732229, "Location1": "(47.58190946, -122.38732229)" }, "geometry": { "type": "Point", "coordinates": [ -122.3873223, 47.5819095 ] } },
{ "type": "Feature", "properties": { "PermitNum": "6548438-DM", "HousingUnitsRemoved": "2", "IssuedDate": "2017-04-09", "Latitude": 47.73293585, "Longitude": -122.34262986, "Location1": "(47.73293585, -122.34262986)" }, "geometry": { "type": "Point", "coordinates": [ -122.3426299, 47.7329358 ] } },
{ "type": "Feature", "properties": { "PermitNum": "6549745-DM", "HousingUnitsRemoved": "1", "IssuedDate": "2017-01-09", "Latitude": 47.65423977, "Longitude": -122.28164468, "Location1": "(47.65423977, -122.28164468)" }, "geometry": { "type": "Point", "coordinates": [ -122.2816447, 47.6542398 ] } },
{ "type": "Feature", "properties": { "PermitNum": "6549849-DM", "HousingUnitsRemoved": "0", "IssuedDate": "2017-09-01", "Latitude": 47.5521745, "Longitude": -122.31327622000001, "Location1": "(47.5521745, -122.31327622)" }, "geometry": { "type": "Point", "coordinates": [ -122.3132762, 47.5521745 ] } },
{ "type": "Feature", "properties": { "PermitNum": "6550899-DM", "HousingUnitsRemoved": "1", "IssuedDate": "2016-08-30", "Latitude": 47.67035879, "Longitude": -122.32709645, "Location1": "(47.67035879, -122.32709645)" }, "geometry": { "type": "Point", "coordinates": [ -122.3270964, 47.6703588 ] } },
{ "type": "Feature", "properties": { "PermitNum": "6593377-DM", "HousingUnitsRemoved": "1", "IssuedDate": "2017-05-31", "Latitude": 47.70415822, "Longitude": -122.29438841, "Location1": "(47.70415822, -122.29438841)" }, "geometry": { "type": "Point", "coordinates": [ -122.2943884, 47.7041582 ] } },
{ "type": "Feature", "properties": { "PermitNum": "6593518-DM", "HousingUnitsRemoved": "1", "IssuedDate": "2018-08-15", "Latitude": 47.5219026, "Longitude": -122.37638435, "Location1": "(47.5219026, -122.37638435)" }, "geometry": { "type": "Point", "coordinates": [ -122.3763843, 47.5219026 ] } },
{ "type": "Feature", "properties": { "PermitNum": "6594428-DM", "HousingUnitsRemoved": "1", "IssuedDate": "2018-03-13", "Latitude": 47.64373119, "Longitude": -122.36143803, "Location1": "(47.64373119, -122.36143803)" }, "geometry": { "type": "Point", "coordinates": [ -122.361438, 47.6437312 ] } },
{ "type": "Feature", "properties": { "PermitNum": "6594696-DM", "HousingUnitsRemoved": "1", "IssuedDate": "2017-05-07", "Latitude": 47.56478952, "Longitude": -122.28999922, "Location1": "(47.56478952, -122.28999922)" }, "geometry": { "type": "Point", "coordinates": [ -122.2899992, 47.5647895 ] } },
{ "type": "Feature", "properties": { "PermitNum": "6595316-DM", "HousingUnitsRemoved": "1", "IssuedDate": "2017-07-06", "Latitude": 47.65099546, "Longitude": -122.39926794, "Location1": "(47.65099546, -122.39926794)" }, "geometry": { "type": "Point", "coordinates": [ -122.3992679, 47.6509955 ] } },
{ "type": "Feature", "properties": { "PermitNum": "6598469-DM", "HousingUnitsRemoved": "2", "IssuedDate": "2017-05-22", "Latitude": 47.69132702, "Longitude": -122.34044446, "Location1": "(47.69132702, -122.34044446)" }, "geometry": { "type": "Point", "coordinates": [ -122.3404445, 47.691327 ] } },
{ "type": "Feature", "properties": { "PermitNum": "6599499-DM", "HousingUnitsRemoved": "1", "IssuedDate": "2017-12-06", "Latitude": 47.66624258, "Longitude": -122.36665503, "Location1": "(47.66624258, -122.36665503)" }, "geometry": { "type": "Point", "coordinates": [ -122.366655, 47.6662426 ] } },
{ "type": "Feature", "properties": { "PermitNum": "6645951-DM", "HousingUnitsRemoved": "3", "IssuedDate": "2020-02-26", "Latitude": 47.6202734, "Longitude": -122.35699459, "Location1": "(47.6202734, -122.35699459)" }, "geometry": { "type": "Point", "coordinates": [ -122.3569946, 47.6202734 ] } },
{ "type": "Feature", "properties": { "PermitNum": "6647436-DM", "HousingUnitsRemoved": "1", "IssuedDate": "2019-09-23", "Latitude": 47.53305204, "Longitude": -122.36023283, "Location1": "(47.53305204, -122.36023283)" }, "geometry": { "type": "Point", "coordinates": [ -122.3602328, 47.533052 ] } },
{ "type": "Feature", "properties": { "PermitNum": "6650082-DM", "HousingUnitsRemoved": "0", "IssuedDate": "2019-04-08", "Latitude": 47.65413717, "Longitude": -122.38650087000001, "Location1": "(47.65413717, -122.38650087)" }, "geometry": { "type": "Point", "coordinates": [ -122.3865009, 47.6541372 ] } },
{ "type": "Feature", "properties": { "PermitNum": "6651615-DM", "HousingUnitsRemoved": "1", "IssuedDate": "2019-11-27", "Latitude": 47.58364523, "Longitude": -122.39704207, "Location1": "(47.58364523, -122.39704207)" }, "geometry": { "type": "Point", "coordinates": [ -122.3970421, 47.5836452 ] } },
{ "type": "Feature", "properties": { "PermitNum": "6653318-DM", "HousingUnitsRemoved": "1", "IssuedDate": "2018-10-10", "Latitude": 47.67474342, "Longitude": -122.37033289, "Location1": "(47.67474342, -122.37033289)" }, "geometry": { "type": "Point", "coordinates": [ -122.3703329, 47.6747434 ] } },
{ "type": "Feature", "properties": { "PermitNum": "6669059-DM", "HousingUnitsRemoved": "", "IssuedDate": "2018-12-06", "Latitude": 47.67268638, "Longitude": -122.3895239, "Location1": "(47.67268638, -122.3895239)" }, "geometry": { "type": "Point", "coordinates": [ -122.3895239, 47.6726864 ] } },
{ "type": "Feature", "properties": { "PermitNum": "6670273-DM", "HousingUnitsRemoved": "", "IssuedDate": "2018-12-05", "Latitude": 47.65076424, "Longitude": -122.41451912, "Location1": "(47.65076424, -122.41451912)" }, "geometry": { "type": "Point", "coordinates": [ -122.4145191, 47.6507642 ] } },
{ "type": "Feature", "properties": { "PermitNum": "6672750-DM", "HousingUnitsRemoved": "1", "IssuedDate": "2019-09-14", "Latitude": 47.51577569, "Longitude": -122.37692563, "Location1": "(47.51577569, -122.37692563)" }, "geometry": { "type": "Point", "coordinates": [ -122.3769256, 47.5157757 ] } },
{ "type": "Feature", "properties": { "PermitNum": "6672794-DM", "HousingUnitsRemoved": "", "IssuedDate": "2021-03-24", "Latitude": 47.55902261, "Longitude": -122.3845779, "Location1": "(47.55902261, -122.3845779)" }, "geometry": { "type": "Point", "coordinates": [ -122.3845779, 47.5590226 ] } },
{ "type": "Feature", "properties": { "PermitNum": "6473091-DM", "HousingUnitsRemoved": "1", "IssuedDate": "2016-04-15", "Latitude": 47.67439211, "Longitude": -122.38059853, "Location1": "(47.67439211, -122.38059853)" }, "geometry": { "type": "Point", "coordinates": [ -122.3805985, 47.6743921 ] } },
{ "type": "Feature", "properties": { "PermitNum": "6473494-DM", "HousingUnitsRemoved": "1", "IssuedDate": "2016-03-04", "Latitude": 47.55756749, "Longitude": -122.27911868, "Location1": "(47.55756749, -122.27911868)" }, "geometry": { "type": "Point", "coordinates": [ -122.2791187, 47.5575675 ] } },
{ "type": "Feature", "properties": { "PermitNum": "6516261-DM", "HousingUnitsRemoved": "0", "IssuedDate": "2016-05-12", "Latitude": 47.67690633, "Longitude": -122.38947952, "Location1": "(47.67690633, -122.38947952)" }, "geometry": { "type": "Point", "coordinates": [ -122.3894795, 47.6769063 ] } },
{ "type": "Feature", "properties": { "PermitNum": "6517356-DM", "HousingUnitsRemoved": "0", "IssuedDate": "2016-12-13", "Latitude": 47.55663833, "Longitude": -122.36352883000001, "Location1": "(47.55663833, -122.36352883)" }, "geometry": { "type": "Point", "coordinates": [ -122.3635288, 47.5566383 ] } },
{ "type": "Feature", "properties": { "PermitNum": "6517534-DM", "HousingUnitsRemoved": "0", "IssuedDate": "2016-07-16", "Latitude": 47.57596808, "Longitude": -122.30920037, "Location1": "(47.57596808, -122.30920037)" }, "geometry": { "type": "Point", "coordinates": [ -122.3092004, 47.5759681 ] } },
{ "type": "Feature", "properties": { "PermitNum": "6518656-DM", "HousingUnitsRemoved": "1", "IssuedDate": "2016-09-29", "Latitude": 47.63275501, "Longitude": -122.34251041, "Location1": "(47.63275501, -122.34251041)" }, "geometry": { "type": "Point", "coordinates": [ -122.3425104, 47.632755 ] } },
{ "type": "Feature", "properties": { "PermitNum": "6520278-DM", "HousingUnitsRemoved": "1", "IssuedDate": "2016-02-23", "Latitude": 47.68275677, "Longitude": -122.28541903, "Location1": "(47.68275677, -122.28541903)" }, "geometry": { "type": "Point", "coordinates": [ -122.285419, 47.6827568 ] } },
{ "type": "Feature", "properties": { "PermitNum": "6561786-DM", "HousingUnitsRemoved": "0", "IssuedDate": "2017-03-15", "Latitude": 47.58573428, "Longitude": -122.30128637, "Location1": "(47.58573428, -122.30128637)" }, "geometry": { "type": "Point", "coordinates": [ -122.3012864, 47.5857343 ] } },
{ "type": "Feature", "properties": { "PermitNum": "6562988-DM", "HousingUnitsRemoved": "1", "IssuedDate": "2017-05-17", "Latitude": 47.62765229, "Longitude": -122.32067637, "Location1": "(47.62765229, -122.32067637)" }, "geometry": { "type": "Point", "coordinates": [ -122.3206764, 47.6276523 ] } },
{ "type": "Feature", "properties": { "PermitNum": "6563966-DM", "HousingUnitsRemoved": "0", "IssuedDate": "2017-06-28", "Latitude": 47.58760836, "Longitude": -122.3082167, "Location1": "(47.58760836, -122.3082167)" }, "geometry": { "type": "Point", "coordinates": [ -122.3082167, 47.5876084 ] } },
{ "type": "Feature", "properties": { "PermitNum": "6564253-DM", "HousingUnitsRemoved": "1", "IssuedDate": "2017-05-02", "Latitude": 47.6030311, "Longitude": -122.32196007, "Location1": "(47.6030311, -122.32196007)" }, "geometry": { "type": "Point", "coordinates": [ -122.3219601, 47.6030311 ] } },
{ "type": "Feature", "properties": { "PermitNum": "6605739-DM", "HousingUnitsRemoved": "1", "IssuedDate": "2017-09-09", "Latitude": 47.54607326, "Longitude": -122.39229388, "Location1": "(47.54607326, -122.39229388)" }, "geometry": { "type": "Point", "coordinates": [ -122.3922939, 47.5460733 ] } },
{ "type": "Feature", "properties": { "PermitNum": "6606371-DM", "HousingUnitsRemoved": "1", "IssuedDate": "2018-03-02", "Latitude": 47.5342605, "Longitude": -122.34873133000001, "Location1": "(47.5342605, -122.34873133)" }, "geometry": { "type": "Point", "coordinates": [ -122.3487313, 47.5342605 ] } },
{ "type": "Feature", "properties": { "PermitNum": "6606536-DM", "HousingUnitsRemoved": "1", "IssuedDate": "2017-12-10", "Latitude": 47.67582097, "Longitude": -122.37954844, "Location1": "(47.67582097, -122.37954844)" }, "geometry": { "type": "Point", "coordinates": [ -122.3795484, 47.675821 ] } },
{ "type": "Feature", "properties": { "PermitNum": "6607481-DM", "HousingUnitsRemoved": "13", "IssuedDate": "2018-06-22", "Latitude": 47.64909309, "Longitude": -122.37598257000001, "Location1": "(47.64909309, -122.37598257)" }, "geometry": { "type": "Point", "coordinates": [ -122.3759826, 47.6490931 ] } },
{ "type": "Feature", "properties": { "PermitNum": "6610078-DM", "HousingUnitsRemoved": "1", "IssuedDate": "2018-09-21", "Latitude": 47.55891687, "Longitude": -122.36257914, "Location1": "(47.55891687, -122.36257914)" }, "geometry": { "type": "Point", "coordinates": [ -122.3625791, 47.5589169 ] } },
{ "type": "Feature", "properties": { "PermitNum": "6667834-DM", "HousingUnitsRemoved": "", "IssuedDate": "2020-07-29", "Latitude": 47.61825887, "Longitude": -122.31608674, "Location1": "(47.61825887, -122.31608674)" }, "geometry": { "type": "Point", "coordinates": [ -122.3160867, 47.6182589 ] } },
{ "type": "Feature", "properties": { "PermitNum": "6671048-DM", "HousingUnitsRemoved": "", "IssuedDate": "2020-01-16", "Latitude": 47.56006578, "Longitude": -122.36258292, "Location1": "(47.56006578, -122.36258292)" }, "geometry": { "type": "Point", "coordinates": [ -122.3625829, 47.5600658 ] } },
{ "type": "Feature", "properties": { "PermitNum": "6672754-DM", "HousingUnitsRemoved": "", "IssuedDate": "2019-04-30", "Latitude": 47.64792917, "Longitude": -122.35714134, "Location1": "(47.64792917, -122.35714134)" }, "geometry": { "type": "Point", "coordinates": [ -122.3571413, 47.6479292 ] } },
{ "type": "Feature", "properties": { "PermitNum": "6465067-DM", "HousingUnitsRemoved": "2", "IssuedDate": "2016-01-07", "Latitude": 47.66731597, "Longitude": -122.36731284, "Location1": "(47.66731597, -122.36731284)" }, "geometry": { "type": "Point", "coordinates": [ -122.3673128, 47.667316 ] } },
{ "type": "Feature", "properties": { "PermitNum": "6508337-DM", "HousingUnitsRemoved": "1", "IssuedDate": "2016-02-11", "Latitude": 47.64659735, "Longitude": -122.36911048, "Location1": "(47.64659735, -122.36911048)" }, "geometry": { "type": "Point", "coordinates": [ -122.3691105, 47.6465974 ] } },
{ "type": "Feature", "properties": { "PermitNum": "6508345-DM", "HousingUnitsRemoved": "1", "IssuedDate": "2016-03-16", "Latitude": 47.5128311, "Longitude": -122.37168698000001, "Location1": "(47.5128311, -122.37168698)" }, "geometry": { "type": "Point", "coordinates": [ -122.371687, 47.5128311 ] } },
{ "type": "Feature", "properties": { "PermitNum": "6508840-DM", "HousingUnitsRemoved": "1", "IssuedDate": "2016-08-05", "Latitude": 47.65907469, "Longitude": -122.31952638, "Location1": "(47.65907469, -122.31952638)" }, "geometry": { "type": "Point", "coordinates": [ -122.3195264, 47.6590747 ] } },
{ "type": "Feature", "properties": { "PermitNum": "6509341-DM", "HousingUnitsRemoved": "1", "IssuedDate": "2016-04-20", "Latitude": 47.71582458, "Longitude": -122.28500599, "Location1": "(47.71582458, -122.28500599)" }, "geometry": { "type": "Point", "coordinates": [ -122.285006, 47.7158246 ] } },
{ "type": "Feature", "properties": { "PermitNum": "6510019-DM", "HousingUnitsRemoved": "1", "IssuedDate": "2016-03-15", "Latitude": 47.688163, "Longitude": -122.31535941, "Location1": "(47.688163, -122.31535941)" }, "geometry": { "type": "Point", "coordinates": [ -122.3153594, 47.688163 ] } },
{ "type": "Feature", "properties": { "PermitNum": "6510708-DM", "HousingUnitsRemoved": "1", "IssuedDate": "2016-02-12", "Latitude": 47.71979221, "Longitude": -122.3532256, "Location1": "(47.71979221, -122.3532256)" }, "geometry": { "type": "Point", "coordinates": [ -122.3532256, 47.7197922 ] } },
{ "type": "Feature", "properties": { "PermitNum": "6511697-DM", "HousingUnitsRemoved": "42", "IssuedDate": "2016-05-31", "Latitude": 47.60576949, "Longitude": -122.32300927, "Location1": "(47.60576949, -122.32300927)" }, "geometry": { "type": "Point", "coordinates": [ -122.3230093, 47.6057695 ] } },
{ "type": "Feature", "properties": { "PermitNum": "6512326-DM", "HousingUnitsRemoved": "0", "IssuedDate": "2016-01-06", "Latitude": 47.62805052, "Longitude": -122.28721667000001, "Location1": "(47.62805052, -122.28721667)" }, "geometry": { "type": "Point", "coordinates": [ -122.2872167, 47.6280505 ] } },
{ "type": "Feature", "properties": { "PermitNum": "6512661-DM", "HousingUnitsRemoved": "1", "IssuedDate": "2016-05-09", "Latitude": 47.69291077, "Longitude": -122.28722638000001, "Location1": "(47.69291077, -122.28722638)" }, "geometry": { "type": "Point", "coordinates": [ -122.2872264, 47.6929108 ] } },
{ "type": "Feature", "properties": { "PermitNum": "6513346-DM", "HousingUnitsRemoved": "1", "IssuedDate": "2016-10-18", "Latitude": 47.6233087, "Longitude": -122.31934107, "Location1": "(47.6233087, -122.31934107)" }, "geometry": { "type": "Point", "coordinates": [ -122.3193411, 47.6233087 ] } },
{ "type": "Feature", "properties": { "PermitNum": "6514045-DM", "HousingUnitsRemoved": "1", "IssuedDate": "2016-08-11", "Latitude": 47.68446121, "Longitude": -122.32543932, "Location1": "(47.68446121, -122.32543932)" }, "geometry": { "type": "Point", "coordinates": [ -122.3254393, 47.6844612 ] } },
{ "type": "Feature", "properties": { "PermitNum": "6514463-DM", "HousingUnitsRemoved": "1", "IssuedDate": "2016-05-20", "Latitude": 47.66371196, "Longitude": -122.31935497000001, "Location1": "(47.66371196, -122.31935497)" }, "geometry": { "type": "Point", "coordinates": [ -122.319355, 47.663712 ] } },
{ "type": "Feature", "properties": { "PermitNum": "6556805-DM", "HousingUnitsRemoved": "0", "IssuedDate": "2017-01-23", "Latitude": 47.63542241, "Longitude": -122.37138536, "Location1": "(47.63542241, -122.37138536)" }, "geometry": { "type": "Point", "coordinates": [ -122.3713854, 47.6354224 ] } },
{ "type": "Feature", "properties": { "PermitNum": "6558129-DM", "HousingUnitsRemoved": "0", "IssuedDate": "2016-12-17", "Latitude": 47.67485584, "Longitude": -122.37000777, "Location1": "(47.67485584, -122.37000777)" }, "geometry": { "type": "Point", "coordinates": [ -122.3700078, 47.6748558 ] } },
{ "type": "Feature", "properties": { "PermitNum": "6558579-DM", "HousingUnitsRemoved": "1", "IssuedDate": "2016-12-07", "Latitude": 47.57536018, "Longitude": -122.3162743, "Location1": "(47.57536018, -122.3162743)" }, "geometry": { "type": "Point", "coordinates": [ -122.3162743, 47.5753602 ] } },
{ "type": "Feature", "properties": { "PermitNum": "6601472-DM", "HousingUnitsRemoved": "0", "IssuedDate": "2017-10-20", "Latitude": 47.65477642, "Longitude": -122.35364241000001, "Location1": "(47.65477642, -122.35364241)" }, "geometry": { "type": "Point", "coordinates": [ -122.3536424, 47.6547764 ] } },
{ "type": "Feature", "properties": { "PermitNum": "6601985-DM", "HousingUnitsRemoved": "1", "IssuedDate": "2018-10-17", "Latitude": 47.61795827, "Longitude": -122.32436866, "Location1": "(47.61795827, -122.32436866)" }, "geometry": { "type": "Point", "coordinates": [ -122.3243687, 47.6179583 ] } },
{ "type": "Feature", "properties": { "PermitNum": "6603750-DM", "HousingUnitsRemoved": "1", "IssuedDate": "2017-08-12", "Latitude": 47.69419117, "Longitude": -122.33140981, "Location1": "(47.69419117, -122.33140981)" }, "geometry": { "type": "Point", "coordinates": [ -122.3314098, 47.6941912 ] } },
{ "type": "Feature", "properties": { "PermitNum": "6651652-DM", "HousingUnitsRemoved": "1", "IssuedDate": "2020-05-22", "Latitude": 47.67257057, "Longitude": -122.38292954000001, "Location1": "(47.67257057, -122.38292954)" }, "geometry": { "type": "Point", "coordinates": [ -122.3829295, 47.6725706 ] } },
{ "type": "Feature", "properties": { "PermitNum": "6652974-DM", "HousingUnitsRemoved": "1", "IssuedDate": "2019-02-06", "Latitude": 47.57673853, "Longitude": -122.41102748, "Location1": "(47.57673853, -122.41102748)" }, "geometry": { "type": "Point", "coordinates": [ -122.4110275, 47.5767385 ] } },
{ "type": "Feature", "properties": { "PermitNum": "6653764-DM", "HousingUnitsRemoved": "1", "IssuedDate": "2020-08-28", "Latitude": 47.69462448, "Longitude": -122.30993355, "Location1": "(47.69462448, -122.30993355)" }, "geometry": { "type": "Point", "coordinates": [ -122.3099335, 47.6946245 ] } },
{ "type": "Feature", "properties": { "PermitNum": "6656305-DM", "HousingUnitsRemoved": "1", "IssuedDate": "2019-05-22", "Latitude": 47.56513271, "Longitude": -122.36501862, "Location1": "(47.56513271, -122.36501862)" }, "geometry": { "type": "Point", "coordinates": [ -122.3650186, 47.5651327 ] } },
{ "type": "Feature", "properties": { "PermitNum": "6658329-DM", "HousingUnitsRemoved": "6", "IssuedDate": "2019-08-12", "Latitude": 47.62069592, "Longitude": -122.32257302, "Location1": "(47.62069592, -122.32257302)" }, "geometry": { "type": "Point", "coordinates": [ -122.322573, 47.6206959 ] } },
{ "type": "Feature", "properties": { "PermitNum": "6485451-DM", "HousingUnitsRemoved": "0", "IssuedDate": "2016-03-01", "Latitude": 47.6699291, "Longitude": -122.38034895, "Location1": "(47.6699291, -122.38034895)" }, "geometry": { "type": "Point", "coordinates": [ -122.3803489, 47.6699291 ] } },
{ "type": "Feature", "properties": { "PermitNum": "6486654-DM", "HousingUnitsRemoved": "0", "IssuedDate": "2016-01-06", "Latitude": 47.67867635, "Longitude": -122.37532962, "Location1": "(47.67867635, -122.37532962)" }, "geometry": { "type": "Point", "coordinates": [ -122.3753296, 47.6786764 ] } },
{ "type": "Feature", "properties": { "PermitNum": "6486885-DM", "HousingUnitsRemoved": "1", "IssuedDate": "2016-02-08", "Latitude": 47.60893612, "Longitude": -122.31388298, "Location1": "(47.60893612, -122.31388298)" }, "geometry": { "type": "Point", "coordinates": [ -122.313883, 47.6089361 ] } },
{ "type": "Feature", "properties": { "PermitNum": "6487661-DM", "HousingUnitsRemoved": "1", "IssuedDate": "2016-04-12", "Latitude": 47.53748016, "Longitude": -122.39140171, "Location1": "(47.53748016, -122.39140171)" }, "geometry": { "type": "Point", "coordinates": [ -122.3914017, 47.5374802 ] } },
{ "type": "Feature", "properties": { "PermitNum": "6598834-DM", "HousingUnitsRemoved": "1", "IssuedDate": "2018-01-08", "Latitude": 47.55726248, "Longitude": -122.28282644, "Location1": "(47.55726248, -122.28282644)" }, "geometry": { "type": "Point", "coordinates": [ -122.2828264, 47.5572625 ] } },
{ "type": "Feature", "properties": { "PermitNum": "6599152-DM", "HousingUnitsRemoved": "0", "IssuedDate": "2017-10-20", "Latitude": 47.55258589, "Longitude": -122.31201156, "Location1": "(47.55258589, -122.31201156)" }, "geometry": { "type": "Point", "coordinates": [ -122.3120116, 47.5525859 ] } },
{ "type": "Feature", "properties": { "PermitNum": "6599221-DM", "HousingUnitsRemoved": "1", "IssuedDate": "2017-11-07", "Latitude": 47.67352548, "Longitude": -122.38580531, "Location1": "(47.67352548, -122.38580531)" }, "geometry": { "type": "Point", "coordinates": [ -122.3858053, 47.6735255 ] } },
{ "type": "Feature", "properties": { "PermitNum": "6645596-DM", "HousingUnitsRemoved": "1", "IssuedDate": "2019-01-28", "Latitude": 47.69583932, "Longitude": -122.38944572, "Location1": "(47.69583932, -122.38944572)" }, "geometry": { "type": "Point", "coordinates": [ -122.3894457, 47.6958393 ] } },
{ "type": "Feature", "properties": { "PermitNum": "6646154-DM", "HousingUnitsRemoved": "4", "IssuedDate": "2018-11-15", "Latitude": 47.69632718, "Longitude": -122.3556793, "Location1": "(47.69632718, -122.3556793)" }, "geometry": { "type": "Point", "coordinates": [ -122.3556793, 47.6963272 ] } },
{ "type": "Feature", "properties": { "PermitNum": "6646935-DM", "HousingUnitsRemoved": "1", "IssuedDate": "2019-08-16", "Latitude": 47.55241456, "Longitude": -122.36034067, "Location1": "(47.55241456, -122.36034067)" }, "geometry": { "type": "Point", "coordinates": [ -122.3603407, 47.5524146 ] } },
{ "type": "Feature", "properties": { "PermitNum": "6647514-DM", "HousingUnitsRemoved": "1", "IssuedDate": "2018-10-05", "Latitude": 47.65849133, "Longitude": -122.36368185000001, "Location1": "(47.65849133, -122.36368185)" }, "geometry": { "type": "Point", "coordinates": [ -122.3636819, 47.6584913 ] } },
{ "type": "Feature", "properties": { "PermitNum": "6648272-DM", "HousingUnitsRemoved": "1", "IssuedDate": "2019-06-01", "Latitude": 47.71596041, "Longitude": -122.3136624, "Location1": "(47.71596041, -122.3136624)" }, "geometry": { "type": "Point", "coordinates": [ -122.3136624, 47.7159604 ] } },
{ "type": "Feature", "properties": { "PermitNum": "6650264-DM", "HousingUnitsRemoved": "1", "IssuedDate": "2019-12-06", "Latitude": 47.64541349, "Longitude": -122.36266897, "Location1": "(47.64541349, -122.36266897)" }, "geometry": { "type": "Point", "coordinates": [ -122.362669, 47.6454135 ] } },
{ "type": "Feature", "properties": { "PermitNum": "6650564-DM", "HousingUnitsRemoved": "1", "IssuedDate": "2019-03-22", "Latitude": 47.6747618, "Longitude": -122.38598282, "Location1": "(47.6747618, -122.38598282)" }, "geometry": { "type": "Point", "coordinates": [ -122.3859828, 47.6747618 ] } },
{ "type": "Feature", "properties": { "PermitNum": "6650780-DM", "HousingUnitsRemoved": "1", "IssuedDate": "2020-04-21", "Latitude": 47.67255891, "Longitude": -122.38272297, "Location1": "(47.67255891, -122.38272297)" }, "geometry": { "type": "Point", "coordinates": [ -122.382723, 47.6725589 ] } },
{ "type": "Feature", "properties": { "PermitNum": "6651513-DM", "HousingUnitsRemoved": "1", "IssuedDate": "2019-10-17", "Latitude": 47.55804954, "Longitude": -122.29770051, "Location1": "(47.55804954, -122.29770051)" }, "geometry": { "type": "Point", "coordinates": [ -122.2977005, 47.5580495 ] } },
{ "type": "Feature", "properties": { "PermitNum": "6503939-DM", "HousingUnitsRemoved": "1", "IssuedDate": "2016-03-04", "Latitude": 47.6635231, "Longitude": -122.30630381, "Location1": "(47.6635231, -122.30630381)" }, "geometry": { "type": "Point", "coordinates": [ -122.3063038, 47.6635231 ] } },
{ "type": "Feature", "properties": { "PermitNum": "6503954-DM", "HousingUnitsRemoved": "0", "IssuedDate": "2016-06-11", "Latitude": 47.57652279, "Longitude": -122.30916333, "Location1": "(47.57652279, -122.30916333)" }, "geometry": { "type": "Point", "coordinates": [ -122.3091633, 47.5765228 ] } },
{ "type": "Feature", "properties": { "PermitNum": "6503971-DM", "HousingUnitsRemoved": "8", "IssuedDate": "2016-04-26", "Latitude": 47.56204949, "Longitude": -122.38777147, "Location1": "(47.56204949, -122.38777147)" }, "geometry": { "type": "Point", "coordinates": [ -122.3877715, 47.5620495 ] } },
{ "type": "Feature", "properties": { "PermitNum": "6506195-DM", "HousingUnitsRemoved": "1", "IssuedDate": "2016-01-07", "Latitude": 47.53000729, "Longitude": -122.37870791, "Location1": "(47.53000729, -122.37870791)" }, "geometry": { "type": "Point", "coordinates": [ -122.3787079, 47.5300073 ] } },
{ "type": "Feature", "properties": { "PermitNum": "6506469-DM", "HousingUnitsRemoved": "1", "IssuedDate": "2016-02-03", "Latitude": 47.56196361, "Longitude": -122.28309614, "Location1": "(47.56196361, -122.28309614)" }, "geometry": { "type": "Point", "coordinates": [ -122.2830961, 47.5619636 ] } },
{ "type": "Feature", "properties": { "PermitNum": "6507600-DM", "HousingUnitsRemoved": "1", "IssuedDate": "2016-03-11", "Latitude": 47.68661183, "Longitude": -122.39417961, "Location1": "(47.68661183, -122.39417961)" }, "geometry": { "type": "Point", "coordinates": [ -122.3941796, 47.6866118 ] } },
{ "type": "Feature", "properties": { "PermitNum": "6508012-DM", "HousingUnitsRemoved": "1", "IssuedDate": "2016-03-04", "Latitude": 47.62215884, "Longitude": -122.32432919, "Location1": "(47.62215884, -122.32432919)" }, "geometry": { "type": "Point", "coordinates": [ -122.3243292, 47.6221588 ] } },
{ "type": "Feature", "properties": { "PermitNum": "6548946-DM", "HousingUnitsRemoved": "0", "IssuedDate": "2017-01-26", "Latitude": 47.55634758, "Longitude": -122.38101054000001, "Location1": "(47.55634758, -122.38101054)" }, "geometry": { "type": "Point", "coordinates": [ -122.3810105, 47.5563476 ] } },
{ "type": "Feature", "properties": { "PermitNum": "6550567-DM", "HousingUnitsRemoved": "", "IssuedDate": "2016-10-27", "Latitude": 47.65561996, "Longitude": -122.38659694, "Location1": "(47.65561996, -122.38659694)" }, "geometry": { "type": "Point", "coordinates": [ -122.3865969, 47.65562 ] } },
{ "type": "Feature", "properties": { "PermitNum": "6551844-DM", "HousingUnitsRemoved": "1", "IssuedDate": "2017-06-21", "Latitude": 47.57435118, "Longitude": -122.37956934, "Location1": "(47.57435118, -122.37956934)" }, "geometry": { "type": "Point", "coordinates": [ -122.3795693, 47.5743512 ] } },
{ "type": "Feature", "properties": { "PermitNum": "6552449-DM", "HousingUnitsRemoved": "1", "IssuedDate": "2016-11-15", "Latitude": 47.68432343, "Longitude": -122.38185489, "Location1": "(47.68432343, -122.38185489)" }, "geometry": { "type": "Point", "coordinates": [ -122.3818549, 47.6843234 ] } },
{ "type": "Feature", "properties": { "PermitNum": "6553048-DM", "HousingUnitsRemoved": "1", "IssuedDate": "2016-10-10", "Latitude": 47.68251586, "Longitude": -122.37923302, "Location1": "(47.68251586, -122.37923302)" }, "geometry": { "type": "Point", "coordinates": [ -122.379233, 47.6825159 ] } },
{ "type": "Feature", "properties": { "PermitNum": "6595997-DM", "HousingUnitsRemoved": "1", "IssuedDate": "2018-03-01", "Latitude": 47.52023316, "Longitude": -122.35539407, "Location1": "(47.52023316, -122.35539407)" }, "geometry": { "type": "Point", "coordinates": [ -122.3553941, 47.5202332 ] } },
{ "type": "Feature", "properties": { "PermitNum": "6596058-DM", "HousingUnitsRemoved": "1", "IssuedDate": "2018-03-01", "Latitude": 47.52032971, "Longitude": -122.3554479, "Location1": "(47.52032971, -122.3554479)" }, "geometry": { "type": "Point", "coordinates": [ -122.3554479, 47.5203297 ] } },
{ "type": "Feature", "properties": { "PermitNum": "6645641-DM", "HousingUnitsRemoved": "1", "IssuedDate": "2018-09-24", "Latitude": 47.65898119, "Longitude": -122.28870516000001, "Location1": "(47.65898119, -122.28870516)" }, "geometry": { "type": "Point", "coordinates": [ -122.2887052, 47.6589812 ] } },
{ "type": "Feature", "properties": { "PermitNum": "6646701-DM", "HousingUnitsRemoved": "1", "IssuedDate": "2018-07-24", "Latitude": 47.67715315, "Longitude": -122.38616199000001, "Location1": "(47.67715315, -122.38616199)" }, "geometry": { "type": "Point", "coordinates": [ -122.386162, 47.6771532 ] } },
{ "type": "Feature", "properties": { "PermitNum": "6646943-DM", "HousingUnitsRemoved": "1", "IssuedDate": "2018-08-31", "Latitude": 47.52510457, "Longitude": -122.28462703, "Location1": "(47.52510457, -122.28462703)" }, "geometry": { "type": "Point", "coordinates": [ -122.284627, 47.5251046 ] } },
{ "type": "Feature", "properties": { "PermitNum": "6648959-DM", "HousingUnitsRemoved": "1", "IssuedDate": "2019-07-09", "Latitude": 47.66519032, "Longitude": -122.40830897, "Location1": "(47.66519032, -122.40830897)" }, "geometry": { "type": "Point", "coordinates": [ -122.408309, 47.6651903 ] } },
{ "type": "Feature", "properties": { "PermitNum": "6648970-DM", "HousingUnitsRemoved": "1", "IssuedDate": "2019-01-03", "Latitude": 47.59362258, "Longitude": -122.29064252000001, "Location1": "(47.59362258, -122.29064252)" }, "geometry": { "type": "Point", "coordinates": [ -122.2906425, 47.5936226 ] } },
{ "type": "Feature", "properties": { "PermitNum": "6649055-DM", "HousingUnitsRemoved": "1", "IssuedDate": "2019-06-17", "Latitude": 47.57715388, "Longitude": -122.37186536, "Location1": "(47.57715388, -122.37186536)" }, "geometry": { "type": "Point", "coordinates": [ -122.3718654, 47.5771539 ] } },
{ "type": "Feature", "properties": { "PermitNum": "6649076-DM", "HousingUnitsRemoved": "1", "IssuedDate": "2019-10-03", "Latitude": 47.55684871, "Longitude": -122.38113783, "Location1": "(47.55684871, -122.38113783)" }, "geometry": { "type": "Point", "coordinates": [ -122.3811378, 47.5568487 ] } },
{ "type": "Feature", "properties": { "PermitNum": "6649162-DM", "HousingUnitsRemoved": "0", "IssuedDate": "2018-03-07", "Latitude": 47.55648826, "Longitude": -122.2902749, "Location1": "(47.55648826, -122.2902749)" }, "geometry": { "type": "Point", "coordinates": [ -122.2902749, 47.5564883 ] } },
{ "type": "Feature", "properties": { "PermitNum": "6649579-DM", "HousingUnitsRemoved": "1", "IssuedDate": "2018-09-27", "Latitude": 47.59486643, "Longitude": -122.29993111, "Location1": "(47.59486643, -122.29993111)" }, "geometry": { "type": "Point", "coordinates": [ -122.2999311, 47.5948664 ] } },
{ "type": "Feature", "properties": { "PermitNum": "6650090-DM", "HousingUnitsRemoved": "1", "IssuedDate": "2018-08-14", "Latitude": 47.66974435, "Longitude": -122.36125352000001, "Location1": "(47.66974435, -122.36125352)" }, "geometry": { "type": "Point", "coordinates": [ -122.3612535, 47.6697444 ] } },
{ "type": "Feature", "properties": { "PermitNum": "6496677-DM", "HousingUnitsRemoved": "1", "IssuedDate": "2016-04-06", "Latitude": 47.52898209, "Longitude": -122.36101388, "Location1": "(47.52898209, -122.36101388)" }, "geometry": { "type": "Point", "coordinates": [ -122.3610139, 47.5289821 ] } },
{ "type": "Feature", "properties": { "PermitNum": "6496721-DM", "HousingUnitsRemoved": "0", "IssuedDate": "2016-10-18", "Latitude": 47.66706187, "Longitude": -122.30369721, "Location1": "(47.66706187, -122.30369721)" }, "geometry": { "type": "Point", "coordinates": [ -122.3036972, 47.6670619 ] } },
{ "type": "Feature", "properties": { "PermitNum": "6497484-DM", "HousingUnitsRemoved": "4", "IssuedDate": "2016-01-07", "Latitude": 47.6387492, "Longitude": -122.32445692, "Location1": "(47.6387492, -122.32445692)" }, "geometry": { "type": "Point", "coordinates": [ -122.3244569, 47.6387492 ] } },
{ "type": "Feature", "properties": { "PermitNum": "6499494-DM", "HousingUnitsRemoved": "1", "IssuedDate": "2016-01-29", "Latitude": 47.71302445, "Longitude": -122.34935622, "Location1": "(47.71302445, -122.34935622)" }, "geometry": { "type": "Point", "coordinates": [ -122.3493562, 47.7130244 ] } },
{ "type": "Feature", "properties": { "PermitNum": "6499725-DM", "HousingUnitsRemoved": "1", "IssuedDate": "2016-02-08", "Latitude": 47.62500329, "Longitude": -122.2993983, "Location1": "(47.62500329, -122.2993983)" }, "geometry": { "type": "Point", "coordinates": [ -122.2993983, 47.6250033 ] } },
{ "type": "Feature", "properties": { "PermitNum": "6544793-DM", "HousingUnitsRemoved": "1", "IssuedDate": "2017-01-09", "Latitude": 47.58584379, "Longitude": -122.31362849, "Location1": "(47.58584379, -122.31362849)" }, "geometry": { "type": "Point", "coordinates": [ -122.3136285, 47.5858438 ] } },
{ "type": "Feature", "properties": { "PermitNum": "6545979-DM", "HousingUnitsRemoved": "1", "IssuedDate": "2017-03-15", "Latitude": 47.68178381, "Longitude": -122.38132124000001, "Location1": "(47.68178381, -122.38132124)" }, "geometry": { "type": "Point", "coordinates": [ -122.3813212, 47.6817838 ] } },
{ "type": "Feature", "properties": { "PermitNum": "6546290-DM", "HousingUnitsRemoved": "2", "IssuedDate": "2016-10-27", "Latitude": 47.60048399, "Longitude": -122.29869282, "Location1": "(47.60048399, -122.29869282)" }, "geometry": { "type": "Point", "coordinates": [ -122.2986928, 47.600484 ] } },
{ "type": "Feature", "properties": { "PermitNum": "6546329-DM", "HousingUnitsRemoved": "", "IssuedDate": "2017-03-03", "Latitude": 47.67782631, "Longitude": -122.31789451, "Location1": "(47.67782631, -122.31789451)" }, "geometry": { "type": "Point", "coordinates": [ -122.3178945, 47.6778263 ] } },
{ "type": "Feature", "properties": { "PermitNum": "6548491-DM", "HousingUnitsRemoved": "0", "IssuedDate": "2017-04-28", "Latitude": 47.66379933, "Longitude": -122.35460632, "Location1": "(47.66379933, -122.35460632)" }, "geometry": { "type": "Point", "coordinates": [ -122.3546063, 47.6637993 ] } },
{ "type": "Feature", "properties": { "PermitNum": "6548863-DM", "HousingUnitsRemoved": "1", "IssuedDate": "2016-10-17", "Latitude": 47.57702724, "Longitude": -122.41642996, "Location1": "(47.57702724, -122.41642996)" }, "geometry": { "type": "Point", "coordinates": [ -122.41643, 47.5770272 ] } },
{ "type": "Feature", "properties": { "PermitNum": "6589049-DM", "HousingUnitsRemoved": "1", "IssuedDate": "2017-08-24", "Latitude": 47.64331969, "Longitude": -122.4039848, "Location1": "(47.64331969, -122.4039848)" }, "geometry": { "type": "Point", "coordinates": [ -122.4039848, 47.6433197 ] } },
{ "type": "Feature", "properties": { "PermitNum": "6589579-DM", "HousingUnitsRemoved": "3", "IssuedDate": "2018-02-05", "Latitude": 47.66105092, "Longitude": -122.32383892, "Location1": "(47.66105092, -122.32383892)" }, "geometry": { "type": "Point", "coordinates": [ -122.3238389, 47.6610509 ] } },
{ "type": "Feature", "properties": { "PermitNum": "6589993-DM", "HousingUnitsRemoved": "0", "IssuedDate": "2017-12-08", "Latitude": 47.63623749, "Longitude": -122.34695162, "Location1": "(47.63623749, -122.34695162)" }, "geometry": { "type": "Point", "coordinates": [ -122.3469516, 47.6362375 ] } },
{ "type": "Feature", "properties": { "PermitNum": "6592849-DM", "HousingUnitsRemoved": "1", "IssuedDate": "2017-04-20", "Latitude": 47.6573826, "Longitude": -122.3438353, "Location1": "(47.6573826, -122.3438353)" }, "geometry": { "type": "Point", "coordinates": [ -122.3438353, 47.6573826 ] } },
{ "type": "Feature", "properties": { "PermitNum": "6593570-DM", "HousingUnitsRemoved": "", "IssuedDate": "2020-06-23", "Latitude": 47.58937073, "Longitude": -122.2858691, "Location1": "(47.58937073, -122.2858691)" }, "geometry": { "type": "Point", "coordinates": [ -122.2858691, 47.5893707 ] } },
{ "type": "Feature", "properties": { "PermitNum": "6593889-DM", "HousingUnitsRemoved": "1", "IssuedDate": "2018-10-23", "Latitude": 47.5359306, "Longitude": -122.27981606, "Location1": "(47.5359306, -122.27981606)" }, "geometry": { "type": "Point", "coordinates": [ -122.2798161, 47.5359306 ] } },
{ "type": "Feature", "properties": { "PermitNum": "6637212-DM", "HousingUnitsRemoved": "1", "IssuedDate": "2020-05-28", "Latitude": 47.6354894, "Longitude": -122.34694455, "Location1": "(47.6354894, -122.34694455)" }, "geometry": { "type": "Point", "coordinates": [ -122.3469446, 47.6354894 ] } },
{ "type": "Feature", "properties": { "PermitNum": "6639192-DM", "HousingUnitsRemoved": "1", "IssuedDate": "2018-11-07", "Latitude": 47.63726514, "Longitude": -122.32688503, "Location1": "(47.63726514, -122.32688503)" }, "geometry": { "type": "Point", "coordinates": [ -122.326885, 47.6372651 ] } },
{ "type": "Feature", "properties": { "PermitNum": "6639575-DM", "HousingUnitsRemoved": "1", "IssuedDate": "2020-01-15", "Latitude": 47.7216515, "Longitude": -122.33621787, "Location1": "(47.7216515, -122.33621787)" }, "geometry": { "type": "Point", "coordinates": [ -122.3362179, 47.7216515 ] } },
{ "type": "Feature", "properties": { "PermitNum": "6643736-DM", "HousingUnitsRemoved": "1", "IssuedDate": "2019-09-25", "Latitude": 47.58312305, "Longitude": -122.3005751, "Location1": "(47.58312305, -122.3005751)" }, "geometry": { "type": "Point", "coordinates": [ -122.3005751, 47.583123 ] } },
{ "type": "Feature", "properties": { "PermitNum": "6644390-DM", "HousingUnitsRemoved": "", "IssuedDate": "2018-11-29", "Latitude": 47.52046518, "Longitude": -122.35754075, "Location1": "(47.52046518, -122.35754075)" }, "geometry": { "type": "Point", "coordinates": [ -122.3575407, 47.5204652 ] } },
{ "type": "Feature", "properties": { "PermitNum": "6644900-DM", "HousingUnitsRemoved": "", "IssuedDate": "2020-02-12", "Latitude": 47.63956705, "Longitude": -122.32893713, "Location1": "(47.63956705, -122.32893713)" }, "geometry": { "type": "Point", "coordinates": [ -122.3289371, 47.639567 ] } },
{ "type": "Feature", "properties": { "PermitNum": "6422607-DM", "HousingUnitsRemoved": "0", "IssuedDate": "2017-03-15", "Latitude": 47.55896389, "Longitude": -122.28853043, "Location1": "(47.55896389, -122.28853043)" }, "geometry": { "type": "Point", "coordinates": [ -122.2885304, 47.5589639 ] } },
{ "type": "Feature", "properties": { "PermitNum": "6472232-DM", "HousingUnitsRemoved": "3", "IssuedDate": "2016-04-26", "Latitude": 47.56713281, "Longitude": -122.38718656, "Location1": "(47.56713281, -122.38718656)" }, "geometry": { "type": "Point", "coordinates": [ -122.3871866, 47.5671328 ] } },
{ "type": "Feature", "properties": { "PermitNum": "6475000-DM", "HousingUnitsRemoved": "1", "IssuedDate": "2016-01-08", "Latitude": 47.57093442, "Longitude": -122.28811639, "Location1": "(47.57093442, -122.28811639)" }, "geometry": { "type": "Point", "coordinates": [ -122.2881164, 47.5709344 ] } },
{ "type": "Feature", "properties": { "PermitNum": "6475358-DM", "HousingUnitsRemoved": "2", "IssuedDate": "2016-02-06", "Latitude": 47.65414239, "Longitude": -122.37278431, "Location1": "(47.65414239, -122.37278431)" }, "geometry": { "type": "Point", "coordinates": [ -122.3727843, 47.6541424 ] } },
{ "type": "Feature", "properties": { "PermitNum": "6520443-DM", "HousingUnitsRemoved": "1", "IssuedDate": "2016-05-02", "Latitude": 47.5589371, "Longitude": -122.36322901, "Location1": "(47.5589371, -122.36322901)" }, "geometry": { "type": "Point", "coordinates": [ -122.363229, 47.5589371 ] } },
{ "type": "Feature", "properties": { "PermitNum": "6522316-DM", "HousingUnitsRemoved": "1", "IssuedDate": "2016-05-10", "Latitude": 47.67644728, "Longitude": -122.3938523, "Location1": "(47.67644728, -122.3938523)" }, "geometry": { "type": "Point", "coordinates": [ -122.3938523, 47.6764473 ] } },
{ "type": "Feature", "properties": { "PermitNum": "6523677-DM", "HousingUnitsRemoved": "1", "IssuedDate": "2016-04-19", "Latitude": 47.57104413, "Longitude": -122.37789445, "Location1": "(47.57104413, -122.37789445)" }, "geometry": { "type": "Point", "coordinates": [ -122.3778944, 47.5710441 ] } },
{ "type": "Feature", "properties": { "PermitNum": "6524734-DM", "HousingUnitsRemoved": "1", "IssuedDate": "2016-06-17", "Latitude": 47.67468666, "Longitude": -122.36662048, "Location1": "(47.67468666, -122.36662048)" }, "geometry": { "type": "Point", "coordinates": [ -122.3666205, 47.6746867 ] } },
{ "type": "Feature", "properties": { "PermitNum": "6525840-DM", "HousingUnitsRemoved": "1", "IssuedDate": "2016-09-20", "Latitude": 47.7197133, "Longitude": -122.30445005, "Location1": "(47.7197133, -122.30445005)" }, "geometry": { "type": "Point", "coordinates": [ -122.30445, 47.7197133 ] } },
{ "type": "Feature", "properties": { "PermitNum": "6490505-DM", "HousingUnitsRemoved": "0", "IssuedDate": "2016-01-26", "Latitude": 47.67413285, "Longitude": -122.38050403, "Location1": "(47.67413285, -122.38050403)" }, "geometry": { "type": "Point", "coordinates": [ -122.380504, 47.6741328 ] } },
{ "type": "Feature", "properties": { "PermitNum": "6492447-DM", "HousingUnitsRemoved": "1", "IssuedDate": "2016-06-10", "Latitude": 47.61902806, "Longitude": -122.3051322, "Location1": "(47.61902806, -122.3051322)" }, "geometry": { "type": "Point", "coordinates": [ -122.3051322, 47.6190281 ] } },
{ "type": "Feature", "properties": { "PermitNum": "6492909-DM", "HousingUnitsRemoved": "1", "IssuedDate": "2016-03-01", "Latitude": 47.60222987, "Longitude": -122.31128829, "Location1": "(47.60222987, -122.31128829)" }, "geometry": { "type": "Point", "coordinates": [ -122.3112883, 47.6022299 ] } },
{ "type": "Feature", "properties": { "PermitNum": "6492910-DM", "HousingUnitsRemoved": "1", "IssuedDate": "2016-03-28", "Latitude": 47.6021575, "Longitude": -122.31128616, "Location1": "(47.6021575, -122.31128616)" }, "geometry": { "type": "Point", "coordinates": [ -122.3112862, 47.6021575 ] } },
{ "type": "Feature", "properties": { "PermitNum": "6493121-DM", "HousingUnitsRemoved": "4", "IssuedDate": "2016-03-29", "Latitude": 47.65005969, "Longitude": -122.37439212, "Location1": "(47.65005969, -122.37439212)" }, "geometry": { "type": "Point", "coordinates": [ -122.3743921, 47.6500597 ] } },
{ "type": "Feature", "properties": { "PermitNum": "6495058-DM", "HousingUnitsRemoved": "2", "IssuedDate": "2016-02-19", "Latitude": 47.6351737, "Longitude": -122.37320357, "Location1": "(47.6351737, -122.37320357)" }, "geometry": { "type": "Point", "coordinates": [ -122.3732036, 47.6351737 ] } },
{ "type": "Feature", "properties": { "PermitNum": "6540084-DM", "HousingUnitsRemoved": "1", "IssuedDate": "2016-06-13", "Latitude": 47.67581197, "Longitude": -122.38346046, "Location1": "(47.67581197, -122.38346046)" }, "geometry": { "type": "Point", "coordinates": [ -122.3834605, 47.675812 ] } },
{ "type": "Feature", "properties": { "PermitNum": "6542945-DM", "HousingUnitsRemoved": "1", "IssuedDate": "2016-10-14", "Latitude": 47.67002843, "Longitude": -122.27254016000001, "Location1": "(47.67002843, -122.27254016)" }, "geometry": { "type": "Point", "coordinates": [ -122.2725402, 47.6700284 ] } },
{ "type": "Feature", "properties": { "PermitNum": "6584579-DM", "HousingUnitsRemoved": "1", "IssuedDate": "2017-08-11", "Latitude": 47.59572821, "Longitude": -122.30099262, "Location1": "(47.59572821, -122.30099262)" }, "geometry": { "type": "Point", "coordinates": [ -122.3009926, 47.5957282 ] } },
{ "type": "Feature", "properties": { "PermitNum": "6631489-DM", "HousingUnitsRemoved": "1", "IssuedDate": "2018-08-06", "Latitude": 47.58803187, "Longitude": -122.30868702, "Location1": "(47.58803187, -122.30868702)" }, "geometry": { "type": "Point", "coordinates": [ -122.308687, 47.5880319 ] } },
{ "type": "Feature", "properties": { "PermitNum": "6632087-DM", "HousingUnitsRemoved": "1", "IssuedDate": "2020-07-27", "Latitude": 47.5397598, "Longitude": -122.28139124, "Location1": "(47.5397598, -122.28139124)" }, "geometry": { "type": "Point", "coordinates": [ -122.2813912, 47.5397598 ] } },
{ "type": "Feature", "properties": { "PermitNum": "6633593-DM", "HousingUnitsRemoved": "1", "IssuedDate": "2018-12-14", "Latitude": 47.56555596, "Longitude": -122.37056202, "Location1": "(47.56555596, -122.37056202)" }, "geometry": { "type": "Point", "coordinates": [ -122.370562, 47.565556 ] } },
{ "type": "Feature", "properties": { "PermitNum": "6634186-DM", "HousingUnitsRemoved": "0", "IssuedDate": "2018-06-28", "Latitude": 47.59952485, "Longitude": -122.30268552, "Location1": "(47.59952485, -122.30268552)" }, "geometry": { "type": "Point", "coordinates": [ -122.3026855, 47.5995249 ] } },
{ "type": "Feature", "properties": { "PermitNum": "6634715-DM", "HousingUnitsRemoved": "1", "IssuedDate": "2018-08-13", "Latitude": 47.54509854, "Longitude": -122.39659575, "Location1": "(47.54509854, -122.39659575)" }, "geometry": { "type": "Point", "coordinates": [ -122.3965958, 47.5450985 ] } },
{ "type": "Feature", "properties": { "PermitNum": "6635243-DM", "HousingUnitsRemoved": "1", "IssuedDate": "2018-12-07", "Latitude": 47.56401256, "Longitude": -122.38595902, "Location1": "(47.56401256, -122.38595902)" }, "geometry": { "type": "Point", "coordinates": [ -122.385959, 47.5640126 ] } },
{ "type": "Feature", "properties": { "PermitNum": "6635702-DM", "HousingUnitsRemoved": "1", "IssuedDate": "2019-10-23", "Latitude": 47.52183217, "Longitude": -122.35756902, "Location1": "(47.52183217, -122.35756902)" }, "geometry": { "type": "Point", "coordinates": [ -122.357569, 47.5218322 ] } },
{ "type": "Feature", "properties": { "PermitNum": "6468245-DM", "HousingUnitsRemoved": "0", "IssuedDate": "2016-06-07", "Latitude": 47.62213467, "Longitude": -122.33283777, "Location1": "(47.62213467, -122.33283777)" }, "geometry": { "type": "Point", "coordinates": [ -122.3328378, 47.6221347 ] } },
{ "type": "Feature", "properties": { "PermitNum": "6468250-DM", "HousingUnitsRemoved": "0", "IssuedDate": "2016-06-07", "Latitude": 47.62220369, "Longitude": -122.33201145, "Location1": "(47.62220369, -122.33201145)" }, "geometry": { "type": "Point", "coordinates": [ -122.3320114, 47.6222037 ] } },
{ "type": "Feature", "properties": { "PermitNum": "6443143-DM", "HousingUnitsRemoved": "1", "IssuedDate": "2016-02-26", "Latitude": 47.5922072, "Longitude": -122.29857228, "Location1": "(47.5922072, -122.29857228)" }, "geometry": { "type": "Point", "coordinates": [ -122.2985723, 47.5922072 ] } },
{ "type": "Feature", "properties": { "PermitNum": "6486662-DM", "HousingUnitsRemoved": "1", "IssuedDate": "2016-05-05", "Latitude": 47.67439284, "Longitude": -122.39129683, "Location1": "(47.67439284, -122.39129683)" }, "geometry": { "type": "Point", "coordinates": [ -122.3912968, 47.6743928 ] } },
{ "type": "Feature", "properties": { "PermitNum": "6532429-DM", "HousingUnitsRemoved": "0", "IssuedDate": "2017-04-13", "Latitude": 47.63796335, "Longitude": -122.4102872, "Location1": "(47.63796335, -122.4102872)" }, "geometry": { "type": "Point", "coordinates": [ -122.4102872, 47.6379633 ] } },
{ "type": "Feature", "properties": { "PermitNum": "6533419-DM", "HousingUnitsRemoved": "0", "IssuedDate": "2017-03-29", "Latitude": 47.55533955, "Longitude": -122.28544447, "Location1": "(47.55533955, -122.28544447)" }, "geometry": { "type": "Point", "coordinates": [ -122.2854445, 47.5553395 ] } },
{ "type": "Feature", "properties": { "PermitNum": "6535415-DM", "HousingUnitsRemoved": "1", "IssuedDate": "2016-05-17", "Latitude": 47.65331998, "Longitude": -122.35480074, "Location1": "(47.65331998, -122.35480074)" }, "geometry": { "type": "Point", "coordinates": [ -122.3548007, 47.65332 ] } },
{ "type": "Feature", "properties": { "PermitNum": "6535450-DM", "HousingUnitsRemoved": "0", "IssuedDate": "2016-09-28", "Latitude": 47.67339985, "Longitude": -122.38525602, "Location1": "(47.67339985, -122.38525602)" }, "geometry": { "type": "Point", "coordinates": [ -122.385256, 47.6733999 ] } },
{ "type": "Feature", "properties": { "PermitNum": "6536824-DM", "HousingUnitsRemoved": "1", "IssuedDate": "2016-09-06", "Latitude": 47.70357523, "Longitude": -122.27859589000001, "Location1": "(47.70357523, -122.27859589)" }, "geometry": { "type": "Point", "coordinates": [ -122.2785959, 47.7035752 ] } },
{ "type": "Feature", "properties": { "PermitNum": "6579504-DM", "HousingUnitsRemoved": "1", "IssuedDate": "2017-06-21", "Latitude": 47.67535303, "Longitude": -122.28720027, "Location1": "(47.67535303, -122.28720027)" }, "geometry": { "type": "Point", "coordinates": [ -122.2872003, 47.675353 ] } },
{ "type": "Feature", "properties": { "PermitNum": "6623895-DM", "HousingUnitsRemoved": "1", "IssuedDate": "2018-03-14", "Latitude": 47.67472758, "Longitude": -122.36708756, "Location1": "(47.67472758, -122.36708756)" }, "geometry": { "type": "Point", "coordinates": [ -122.3670876, 47.6747276 ] } },
{ "type": "Feature", "properties": { "PermitNum": "6625129-DM", "HousingUnitsRemoved": "1", "IssuedDate": "2017-10-23", "Latitude": 47.57660468, "Longitude": -122.4186995, "Location1": "(47.57660468, -122.4186995)" }, "geometry": { "type": "Point", "coordinates": [ -122.4186995, 47.5766047 ] } },
{ "type": "Feature", "properties": { "PermitNum": "6626737-DM", "HousingUnitsRemoved": "1", "IssuedDate": "2020-07-09", "Latitude": 47.54020566, "Longitude": -122.28108576, "Location1": "(47.54020566, -122.28108576)" }, "geometry": { "type": "Point", "coordinates": [ -122.2810858, 47.5402057 ] } },
{ "type": "Feature", "properties": { "PermitNum": "6627928-DM", "HousingUnitsRemoved": "1", "IssuedDate": "2020-03-19", "Latitude": 47.66388615, "Longitude": -122.31173865, "Location1": "(47.66388615, -122.31173865)" }, "geometry": { "type": "Point", "coordinates": [ -122.3117386, 47.6638862 ] } },
{ "type": "Feature", "properties": { "PermitNum": "6506548-DM", "HousingUnitsRemoved": "1", "IssuedDate": "2016-03-10", "Latitude": 47.68206743, "Longitude": -122.29184821, "Location1": "(47.68206743, -122.29184821)" }, "geometry": { "type": "Point", "coordinates": [ -122.2918482, 47.6820674 ] } },
{ "type": "Feature", "properties": { "PermitNum": "6551325-DM", "HousingUnitsRemoved": "0", "IssuedDate": "2016-09-27", "Latitude": 47.55859041, "Longitude": -122.38043715000001, "Location1": "(47.55859041, -122.38043715)" }, "geometry": { "type": "Point", "coordinates": [ -122.3804372, 47.5585904 ] } },
{ "type": "Feature", "properties": { "PermitNum": "6551388-DM", "HousingUnitsRemoved": "0", "IssuedDate": "2016-10-12", "Latitude": 47.67260294, "Longitude": -122.2591785, "Location1": "(47.67260294, -122.2591785)" }, "geometry": { "type": "Point", "coordinates": [ -122.2591785, 47.6726029 ] } },
{ "type": "Feature", "properties": { "PermitNum": "6551628-DM", "HousingUnitsRemoved": "1", "IssuedDate": "2017-02-02", "Latitude": 47.55247918, "Longitude": -122.27080703, "Location1": "(47.55247918, -122.27080703)" }, "geometry": { "type": "Point", "coordinates": [ -122.270807, 47.5524792 ] } },
{ "type": "Feature", "properties": { "PermitNum": "6552491-DM", "HousingUnitsRemoved": "0", "IssuedDate": "2017-06-06", "Latitude": 47.58900392, "Longitude": -122.30455319, "Location1": "(47.58900392, -122.30455319)" }, "geometry": { "type": "Point", "coordinates": [ -122.3045532, 47.5890039 ] } },
{ "type": "Feature", "properties": { "PermitNum": "6552513-DM", "HousingUnitsRemoved": "0", "IssuedDate": "2016-08-26", "Latitude": 47.50707192, "Longitude": -122.24979617, "Location1": "(47.50707192, -122.24979617)" }, "geometry": { "type": "Point", "coordinates": [ -122.2497962, 47.5070719 ] } },
{ "type": "Feature", "properties": { "PermitNum": "6554502-DM", "HousingUnitsRemoved": "3", "IssuedDate": "2017-01-06", "Latitude": 47.66601834, "Longitude": -122.36993282, "Location1": "(47.66601834, -122.36993282)" }, "geometry": { "type": "Point", "coordinates": [ -122.3699328, 47.6660183 ] } },
{ "type": "Feature", "properties": { "PermitNum": "6557821-DM", "HousingUnitsRemoved": "2", "IssuedDate": "2017-10-03", "Latitude": 47.63213829, "Longitude": -122.34700506, "Location1": "(47.63213829, -122.34700506)" }, "geometry": { "type": "Point", "coordinates": [ -122.3470051, 47.6321383 ] } },
{ "type": "Feature", "properties": { "PermitNum": "6601690-DM", "HousingUnitsRemoved": "1", "IssuedDate": "2017-11-03", "Latitude": 47.68895353, "Longitude": -122.35847175000001, "Location1": "(47.68895353, -122.35847175)" }, "geometry": { "type": "Point", "coordinates": [ -122.3584718, 47.6889535 ] } },
{ "type": "Feature", "properties": { "PermitNum": "6601970-DM", "HousingUnitsRemoved": "", "IssuedDate": "2018-11-26", "Latitude": 47.55216183, "Longitude": -122.26110055, "Location1": "(47.55216183, -122.26110055)" }, "geometry": { "type": "Point", "coordinates": [ -122.2611005, 47.5521618 ] } },
{ "type": "Feature", "properties": { "PermitNum": "6602810-DM", "HousingUnitsRemoved": "1", "IssuedDate": "2018-08-23", "Latitude": 47.61866939, "Longitude": -122.30014941, "Location1": "(47.61866939, -122.30014941)" }, "geometry": { "type": "Point", "coordinates": [ -122.3001494, 47.6186694 ] } },
{ "type": "Feature", "properties": { "PermitNum": "6603143-DM", "HousingUnitsRemoved": "1", "IssuedDate": "2017-11-04", "Latitude": 47.67385271, "Longitude": -122.36479846, "Location1": "(47.67385271, -122.36479846)" }, "geometry": { "type": "Point", "coordinates": [ -122.3647985, 47.6738527 ] } },
{ "type": "Feature", "properties": { "PermitNum": "6603251-DM", "HousingUnitsRemoved": "1", "IssuedDate": "2018-08-30", "Latitude": 47.55101219, "Longitude": -122.38140885, "Location1": "(47.55101219, -122.38140885)" }, "geometry": { "type": "Point", "coordinates": [ -122.3814088, 47.5510122 ] } },
{ "type": "Feature", "properties": { "PermitNum": "6654564-DM", "HousingUnitsRemoved": "1", "IssuedDate": "2019-01-15", "Latitude": 47.60606794, "Longitude": -122.28449576, "Location1": "(47.60606794, -122.28449576)" }, "geometry": { "type": "Point", "coordinates": [ -122.2844958, 47.6060679 ] } },
{ "type": "Feature", "properties": { "PermitNum": "6657712-DM", "HousingUnitsRemoved": "1", "IssuedDate": "2019-06-20", "Latitude": 47.64965329, "Longitude": -122.37455931, "Location1": "(47.64965329, -122.37455931)" }, "geometry": { "type": "Point", "coordinates": [ -122.3745593, 47.6496533 ] } },
{ "type": "Feature", "properties": { "PermitNum": "6667426-DM", "HousingUnitsRemoved": "", "IssuedDate": "2019-07-25", "Latitude": 47.533203, "Longitude": -122.37892983, "Location1": "(47.533203, -122.37892983)" }, "geometry": { "type": "Point", "coordinates": [ -122.3789298, 47.533203 ] } },
{ "type": "Feature", "properties": { "PermitNum": "6673588-DM", "HousingUnitsRemoved": "", "IssuedDate": "2018-06-14", "Latitude": 47.63356207, "Longitude": -122.31226998, "Location1": "(47.63356207, -122.31226998)" }, "geometry": { "type": "Point", "coordinates": [ -122.31227, 47.6335621 ] } },
{ "type": "Feature", "properties": { "PermitNum": "6674444-DM", "HousingUnitsRemoved": "", "IssuedDate": "2019-03-27", "Latitude": 47.69095388, "Longitude": -122.36395471, "Location1": "(47.69095388, -122.36395471)" }, "geometry": { "type": "Point", "coordinates": [ -122.3639547, 47.6909539 ] } },
{ "type": "Feature", "properties": { "PermitNum": "6674948-DM", "HousingUnitsRemoved": "", "IssuedDate": "2019-10-03", "Latitude": 47.60059241, "Longitude": -122.30530612, "Location1": "(47.60059241, -122.30530612)" }, "geometry": { "type": "Point", "coordinates": [ -122.3053061, 47.6005924 ] } },
{ "type": "Feature", "properties": { "PermitNum": "6675397-DM", "HousingUnitsRemoved": "", "IssuedDate": "2018-12-19", "Latitude": 47.68454318, "Longitude": -122.36313184, "Location1": "(47.68454318, -122.36313184)" }, "geometry": { "type": "Point", "coordinates": [ -122.3631318, 47.6845432 ] } },
{ "type": "Feature", "properties": { "PermitNum": "6676542-DM", "HousingUnitsRemoved": "", "IssuedDate": "2021-08-23", "Latitude": 47.71083045, "Longitude": -122.33192225000001, "Location1": "(47.71083045, -122.33192225)" }, "geometry": { "type": "Point", "coordinates": [ -122.3319223, 47.7108305 ] } },
{ "type": "Feature", "properties": { "PermitNum": "6676640-DM", "HousingUnitsRemoved": "", "IssuedDate": "2018-12-31", "Latitude": 47.67181157, "Longitude": -122.2895463, "Location1": "(47.67181157, -122.2895463)" }, "geometry": { "type": "Point", "coordinates": [ -122.2895463, 47.6718116 ] } },
{ "type": "Feature", "properties": { "PermitNum": "6676790-DM", "HousingUnitsRemoved": "", "IssuedDate": "2019-03-05", "Latitude": 47.5622722, "Longitude": -122.3838449, "Location1": "(47.5622722, -122.3838449)" }, "geometry": { "type": "Point", "coordinates": [ -122.3838449, 47.5622722 ] } },
{ "type": "Feature", "properties": { "PermitNum": "6714604-DM", "HousingUnitsRemoved": "2", "IssuedDate": "2022-05-11", "Latitude": 47.58946132, "Longitude": -122.3102776, "Location1": "(47.58946132, -122.3102776)" }, "geometry": { "type": "Point", "coordinates": [ -122.3102776, 47.5894613 ] } },
{ "type": "Feature", "properties": { "PermitNum": "6714920-DM", "HousingUnitsRemoved": "1", "IssuedDate": "2019-09-30", "Latitude": 47.70077367, "Longitude": -122.3885625, "Location1": "(47.70077367, -122.3885625)" }, "geometry": { "type": "Point", "coordinates": [ -122.3885625, 47.7007737 ] } },
{ "type": "Feature", "properties": { "PermitNum": "6714976-DM", "HousingUnitsRemoved": "", "IssuedDate": "2019-09-11", "Latitude": 47.54564496, "Longitude": -122.36132089, "Location1": "(47.54564496, -122.36132089)" }, "geometry": { "type": "Point", "coordinates": [ -122.3613209, 47.545645 ] } },
{ "type": "Feature", "properties": { "PermitNum": "6715434-DM", "HousingUnitsRemoved": "", "IssuedDate": "2020-02-19", "Latitude": 47.63830081, "Longitude": -122.36863992000001, "Location1": "(47.63830081, -122.36863992)" }, "geometry": { "type": "Point", "coordinates": [ -122.3686399, 47.6383008 ] } },
{ "type": "Feature", "properties": { "PermitNum": "6716950-DM", "HousingUnitsRemoved": "", "IssuedDate": "2019-07-08", "Latitude": 47.62205123, "Longitude": -122.2958749, "Location1": "(47.62205123, -122.2958749)" }, "geometry": { "type": "Point", "coordinates": [ -122.2958749, 47.6220512 ] } },
{ "type": "Feature", "properties": { "PermitNum": "6718091-DM", "HousingUnitsRemoved": "1", "IssuedDate": "2020-07-14", "Latitude": 47.6648476, "Longitude": -122.35760305, "Location1": "(47.6648476, -122.35760305)" }, "geometry": { "type": "Point", "coordinates": [ -122.357603, 47.6648476 ] } },
{ "type": "Feature", "properties": { "PermitNum": "6718855-DM", "HousingUnitsRemoved": "", "IssuedDate": "2020-01-09", "Latitude": 47.63160494, "Longitude": -122.34526091, "Location1": "(47.63160494, -122.34526091)" }, "geometry": { "type": "Point", "coordinates": [ -122.3452609, 47.6316049 ] } },
{ "type": "Feature", "properties": { "PermitNum": "6718873-DM", "HousingUnitsRemoved": "", "IssuedDate": "2019-08-05", "Latitude": 47.68290971, "Longitude": -122.39469598, "Location1": "(47.68290971, -122.39469598)" }, "geometry": { "type": "Point", "coordinates": [ -122.394696, 47.6829097 ] } },
{ "type": "Feature", "properties": { "PermitNum": "6762714-DM", "HousingUnitsRemoved": "0", "IssuedDate": "2021-03-04", "Latitude": 47.59410748, "Longitude": -122.29122895, "Location1": "(47.59410748, -122.29122895)" }, "geometry": { "type": "Point", "coordinates": [ -122.291229, 47.5941075 ] } },
{ "type": "Feature", "properties": { "PermitNum": "6762867-DM", "HousingUnitsRemoved": "", "IssuedDate": "2021-09-29", "Latitude": 47.6953808, "Longitude": -122.37038917, "Location1": "(47.6953808, -122.37038917)" }, "geometry": { "type": "Point", "coordinates": [ -122.3703892, 47.6953808 ] } },
{ "type": "Feature", "properties": { "PermitNum": "6762974-DM", "HousingUnitsRemoved": "", "IssuedDate": "2020-02-27", "Latitude": 47.67614086, "Longitude": -122.29378897, "Location1": "(47.67614086, -122.29378897)" }, "geometry": { "type": "Point", "coordinates": [ -122.293789, 47.6761409 ] } },
{ "type": "Feature", "properties": { "PermitNum": "6765241-DM", "HousingUnitsRemoved": "", "IssuedDate": "2020-04-16", "Latitude": 47.65631486, "Longitude": -122.34629763, "Location1": "(47.65631486, -122.34629763)" }, "geometry": { "type": "Point", "coordinates": [ -122.3462976, 47.6563149 ] } },
{ "type": "Feature", "properties": { "PermitNum": "6767203-DM", "HousingUnitsRemoved": "", "IssuedDate": "2020-02-06", "Latitude": 47.63632065, "Longitude": -122.36737563, "Location1": "(47.63632065, -122.36737563)" }, "geometry": { "type": "Point", "coordinates": [ -122.3673756, 47.6363207 ] } },
{ "type": "Feature", "properties": { "PermitNum": "6767879-DM", "HousingUnitsRemoved": "1", "IssuedDate": "2020-02-06", "Latitude": 47.66928162, "Longitude": -122.36997444, "Location1": "(47.66928162, -122.36997444)" }, "geometry": { "type": "Point", "coordinates": [ -122.3699744, 47.6692816 ] } },
{ "type": "Feature", "properties": { "PermitNum": "6768037-DM", "HousingUnitsRemoved": "1", "IssuedDate": "2020-06-08", "Latitude": 47.59562472, "Longitude": -122.29067078, "Location1": "(47.59562472, -122.29067078)" }, "geometry": { "type": "Point", "coordinates": [ -122.2906708, 47.5956247 ] } },
{ "type": "Feature", "properties": { "PermitNum": "6807193-DM", "HousingUnitsRemoved": "1", "IssuedDate": "2021-08-25", "Latitude": 47.66807396, "Longitude": -122.37033605000001, "Location1": "(47.66807396, -122.37033605)" }, "geometry": { "type": "Point", "coordinates": [ -122.3703361, 47.668074 ] } },
{ "type": "Feature", "properties": { "PermitNum": "6811800-DM", "HousingUnitsRemoved": "", "IssuedDate": "2021-02-26", "Latitude": 47.56440285, "Longitude": -122.38104726, "Location1": "(47.56440285, -122.38104726)" }, "geometry": { "type": "Point", "coordinates": [ -122.3810473, 47.5644029 ] } },
{ "type": "Feature", "properties": { "PermitNum": "6812416-DM", "HousingUnitsRemoved": "", "IssuedDate": "2021-03-23", "Latitude": 47.68776613, "Longitude": -122.37515889, "Location1": "(47.68776613, -122.37515889)" }, "geometry": { "type": "Point", "coordinates": [ -122.3751589, 47.6877661 ] } },
{ "type": "Feature", "properties": { "PermitNum": "6853367-DM", "HousingUnitsRemoved": "1", "IssuedDate": "2022-09-28", "Latitude": 47.70141404, "Longitude": -122.36121439, "Location1": "(47.70141404, -122.36121439)" }, "geometry": { "type": "Point", "coordinates": [ -122.3612144, 47.701414 ] } },
{ "type": "Feature", "properties": { "PermitNum": "6854999-DM", "HousingUnitsRemoved": "1", "IssuedDate": "2021-12-13", "Latitude": 47.68361509, "Longitude": -122.39058266000001, "Location1": "(47.68361509, -122.39058266)" }, "geometry": { "type": "Point", "coordinates": [ -122.3905827, 47.6836151 ] } },
{ "type": "Feature", "properties": { "PermitNum": "6708634-DM", "HousingUnitsRemoved": "", "IssuedDate": "2020-08-27", "Latitude": 47.57098753, "Longitude": -122.40999772000001, "Location1": "(47.57098753, -122.40999772)" }, "geometry": { "type": "Point", "coordinates": [ -122.4099977, 47.5709875 ] } },
{ "type": "Feature", "properties": { "PermitNum": "6708733-DM", "HousingUnitsRemoved": "", "IssuedDate": "2020-02-19", "Latitude": 47.68635406, "Longitude": -122.37518077, "Location1": "(47.68635406, -122.37518077)" }, "geometry": { "type": "Point", "coordinates": [ -122.3751808, 47.6863541 ] } },
{ "type": "Feature", "properties": { "PermitNum": "6709830-DM", "HousingUnitsRemoved": "", "IssuedDate": "2019-12-16", "Latitude": 47.55083621, "Longitude": -122.31063088000001, "Location1": "(47.55083621, -122.31063088)" }, "geometry": { "type": "Point", "coordinates": [ -122.3106309, 47.5508362 ] } },
{ "type": "Feature", "properties": { "PermitNum": "6711092-DM", "HousingUnitsRemoved": "", "IssuedDate": "2019-07-12", "Latitude": 47.57478496, "Longitude": -122.38493809000001, "Location1": "(47.57478496, -122.38493809)" }, "geometry": { "type": "Point", "coordinates": [ -122.3849381, 47.574785 ] } },
{ "type": "Feature", "properties": { "PermitNum": "6711179-DM", "HousingUnitsRemoved": "1", "IssuedDate": "2019-12-02", "Latitude": 47.53240872, "Longitude": -122.34723709, "Location1": "(47.53240872, -122.34723709)" }, "geometry": { "type": "Point", "coordinates": [ -122.3472371, 47.5324087 ] } },
{ "type": "Feature", "properties": { "PermitNum": "6711211-DM", "HousingUnitsRemoved": "", "IssuedDate": "2020-05-04", "Latitude": 47.65291467, "Longitude": -122.35258445, "Location1": "(47.65291467, -122.35258445)" }, "geometry": { "type": "Point", "coordinates": [ -122.3525844, 47.6529147 ] } },
{ "type": "Feature", "properties": { "PermitNum": "6711291-DM", "HousingUnitsRemoved": "1", "IssuedDate": "2020-04-30", "Latitude": 47.63821599, "Longitude": -122.38866428, "Location1": "(47.63821599, -122.38866428)" }, "geometry": { "type": "Point", "coordinates": [ -122.3886643, 47.638216 ] } },
{ "type": "Feature", "properties": { "PermitNum": "6711475-DM", "HousingUnitsRemoved": "1", "IssuedDate": "2019-11-22", "Latitude": 47.65622238, "Longitude": -122.27895728, "Location1": "(47.65622238, -122.27895728)" }, "geometry": { "type": "Point", "coordinates": [ -122.2789573, 47.6562224 ] } },
{ "type": "Feature", "properties": { "PermitNum": "6712233-DM", "HousingUnitsRemoved": "", "IssuedDate": "2019-08-27", "Latitude": 47.66685819, "Longitude": -122.31389475, "Location1": "(47.66685819, -122.31389475)" }, "geometry": { "type": "Point", "coordinates": [ -122.3138948, 47.6668582 ] } },
{ "type": "Feature", "properties": { "PermitNum": "6712551-DM", "HousingUnitsRemoved": "1", "IssuedDate": "2019-07-27", "Latitude": 47.68873261, "Longitude": -122.30246906000001, "Location1": "(47.68873261, -122.30246906)" }, "geometry": { "type": "Point", "coordinates": [ -122.3024691, 47.6887326 ] } },
{ "type": "Feature", "properties": { "PermitNum": "6712758-DM", "HousingUnitsRemoved": "0", "IssuedDate": "2020-07-16", "Latitude": 47.55961624, "Longitude": -122.28855281, "Location1": "(47.55961624, -122.28855281)" }, "geometry": { "type": "Point", "coordinates": [ -122.2885528, 47.5596162 ] } },
{ "type": "Feature", "properties": { "PermitNum": "6756578-DM", "HousingUnitsRemoved": "", "IssuedDate": "2020-05-20", "Latitude": 47.69142964, "Longitude": -122.37246948000001, "Location1": "(47.69142964, -122.37246948)" }, "geometry": { "type": "Point", "coordinates": [ -122.3724695, 47.6914296 ] } },
{ "type": "Feature", "properties": { "PermitNum": "6758660-DM", "HousingUnitsRemoved": "", "IssuedDate": "2021-09-16", "Latitude": 47.52340934, "Longitude": -122.34639366, "Location1": "(47.52340934, -122.34639366)" }, "geometry": { "type": "Point", "coordinates": [ -122.3463937, 47.5234093 ] } },
{ "type": "Feature", "properties": { "PermitNum": "6759120-DM", "HousingUnitsRemoved": "1", "IssuedDate": "2020-11-19", "Latitude": 47.67429514, "Longitude": -122.29358753, "Location1": "(47.67429514, -122.29358753)" }, "geometry": { "type": "Point", "coordinates": [ -122.2935875, 47.6742951 ] } },
{ "type": "Feature", "properties": { "PermitNum": "6759443-DM", "HousingUnitsRemoved": "", "IssuedDate": "2021-08-25", "Latitude": 47.67306373, "Longitude": -122.27850616000001, "Location1": "(47.67306373, -122.27850616)" }, "geometry": { "type": "Point", "coordinates": [ -122.2785062, 47.6730637 ] } },
{ "type": "Feature", "properties": { "PermitNum": "6759466-DM", "HousingUnitsRemoved": "", "IssuedDate": "2022-03-07", "Latitude": 47.52158248, "Longitude": -122.27187793, "Location1": "(47.52158248, -122.27187793)" }, "geometry": { "type": "Point", "coordinates": [ -122.2718779, 47.5215825 ] } },
{ "type": "Feature", "properties": { "PermitNum": "6801072-DM", "HousingUnitsRemoved": "1", "IssuedDate": "2022-05-19", "Latitude": 47.68999377, "Longitude": -122.37166418, "Location1": "(47.68999377, -122.37166418)" }, "geometry": { "type": "Point", "coordinates": [ -122.3716642, 47.6899938 ] } },
{ "type": "Feature", "properties": { "PermitNum": "6801075-DM", "HousingUnitsRemoved": "1", "IssuedDate": "2022-05-19", "Latitude": 47.68987377, "Longitude": -122.3719932, "Location1": "(47.68987377, -122.3719932)" }, "geometry": { "type": "Point", "coordinates": [ -122.3719932, 47.6898738 ] } },
{ "type": "Feature", "properties": { "PermitNum": "6801188-DM", "HousingUnitsRemoved": "1", "IssuedDate": "2021-04-12", "Latitude": 47.57656368, "Longitude": -122.39770153000001, "Location1": "(47.57656368, -122.39770153)" }, "geometry": { "type": "Point", "coordinates": [ -122.3977015, 47.5765637 ] } },
{ "type": "Feature", "properties": { "PermitNum": "6801975-DM", "HousingUnitsRemoved": "", "IssuedDate": "2021-11-02", "Latitude": 47.66808827, "Longitude": -122.36773352, "Location1": "(47.66808827, -122.36773352)" }, "geometry": { "type": "Point", "coordinates": [ -122.3677335, 47.6680883 ] } },
{ "type": "Feature", "properties": { "PermitNum": "6804910-DM", "HousingUnitsRemoved": "", "IssuedDate": "2021-03-08", "Latitude": 47.67888265, "Longitude": -122.34775898, "Location1": "(47.67888265, -122.34775898)" }, "geometry": { "type": "Point", "coordinates": [ -122.347759, 47.6788826 ] } },
{ "type": "Feature", "properties": { "PermitNum": "6845865-DM", "HousingUnitsRemoved": "3", "IssuedDate": "2022-06-13", "Latitude": 47.69677791, "Longitude": -122.33795256000001, "Location1": "(47.69677791, -122.33795256)" }, "geometry": { "type": "Point", "coordinates": [ -122.3379526, 47.6967779 ] } },
{ "type": "Feature", "properties": { "PermitNum": "6846212-DM", "HousingUnitsRemoved": "", "IssuedDate": "2022-12-07", "Latitude": 47.66509985, "Longitude": -122.31500929000001, "Location1": "(47.66509985, -122.31500929)" }, "geometry": { "type": "Point", "coordinates": [ -122.3150093, 47.6650998 ] } },
{ "type": "Feature", "properties": { "PermitNum": "6846931-DM", "HousingUnitsRemoved": "1", "IssuedDate": "2022-05-17", "Latitude": 47.57253839, "Longitude": -122.2955397, "Location1": "(47.57253839, -122.2955397)" }, "geometry": { "type": "Point", "coordinates": [ -122.2955397, 47.5725384 ] } },
{ "type": "Feature", "properties": { "PermitNum": "6848425-DM", "HousingUnitsRemoved": "", "IssuedDate": "2021-07-15", "Latitude": 47.63162967, "Longitude": -122.36026271, "Location1": "(47.63162967, -122.36026271)" }, "geometry": { "type": "Point", "coordinates": [ -122.3602627, 47.6316297 ] } },
{ "type": "Feature", "properties": { "PermitNum": "6849934-DM", "HousingUnitsRemoved": "", "IssuedDate": "2022-07-25", "Latitude": 47.69126164, "Longitude": -122.37760536, "Location1": "(47.69126164, -122.37760536)" }, "geometry": { "type": "Point", "coordinates": [ -122.3776054, 47.6912616 ] } },
{ "type": "Feature", "properties": { "PermitNum": "6897534-DM", "HousingUnitsRemoved": "", "IssuedDate": "2022-08-08", "Latitude": 47.6893324, "Longitude": -122.39661967000001, "Location1": "(47.6893324, -122.39661967)" }, "geometry": { "type": "Point", "coordinates": [ -122.3966197, 47.6893324 ] } },
{ "type": "Feature", "properties": { "PermitNum": "6901441-DM", "HousingUnitsRemoved": "", "IssuedDate": "2022-05-10", "Latitude": 47.6193071, "Longitude": -122.32693846, "Location1": "(47.6193071, -122.32693846)" }, "geometry": { "type": "Point", "coordinates": [ -122.3269385, 47.6193071 ] } },
{ "type": "Feature", "properties": { "PermitNum": "6901467-DM", "HousingUnitsRemoved": "1", "IssuedDate": "2022-07-18", "Latitude": 47.56074935, "Longitude": -122.31048776, "Location1": "(47.56074935, -122.31048776)" }, "geometry": { "type": "Point", "coordinates": [ -122.3104878, 47.5607494 ] } },
{ "type": "Feature", "properties": { "PermitNum": "6903329-DM", "HousingUnitsRemoved": "1", "IssuedDate": "2022-06-10", "Latitude": 47.6770816, "Longitude": -122.34780343, "Location1": "(47.6770816, -122.34780343)" }, "geometry": { "type": "Point", "coordinates": [ -122.3478034, 47.6770816 ] } },
{ "type": "Feature", "properties": { "PermitNum": "6903702-DM", "HousingUnitsRemoved": "", "IssuedDate": "2022-12-12", "Latitude": 47.55529109, "Longitude": -122.28773671, "Location1": "(47.55529109, -122.28773671)" }, "geometry": { "type": "Point", "coordinates": [ -122.2877367, 47.5552911 ] } },
{ "type": "Feature", "properties": { "PermitNum": "6466508-DM", "HousingUnitsRemoved": "8", "IssuedDate": "2016-01-14", "Latitude": 47.61777564, "Longitude": -122.31327276, "Location1": "(47.61777564, -122.31327276)" }, "geometry": { "type": "Point", "coordinates": [ -122.3132728, 47.6177756 ] } },
{ "type": "Feature", "properties": { "PermitNum": "6448316-DM", "HousingUnitsRemoved": "2", "IssuedDate": "2016-01-25", "Latitude": 47.58957127, "Longitude": -122.29327689, "Location1": "(47.58957127, -122.29327689)" }, "geometry": { "type": "Point", "coordinates": [ -122.2932769, 47.5895713 ] } },
{ "type": "Feature", "properties": { "PermitNum": "6490184-DM", "HousingUnitsRemoved": "1", "IssuedDate": "2016-01-25", "Latitude": 47.62125398, "Longitude": -122.29833844, "Location1": "(47.62125398, -122.29833844)" }, "geometry": { "type": "Point", "coordinates": [ -122.2983384, 47.621254 ] } },
{ "type": "Feature", "properties": { "PermitNum": "6491123-DM", "HousingUnitsRemoved": "1", "IssuedDate": "2016-05-27", "Latitude": 47.67399018, "Longitude": -122.39135378, "Location1": "(47.67399018, -122.39135378)" }, "geometry": { "type": "Point", "coordinates": [ -122.3913538, 47.6739902 ] } },
{ "type": "Feature", "properties": { "PermitNum": "6539155-DM", "HousingUnitsRemoved": "1", "IssuedDate": "2016-12-17", "Latitude": 47.56488066, "Longitude": -122.36610912, "Location1": "(47.56488066, -122.36610912)" }, "geometry": { "type": "Point", "coordinates": [ -122.3661091, 47.5648807 ] } },
{ "type": "Feature", "properties": { "PermitNum": "6539811-DM", "HousingUnitsRemoved": "1", "IssuedDate": "2016-10-27", "Latitude": 47.67867845, "Longitude": -122.27258561, "Location1": "(47.67867845, -122.27258561)" }, "geometry": { "type": "Point", "coordinates": [ -122.2725856, 47.6786784 ] } },
{ "type": "Feature", "properties": { "PermitNum": "6541388-DM", "HousingUnitsRemoved": "0", "IssuedDate": "2016-09-06", "Latitude": 47.5608794, "Longitude": -122.28913275, "Location1": "(47.5608794, -122.28913275)" }, "geometry": { "type": "Point", "coordinates": [ -122.2891327, 47.5608794 ] } },
{ "type": "Feature", "properties": { "PermitNum": "6542726-DM", "HousingUnitsRemoved": "0", "IssuedDate": "2016-10-28", "Latitude": 47.62501724, "Longitude": -122.31388356, "Location1": "(47.62501724, -122.31388356)" }, "geometry": { "type": "Point", "coordinates": [ -122.3138836, 47.6250172 ] } },
{ "type": "Feature", "properties": { "PermitNum": "6587348-DM", "HousingUnitsRemoved": "0", "IssuedDate": "2018-11-26", "Latitude": 47.55210995, "Longitude": -122.26053187, "Location1": "(47.55210995, -122.26053187)" }, "geometry": { "type": "Point", "coordinates": [ -122.2605319, 47.55211 ] } },
{ "type": "Feature", "properties": { "PermitNum": "6589325-DM", "HousingUnitsRemoved": "1", "IssuedDate": "2017-12-06", "Latitude": 47.6885937, "Longitude": -122.35164241, "Location1": "(47.6885937, -122.35164241)" }, "geometry": { "type": "Point", "coordinates": [ -122.3516424, 47.6885937 ] } },
{ "type": "Feature", "properties": { "PermitNum": "6591157-DM", "HousingUnitsRemoved": "1", "IssuedDate": "2017-11-21", "Latitude": 47.6854102, "Longitude": -122.32913623, "Location1": "(47.6854102, -122.32913623)" }, "geometry": { "type": "Point", "coordinates": [ -122.3291362, 47.6854102 ] } },
{ "type": "Feature", "properties": { "PermitNum": "6591949-DM", "HousingUnitsRemoved": "1", "IssuedDate": "2017-11-21", "Latitude": 47.63642517, "Longitude": -122.38740582, "Location1": "(47.63642517, -122.38740582)" }, "geometry": { "type": "Point", "coordinates": [ -122.3874058, 47.6364252 ] } },
{ "type": "Feature", "properties": { "PermitNum": "6639355-DM", "HousingUnitsRemoved": "1", "IssuedDate": "2018-04-20", "Latitude": 47.56851543, "Longitude": -122.37978502, "Location1": "(47.56851543, -122.37978502)" }, "geometry": { "type": "Point", "coordinates": [ -122.379785, 47.5685154 ] } },
{ "type": "Feature", "properties": { "PermitNum": "6642183-DM", "HousingUnitsRemoved": "0", "IssuedDate": "2019-07-08", "Latitude": 47.53855232, "Longitude": -122.29520592, "Location1": "(47.53855232, -122.29520592)" }, "geometry": { "type": "Point", "coordinates": [ -122.2952059, 47.5385523 ] } },
{ "type": "Feature", "properties": { "PermitNum": "6644832-DM", "HousingUnitsRemoved": "1", "IssuedDate": "2018-12-19", "Latitude": 47.55415885, "Longitude": -122.38219502, "Location1": "(47.55415885, -122.38219502)" }, "geometry": { "type": "Point", "coordinates": [ -122.382195, 47.5541589 ] } },
{ "type": "Feature", "properties": { "PermitNum": "6656428-DM", "HousingUnitsRemoved": "1", "IssuedDate": "2019-08-23", "Latitude": 47.69435131, "Longitude": -122.30979045, "Location1": "(47.69435131, -122.30979045)" }, "geometry": { "type": "Point", "coordinates": [ -122.3097904, 47.6943513 ] } },
{ "type": "Feature", "properties": { "PermitNum": "6658284-DM", "HousingUnitsRemoved": "2", "IssuedDate": "2019-05-13", "Latitude": 47.6369364, "Longitude": -122.37067128, "Location1": "(47.6369364, -122.37067128)" }, "geometry": { "type": "Point", "coordinates": [ -122.3706713, 47.6369364 ] } },
{ "type": "Feature", "properties": { "PermitNum": "6658468-DM", "HousingUnitsRemoved": "1", "IssuedDate": "2018-11-27", "Latitude": 47.69356755, "Longitude": -122.35825484, "Location1": "(47.69356755, -122.35825484)" }, "geometry": { "type": "Point", "coordinates": [ -122.3582548, 47.6935675 ] } },
{ "type": "Feature", "properties": { "PermitNum": "6704070-DM", "HousingUnitsRemoved": "1", "IssuedDate": "2020-06-12", "Latitude": 47.56531227, "Longitude": -122.39447958, "Location1": "(47.56531227, -122.39447958)" }, "geometry": { "type": "Point", "coordinates": [ -122.3944796, 47.5653123 ] } },
{ "type": "Feature", "properties": { "PermitNum": "6704776-DM", "HousingUnitsRemoved": "", "IssuedDate": "2019-07-20", "Latitude": 47.55469589, "Longitude": -122.3826355, "Location1": "(47.55469589, -122.3826355)" }, "geometry": { "type": "Point", "coordinates": [ -122.3826355, 47.5546959 ] } },
{ "type": "Feature", "properties": { "PermitNum": "6705247-DM", "HousingUnitsRemoved": "1", "IssuedDate": "2019-07-10", "Latitude": 47.66907744, "Longitude": -122.29812956000001, "Location1": "(47.66907744, -122.29812956)" }, "geometry": { "type": "Point", "coordinates": [ -122.2981296, 47.6690774 ] } },
{ "type": "Feature", "properties": { "PermitNum": "6705294-DM", "HousingUnitsRemoved": "", "IssuedDate": "2019-11-21", "Latitude": 47.6007248, "Longitude": -122.29924097, "Location1": "(47.6007248, -122.29924097)" }, "geometry": { "type": "Point", "coordinates": [ -122.299241, 47.6007248 ] } },
{ "type": "Feature", "properties": { "PermitNum": "6705633-DM", "HousingUnitsRemoved": "1", "IssuedDate": "2019-07-15", "Latitude": 47.67204509, "Longitude": -122.3964413, "Location1": "(47.67204509, -122.3964413)" }, "geometry": { "type": "Point", "coordinates": [ -122.3964413, 47.6720451 ] } },
{ "type": "Feature", "properties": { "PermitNum": "6706213-DM", "HousingUnitsRemoved": "", "IssuedDate": "2020-06-02", "Latitude": 47.62031815, "Longitude": -122.29448566000001, "Location1": "(47.62031815, -122.29448566)" }, "geometry": { "type": "Point", "coordinates": [ -122.2944857, 47.6203182 ] } },
{ "type": "Feature", "properties": { "PermitNum": "6707853-DM", "HousingUnitsRemoved": "", "IssuedDate": "2019-12-04", "Latitude": 47.65783062, "Longitude": -122.35085424, "Location1": "(47.65783062, -122.35085424)" }, "geometry": { "type": "Point", "coordinates": [ -122.3508542, 47.6578306 ] } },
{ "type": "Feature", "properties": { "PermitNum": "6708564-DM", "HousingUnitsRemoved": "", "IssuedDate": "2019-10-10", "Latitude": 47.52629468, "Longitude": -122.36216292, "Location1": "(47.52629468, -122.36216292)" }, "geometry": { "type": "Point", "coordinates": [ -122.3621629, 47.5262947 ] } },
{ "type": "Feature", "properties": { "PermitNum": "6533398-DM", "HousingUnitsRemoved": "1", "IssuedDate": "2016-09-15", "Latitude": 47.70342538, "Longitude": -122.27801069, "Location1": "(47.70342538, -122.27801069)" }, "geometry": { "type": "Point", "coordinates": [ -122.2780107, 47.7034254 ] } },
{ "type": "Feature", "properties": { "PermitNum": "6533891-DM", "HousingUnitsRemoved": "1", "IssuedDate": "2016-10-18", "Latitude": 47.58715142, "Longitude": -122.28779932, "Location1": "(47.58715142, -122.28779932)" }, "geometry": { "type": "Point", "coordinates": [ -122.2877993, 47.5871514 ] } },
{ "type": "Feature", "properties": { "PermitNum": "6534337-DM", "HousingUnitsRemoved": "1", "IssuedDate": "2016-11-02", "Latitude": 47.67808828, "Longitude": -122.38998076, "Location1": "(47.67808828, -122.38998076)" }, "geometry": { "type": "Point", "coordinates": [ -122.3899808, 47.6780883 ] } },
{ "type": "Feature", "properties": { "PermitNum": "6537802-DM", "HousingUnitsRemoved": "1", "IssuedDate": "2016-08-04", "Latitude": 47.54697101, "Longitude": -122.31939863, "Location1": "(47.54697101, -122.31939863)" }, "geometry": { "type": "Point", "coordinates": [ -122.3193986, 47.546971 ] } },
{ "type": "Feature", "properties": { "PermitNum": "6581468-DM", "HousingUnitsRemoved": "1", "IssuedDate": "2018-12-31", "Latitude": 47.61960238, "Longitude": -122.2988438, "Location1": "(47.61960238, -122.2988438)" }, "geometry": { "type": "Point", "coordinates": [ -122.2988438, 47.6196024 ] } },
{ "type": "Feature", "properties": { "PermitNum": "6583146-DM", "HousingUnitsRemoved": "0", "IssuedDate": "2017-07-27", "Latitude": 47.68626579, "Longitude": -122.29361402000001, "Location1": "(47.68626579, -122.29361402)" }, "geometry": { "type": "Point", "coordinates": [ -122.293614, 47.6862658 ] } },
{ "type": "Feature", "properties": { "PermitNum": "6634436-DM", "HousingUnitsRemoved": "1", "IssuedDate": "2019-03-27", "Latitude": 47.63566262, "Longitude": -122.37190921, "Location1": "(47.63566262, -122.37190921)" }, "geometry": { "type": "Point", "coordinates": [ -122.3719092, 47.6356626 ] } },
{ "type": "Feature", "properties": { "PermitNum": "6634496-DM", "HousingUnitsRemoved": "1", "IssuedDate": "2019-04-22", "Latitude": 47.62341815, "Longitude": -122.31964352, "Location1": "(47.62341815, -122.31964352)" }, "geometry": { "type": "Point", "coordinates": [ -122.3196435, 47.6234181 ] } },
{ "type": "Feature", "properties": { "PermitNum": "6637213-DM", "HousingUnitsRemoved": "1", "IssuedDate": "2020-05-28", "Latitude": 47.63542056, "Longitude": -122.3468604, "Location1": "(47.63542056, -122.3468604)" }, "geometry": { "type": "Point", "coordinates": [ -122.3468604, 47.6354206 ] } },
{ "type": "Feature", "properties": { "PermitNum": "6637570-DM", "HousingUnitsRemoved": "1", "IssuedDate": "2019-05-06", "Latitude": 47.65368988, "Longitude": -122.35101705, "Location1": "(47.65368988, -122.35101705)" }, "geometry": { "type": "Point", "coordinates": [ -122.351017, 47.6536899 ] } },
{ "type": "Feature", "properties": { "PermitNum": "6638793-DM", "HousingUnitsRemoved": "2", "IssuedDate": "2018-09-14", "Latitude": 47.55802499, "Longitude": -122.38116772, "Location1": "(47.55802499, -122.38116772)" }, "geometry": { "type": "Point", "coordinates": [ -122.3811677, 47.558025 ] } },
{ "type": "Feature", "properties": { "PermitNum": "6639059-DM", "HousingUnitsRemoved": "1", "IssuedDate": "2019-09-25", "Latitude": 47.69159656, "Longitude": -122.30441765, "Location1": "(47.69159656, -122.30441765)" }, "geometry": { "type": "Point", "coordinates": [ -122.3044177, 47.6915966 ] } },
{ "type": "Feature", "properties": { "PermitNum": "6699514-DM", "HousingUnitsRemoved": "0", "IssuedDate": "2022-05-28", "Latitude": 47.61412628, "Longitude": -122.34039328, "Location1": "(47.61412628, -122.34039328)" }, "geometry": { "type": "Point", "coordinates": [ -122.3403933, 47.6141263 ] } },
{ "type": "Feature", "properties": { "PermitNum": "6700622-DM", "HousingUnitsRemoved": "", "IssuedDate": "2019-12-09", "Latitude": 47.62370116, "Longitude": -122.29846565, "Location1": "(47.62370116, -122.29846565)" }, "geometry": { "type": "Point", "coordinates": [ -122.2984656, 47.6237012 ] } },
{ "type": "Feature", "properties": { "PermitNum": "6701102-DM", "HousingUnitsRemoved": "1", "IssuedDate": "2020-08-14", "Latitude": 47.58916983, "Longitude": -122.3157095, "Location1": "(47.58916983, -122.3157095)" }, "geometry": { "type": "Point", "coordinates": [ -122.3157095, 47.5891698 ] } },
{ "type": "Feature", "properties": { "PermitNum": "6743717-DM", "HousingUnitsRemoved": "", "IssuedDate": "2019-10-22", "Latitude": 47.58575411, "Longitude": -122.30060041, "Location1": "(47.58575411, -122.30060041)" }, "geometry": { "type": "Point", "coordinates": [ -122.3006004, 47.5857541 ] } },
{ "type": "Feature", "properties": { "PermitNum": "6743843-DM", "HousingUnitsRemoved": "1", "IssuedDate": "2019-11-01", "Latitude": 47.72656511, "Longitude": -122.35932809000001, "Location1": "(47.72656511, -122.35932809)" }, "geometry": { "type": "Point", "coordinates": [ -122.3593281, 47.7265651 ] } },
{ "type": "Feature", "properties": { "PermitNum": "6744301-DM", "HousingUnitsRemoved": "0", "IssuedDate": "2020-02-18", "Latitude": 47.63939332, "Longitude": -122.32636639, "Location1": "(47.63939332, -122.32636639)" }, "geometry": { "type": "Point", "coordinates": [ -122.3263664, 47.6393933 ] } },
{ "type": "Feature", "properties": { "PermitNum": "6744958-DM", "HousingUnitsRemoved": "0", "IssuedDate": "2019-08-19", "Latitude": 47.61502714, "Longitude": -122.29458259, "Location1": "(47.61502714, -122.29458259)" }, "geometry": { "type": "Point", "coordinates": [ -122.2945826, 47.6150271 ] } },
{ "type": "Feature", "properties": { "PermitNum": "6746348-DM", "HousingUnitsRemoved": "1", "IssuedDate": "2020-06-17", "Latitude": 47.5761443, "Longitude": -122.41546768000001, "Location1": "(47.5761443, -122.41546768)" }, "geometry": { "type": "Point", "coordinates": [ -122.4154677, 47.5761443 ] } },
{ "type": "Feature", "properties": { "PermitNum": "6746721-DM", "HousingUnitsRemoved": "0", "IssuedDate": "2019-09-10", "Latitude": 47.59362741, "Longitude": -122.38958629, "Location1": "(47.59362741, -122.38958629)" }, "geometry": { "type": "Point", "coordinates": [ -122.3895863, 47.5936274 ] } },
{ "type": "Feature", "properties": { "PermitNum": "6746798-DM", "HousingUnitsRemoved": "", "IssuedDate": "2020-09-01", "Latitude": 47.65478979, "Longitude": -122.34826477, "Location1": "(47.65478979, -122.34826477)" }, "geometry": { "type": "Point", "coordinates": [ -122.3482648, 47.6547898 ] } },
{ "type": "Feature", "properties": { "PermitNum": "6747319-DM", "HousingUnitsRemoved": "", "IssuedDate": "2019-11-04", "Latitude": 47.69710307, "Longitude": -122.34119355, "Location1": "(47.69710307, -122.34119355)" }, "geometry": { "type": "Point", "coordinates": [ -122.3411935, 47.6971031 ] } },
{ "type": "Feature", "properties": { "PermitNum": "6790025-DM", "HousingUnitsRemoved": "0", "IssuedDate": "2021-03-12", "Latitude": 47.63275419, "Longitude": -122.35998618000001, "Location1": "(47.63275419, -122.35998618)" }, "geometry": { "type": "Point", "coordinates": [ -122.3599862, 47.6327542 ] } },
{ "type": "Feature", "properties": { "PermitNum": "6791598-DM", "HousingUnitsRemoved": "1", "IssuedDate": "2020-10-20", "Latitude": 47.67971432, "Longitude": -122.27084794, "Location1": "(47.67971432, -122.27084794)" }, "geometry": { "type": "Point", "coordinates": [ -122.2708479, 47.6797143 ] } },
{ "type": "Feature", "properties": { "PermitNum": "6792451-DM", "HousingUnitsRemoved": "1", "IssuedDate": "2022-01-06", "Latitude": 47.69644536, "Longitude": -122.37463221, "Location1": "(47.69644536, -122.37463221)" }, "geometry": { "type": "Point", "coordinates": [ -122.3746322, 47.6964454 ] } },
{ "type": "Feature", "properties": { "PermitNum": "6832408-DM", "HousingUnitsRemoved": "", "IssuedDate": "2022-01-13", "Latitude": 47.53975241, "Longitude": -122.36113471, "Location1": "(47.53975241, -122.36113471)" }, "geometry": { "type": "Point", "coordinates": [ -122.3611347, 47.5397524 ] } },
{ "type": "Feature", "properties": { "PermitNum": "6832788-DM", "HousingUnitsRemoved": "1", "IssuedDate": "2021-08-24", "Latitude": 47.67871559, "Longitude": -122.29069798, "Location1": "(47.67871559, -122.29069798)" }, "geometry": { "type": "Point", "coordinates": [ -122.290698, 47.6787156 ] } },
{ "type": "Feature", "properties": { "PermitNum": "6832790-DM", "HousingUnitsRemoved": "1", "IssuedDate": "2022-01-25", "Latitude": 47.61147623, "Longitude": -122.29103115, "Location1": "(47.61147623, -122.29103115)" }, "geometry": { "type": "Point", "coordinates": [ -122.2910311, 47.6114762 ] } },
{ "type": "Feature", "properties": { "PermitNum": "6833146-DM", "HousingUnitsRemoved": "1", "IssuedDate": "2022-04-25", "Latitude": 47.58430706, "Longitude": -122.3131693, "Location1": "(47.58430706, -122.3131693)" }, "geometry": { "type": "Point", "coordinates": [ -122.3131693, 47.5843071 ] } },
{ "type": "Feature", "properties": { "PermitNum": "6835347-DM", "HousingUnitsRemoved": "1", "IssuedDate": "2021-11-02", "Latitude": 47.52554384, "Longitude": -122.27835253000001, "Location1": "(47.52554384, -122.27835253)" }, "geometry": { "type": "Point", "coordinates": [ -122.2783525, 47.5255438 ] } },
{ "type": "Feature", "properties": { "PermitNum": "6835426-DM", "HousingUnitsRemoved": "", "IssuedDate": "2021-09-19", "Latitude": 47.67470238, "Longitude": -122.39635475, "Location1": "(47.67470238, -122.39635475)" }, "geometry": { "type": "Point", "coordinates": [ -122.3963548, 47.6747024 ] } },
{ "type": "Feature", "properties": { "PermitNum": "6887272-DM", "HousingUnitsRemoved": "", "IssuedDate": "2022-10-28", "Latitude": 47.56139427, "Longitude": -122.29075355000001, "Location1": "(47.56139427, -122.29075355)" }, "geometry": { "type": "Point", "coordinates": [ -122.2907536, 47.5613943 ] } },
{ "type": "Feature", "properties": { "PermitNum": "6431569-DM", "HousingUnitsRemoved": "1", "IssuedDate": "2016-11-23", "Latitude": 47.63945862, "Longitude": -122.36929512, "Location1": "(47.63945862, -122.36929512)" }, "geometry": { "type": "Point", "coordinates": [ -122.3692951, 47.6394586 ] } },
{ "type": "Feature", "properties": { "PermitNum": "6475549-DM", "HousingUnitsRemoved": "1", "IssuedDate": "2016-01-05", "Latitude": 47.59488704, "Longitude": -122.29561158, "Location1": "(47.59488704, -122.29561158)" }, "geometry": { "type": "Point", "coordinates": [ -122.2956116, 47.594887 ] } },
{ "type": "Feature", "properties": { "PermitNum": "6526663-DM", "HousingUnitsRemoved": "1", "IssuedDate": "2016-06-08", "Latitude": 47.56467463, "Longitude": -122.28455842, "Location1": "(47.56467463, -122.28455842)" }, "geometry": { "type": "Point", "coordinates": [ -122.2845584, 47.5646746 ] } },
{ "type": "Feature", "properties": { "PermitNum": "6527360-DM", "HousingUnitsRemoved": "1", "IssuedDate": "2021-09-10", "Latitude": 47.64700142, "Longitude": -122.37466683, "Location1": "(47.64700142, -122.37466683)" }, "geometry": { "type": "Point", "coordinates": [ -122.3746668, 47.6470014 ] } },
{ "type": "Feature", "properties": { "PermitNum": "6527373-DM", "HousingUnitsRemoved": "1", "IssuedDate": "2017-02-27", "Latitude": 47.61987638, "Longitude": -122.30802579, "Location1": "(47.61987638, -122.30802579)" }, "geometry": { "type": "Point", "coordinates": [ -122.3080258, 47.6198764 ] } },
{ "type": "Feature", "properties": { "PermitNum": "6529389-DM", "HousingUnitsRemoved": "0", "IssuedDate": "2016-09-26", "Latitude": 47.67061247, "Longitude": -122.38350742, "Location1": "(47.67061247, -122.38350742)" }, "geometry": { "type": "Point", "coordinates": [ -122.3835074, 47.6706125 ] } },
{ "type": "Feature", "properties": { "PermitNum": "6529721-DM", "HousingUnitsRemoved": "1", "IssuedDate": "2016-08-11", "Latitude": 47.72347576, "Longitude": -122.36265854, "Location1": "(47.72347576, -122.36265854)" }, "geometry": { "type": "Point", "coordinates": [ -122.3626585, 47.7234758 ] } },
{ "type": "Feature", "properties": { "PermitNum": "6530643-DM", "HousingUnitsRemoved": "1", "IssuedDate": "2016-10-26", "Latitude": 47.63417227, "Longitude": -122.27882508, "Location1": "(47.63417227, -122.27882508)" }, "geometry": { "type": "Point", "coordinates": [ -122.2788251, 47.6341723 ] } },
{ "type": "Feature", "properties": { "PermitNum": "6531213-DM", "HousingUnitsRemoved": "1", "IssuedDate": "2016-09-15", "Latitude": 47.59581255, "Longitude": -122.2967795, "Location1": "(47.59581255, -122.2967795)" }, "geometry": { "type": "Point", "coordinates": [ -122.2967795, 47.5958125 ] } },
{ "type": "Feature", "properties": { "PermitNum": "6531808-DM", "HousingUnitsRemoved": "1", "IssuedDate": "2016-09-06", "Latitude": 47.62208705, "Longitude": -122.30437139, "Location1": "(47.62208705, -122.30437139)" }, "geometry": { "type": "Point", "coordinates": [ -122.3043714, 47.622087 ] } },
{ "type": "Feature", "properties": { "PermitNum": "6577047-DM", "HousingUnitsRemoved": "2", "IssuedDate": "2017-07-06", "Latitude": 47.57606009, "Longitude": -122.41020059, "Location1": "(47.57606009, -122.41020059)" }, "geometry": { "type": "Point", "coordinates": [ -122.4102006, 47.5760601 ] } },
{ "type": "Feature", "properties": { "PermitNum": "6578874-DM", "HousingUnitsRemoved": "0", "IssuedDate": "2017-02-21", "Latitude": 47.58014231, "Longitude": -122.39096686000001, "Location1": "(47.58014231, -122.39096686)" }, "geometry": { "type": "Point", "coordinates": [ -122.3909669, 47.5801423 ] } },
{ "type": "Feature", "properties": { "PermitNum": "6627930-DM", "HousingUnitsRemoved": "1", "IssuedDate": "2020-03-20", "Latitude": 47.66398732, "Longitude": -122.31169042000001, "Location1": "(47.66398732, -122.31169042)" }, "geometry": { "type": "Point", "coordinates": [ -122.3116904, 47.6639873 ] } },
{ "type": "Feature", "properties": { "PermitNum": "6628211-DM", "HousingUnitsRemoved": "1", "IssuedDate": "2019-01-14", "Latitude": 47.68039957, "Longitude": -122.32266482, "Location1": "(47.68039957, -122.32266482)" }, "geometry": { "type": "Point", "coordinates": [ -122.3226648, 47.6803996 ] } },
{ "type": "Feature", "properties": { "PermitNum": "6629552-DM", "HousingUnitsRemoved": "1", "IssuedDate": "2019-01-03", "Latitude": 47.65032617, "Longitude": -122.32054109000001, "Location1": "(47.65032617, -122.32054109)" }, "geometry": { "type": "Point", "coordinates": [ -122.3205411, 47.6503262 ] } },
{ "type": "Feature", "properties": { "PermitNum": "6694423-DM", "HousingUnitsRemoved": "", "IssuedDate": "2018-10-18", "Latitude": 47.55804026, "Longitude": -122.29653316, "Location1": "(47.55804026, -122.29653316)" }, "geometry": { "type": "Point", "coordinates": [ -122.2965332, 47.5580403 ] } },
{ "type": "Feature", "properties": { "PermitNum": "6696420-DM", "HousingUnitsRemoved": "", "IssuedDate": "2019-04-30", "Latitude": 47.61973518, "Longitude": -122.3039463, "Location1": "(47.61973518, -122.3039463)" }, "geometry": { "type": "Point", "coordinates": [ -122.3039463, 47.6197352 ] } },
{ "type": "Feature", "properties": { "PermitNum": "6696939-DM", "HousingUnitsRemoved": "", "IssuedDate": "2020-09-30", "Latitude": 47.52631, "Longitude": -122.32704822, "Location1": "(47.52631, -122.32704822)" }, "geometry": { "type": "Point", "coordinates": [ -122.3270482, 47.52631 ] } },
{ "type": "Feature", "properties": { "PermitNum": "6696980-DM", "HousingUnitsRemoved": "2", "IssuedDate": "2019-07-17", "Latitude": 47.59820416, "Longitude": -122.31038413, "Location1": "(47.59820416, -122.31038413)" }, "geometry": { "type": "Point", "coordinates": [ -122.3103841, 47.5982042 ] } },
{ "type": "Feature", "properties": { "PermitNum": "6697037-DM", "HousingUnitsRemoved": "", "IssuedDate": "2019-05-01", "Latitude": 47.52898396, "Longitude": -122.37220156, "Location1": "(47.52898396, -122.37220156)" }, "geometry": { "type": "Point", "coordinates": [ -122.3722016, 47.528984 ] } },
{ "type": "Feature", "properties": { "PermitNum": "6699393-DM", "HousingUnitsRemoved": "", "IssuedDate": "2019-07-26", "Latitude": 47.65386729, "Longitude": -122.33898676, "Location1": "(47.65386729, -122.33898676)" }, "geometry": { "type": "Point", "coordinates": [ -122.3389868, 47.6538673 ] } },
{ "type": "Feature", "properties": { "PermitNum": "6699407-DM", "HousingUnitsRemoved": "2", "IssuedDate": "2019-11-08", "Location1": "" }, "geometry": null },
{ "type": "Feature", "properties": { "PermitNum": "6699413-DM", "HousingUnitsRemoved": "", "IssuedDate": "2019-10-30", "Latitude": 47.61375682, "Longitude": -122.30107431, "Location1": "(47.61375682, -122.30107431)" }, "geometry": { "type": "Point", "coordinates": [ -122.3010743, 47.6137568 ] } },
{ "type": "Feature", "properties": { "PermitNum": "6740928-DM", "HousingUnitsRemoved": "1", "IssuedDate": "2019-08-06", "Latitude": 47.59187907, "Longitude": -122.29804873, "Location1": "(47.59187907, -122.29804873)" }, "geometry": { "type": "Point", "coordinates": [ -122.2980487, 47.5918791 ] } },
{ "type": "Feature", "properties": { "PermitNum": "6743256-DM", "HousingUnitsRemoved": "", "IssuedDate": "2019-09-20", "Latitude": 47.65568831, "Longitude": -122.40281697, "Location1": "(47.65568831, -122.40281697)" }, "geometry": { "type": "Point", "coordinates": [ -122.402817, 47.6556883 ] } },
{ "type": "Feature", "properties": { "PermitNum": "6743338-DM", "HousingUnitsRemoved": "9", "IssuedDate": "2022-04-12", "Latitude": 47.62359291, "Longitude": -122.3185697, "Location1": "(47.62359291, -122.3185697)" }, "geometry": { "type": "Point", "coordinates": [ -122.3185697, 47.6235929 ] } },
{ "type": "Feature", "properties": { "PermitNum": "6571430-DM", "HousingUnitsRemoved": "1", "IssuedDate": "2017-08-03", "Latitude": 47.69658753, "Longitude": -122.34378564, "Location1": "(47.69658753, -122.34378564)" }, "geometry": { "type": "Point", "coordinates": [ -122.3437856, 47.6965875 ] } },
{ "type": "Feature", "properties": { "PermitNum": "6571876-DM", "HousingUnitsRemoved": "1", "IssuedDate": "2017-03-27", "Latitude": 47.57328868, "Longitude": -122.29557434, "Location1": "(47.57328868, -122.29557434)" }, "geometry": { "type": "Point", "coordinates": [ -122.2955743, 47.5732887 ] } },
{ "type": "Feature", "properties": { "PermitNum": "6572508-DM", "HousingUnitsRemoved": "1", "IssuedDate": "2017-04-12", "Latitude": 47.62230858, "Longitude": -122.31972411, "Location1": "(47.62230858, -122.31972411)" }, "geometry": { "type": "Point", "coordinates": [ -122.3197241, 47.6223086 ] } },
{ "type": "Feature", "properties": { "PermitNum": "6573315-DM", "HousingUnitsRemoved": "1", "IssuedDate": "2017-05-07", "Latitude": 47.57314995, "Longitude": -122.29622686, "Location1": "(47.57314995, -122.29622686)" }, "geometry": { "type": "Point", "coordinates": [ -122.2962269, 47.57315 ] } },
{ "type": "Feature", "properties": { "PermitNum": "6575180-DM", "HousingUnitsRemoved": "1", "IssuedDate": "2017-12-26", "Latitude": 47.56510918, "Longitude": -122.2858248, "Location1": "(47.56510918, -122.2858248)" }, "geometry": { "type": "Point", "coordinates": [ -122.2858248, 47.5651092 ] } },
{ "type": "Feature", "properties": { "PermitNum": "6624803-DM", "HousingUnitsRemoved": "1", "IssuedDate": "2019-07-16", "Latitude": 47.55886291, "Longitude": -122.2892305, "Location1": "(47.55886291, -122.2892305)" }, "geometry": { "type": "Point", "coordinates": [ -122.2892305, 47.5588629 ] } },
{ "type": "Feature", "properties": { "PermitNum": "6625214-DM", "HousingUnitsRemoved": "5", "IssuedDate": "2019-05-18", "Latitude": 47.52121444, "Longitude": -122.36318247, "Location1": "(47.52121444, -122.36318247)" }, "geometry": { "type": "Point", "coordinates": [ -122.3631825, 47.5212144 ] } },
{ "type": "Feature", "properties": { "PermitNum": "6691723-DM", "HousingUnitsRemoved": "3", "IssuedDate": "2020-12-04", "Latitude": 47.66072034, "Longitude": -122.34601714, "Location1": "(47.66072034, -122.34601714)" }, "geometry": { "type": "Point", "coordinates": [ -122.3460171, 47.6607203 ] } },
{ "type": "Feature", "properties": { "PermitNum": "6691928-DM", "HousingUnitsRemoved": "2", "IssuedDate": "2019-05-29", "Latitude": 47.52396445, "Longitude": -122.34709832, "Location1": "(47.52396445, -122.34709832)" }, "geometry": { "type": "Point", "coordinates": [ -122.3470983, 47.5239645 ] } },
{ "type": "Feature", "properties": { "PermitNum": "6692100-DM", "HousingUnitsRemoved": "", "IssuedDate": "2019-09-26", "Latitude": 47.63247488, "Longitude": -122.34692038, "Location1": "(47.63247488, -122.34692038)" }, "geometry": { "type": "Point", "coordinates": [ -122.3469204, 47.6324749 ] } },
{ "type": "Feature", "properties": { "PermitNum": "6692541-DM", "HousingUnitsRemoved": "1", "IssuedDate": "2019-06-14", "Latitude": 47.62491529, "Longitude": -122.3129778, "Location1": "(47.62491529, -122.3129778)" }, "geometry": { "type": "Point", "coordinates": [ -122.3129778, 47.6249153 ] } },
{ "type": "Feature", "properties": { "PermitNum": "6693133-DM", "HousingUnitsRemoved": "", "IssuedDate": "2020-05-22", "Latitude": 47.61761037, "Longitude": -122.30639476, "Location1": "(47.61761037, -122.30639476)" }, "geometry": { "type": "Point", "coordinates": [ -122.3063948, 47.6176104 ] } },
{ "type": "Feature", "properties": { "PermitNum": "6734944-DM", "HousingUnitsRemoved": "2", "IssuedDate": "2019-09-20", "Latitude": 47.69563544, "Longitude": -122.3677493, "Location1": "(47.69563544, -122.3677493)" }, "geometry": { "type": "Point", "coordinates": [ -122.3677493, 47.6956354 ] } },
{ "type": "Feature", "properties": { "PermitNum": "6735696-DM", "HousingUnitsRemoved": "1", "IssuedDate": "2021-02-22", "Latitude": 47.54186242, "Longitude": -122.32226851, "Location1": "(47.54186242, -122.32226851)" }, "geometry": { "type": "Point", "coordinates": [ -122.3222685, 47.5418624 ] } },
{ "type": "Feature", "properties": { "PermitNum": "6735849-DM", "HousingUnitsRemoved": "1", "IssuedDate": "2019-12-21", "Latitude": 47.69125074, "Longitude": -122.36806985, "Location1": "(47.69125074, -122.36806985)" }, "geometry": { "type": "Point", "coordinates": [ -122.3680698, 47.6912507 ] } },
{ "type": "Feature", "properties": { "PermitNum": "6735907-DM", "HousingUnitsRemoved": "1", "IssuedDate": "2021-02-09", "Latitude": 47.61650756, "Longitude": -122.30386307000001, "Location1": "(47.61650756, -122.30386307)" }, "geometry": { "type": "Point", "coordinates": [ -122.3038631, 47.6165076 ] } },
{ "type": "Feature", "properties": { "PermitNum": "6736320-DM", "HousingUnitsRemoved": "4", "IssuedDate": "2020-04-08", "Latitude": 47.67783039, "Longitude": -122.31821073, "Location1": "(47.67783039, -122.31821073)" }, "geometry": { "type": "Point", "coordinates": [ -122.3182107, 47.6778304 ] } },
{ "type": "Feature", "properties": { "PermitNum": "6738263-DM", "HousingUnitsRemoved": "1", "IssuedDate": "2020-05-18", "Latitude": 47.63611443, "Longitude": -122.39275772000001, "Location1": "(47.63611443, -122.39275772)" }, "geometry": { "type": "Point", "coordinates": [ -122.3927577, 47.6361144 ] } },
{ "type": "Feature", "properties": { "PermitNum": "6779833-DM", "HousingUnitsRemoved": "1", "IssuedDate": "2020-12-08", "Latitude": 47.68606557, "Longitude": -122.37761411, "Location1": "(47.68606557, -122.37761411)" }, "geometry": { "type": "Point", "coordinates": [ -122.3776141, 47.6860656 ] } },
{ "type": "Feature", "properties": { "PermitNum": "6779838-DM", "HousingUnitsRemoved": "1", "IssuedDate": "2021-06-28", "Latitude": 47.58330968, "Longitude": -122.31572521, "Location1": "(47.58330968, -122.31572521)" }, "geometry": { "type": "Point", "coordinates": [ -122.3157252, 47.5833097 ] } },
{ "type": "Feature", "properties": { "PermitNum": "6780686-DM", "HousingUnitsRemoved": "", "IssuedDate": "2021-06-10", "Latitude": 47.61000078, "Longitude": -122.30990269, "Location1": "(47.61000078, -122.30990269)" }, "geometry": { "type": "Point", "coordinates": [ -122.3099027, 47.6100008 ] } },
{ "type": "Feature", "properties": { "PermitNum": "6781208-DM", "HousingUnitsRemoved": "", "IssuedDate": "2021-06-28", "Latitude": 47.69048724, "Longitude": -122.36185565, "Location1": "(47.69048724, -122.36185565)" }, "geometry": { "type": "Point", "coordinates": [ -122.3618556, 47.6904872 ] } },
{ "type": "Feature", "properties": { "PermitNum": "6781566-DM", "HousingUnitsRemoved": "0", "IssuedDate": "2020-09-17", "Latitude": 47.65799656, "Longitude": -122.31527873, "Location1": "(47.65799656, -122.31527873)" }, "geometry": { "type": "Point", "coordinates": [ -122.3152787, 47.6579966 ] } },
{ "type": "Feature", "properties": { "PermitNum": "6782247-DM", "HousingUnitsRemoved": "2", "IssuedDate": "2021-01-29", "Latitude": 47.66767101, "Longitude": -122.36819837, "Location1": "(47.66767101, -122.36819837)" }, "geometry": { "type": "Point", "coordinates": [ -122.3681984, 47.667671 ] } },
{ "type": "Feature", "properties": { "PermitNum": "6823570-DM", "HousingUnitsRemoved": "2", "IssuedDate": "2021-09-07", "Latitude": 47.67261706, "Longitude": -122.25979597, "Location1": "(47.67261706, -122.25979597)" }, "geometry": { "type": "Point", "coordinates": [ -122.259796, 47.6726171 ] } },
{ "type": "Feature", "properties": { "PermitNum": "6824225-DM", "HousingUnitsRemoved": "", "IssuedDate": "2021-11-18", "Latitude": 47.60386724, "Longitude": -122.31318105, "Location1": "(47.60386724, -122.31318105)" }, "geometry": { "type": "Point", "coordinates": [ -122.313181, 47.6038672 ] } },
{ "type": "Feature", "properties": { "PermitNum": "6825164-DM", "HousingUnitsRemoved": "1", "IssuedDate": "2021-05-04", "Latitude": 47.65278385, "Longitude": -122.40549496, "Location1": "(47.65278385, -122.40549496)" }, "geometry": { "type": "Point", "coordinates": [ -122.405495, 47.6527838 ] } },
{ "type": "Feature", "properties": { "PermitNum": "6825558-DM", "HousingUnitsRemoved": "0", "IssuedDate": "2021-03-22", "Latitude": 47.67174386, "Longitude": -122.32751852, "Location1": "(47.67174386, -122.32751852)" }, "geometry": { "type": "Point", "coordinates": [ -122.3275185, 47.6717439 ] } },
{ "type": "Feature", "properties": { "PermitNum": "6825766-DM", "HousingUnitsRemoved": "1", "IssuedDate": "2022-09-26", "Latitude": 47.54157423, "Longitude": -122.28232022, "Location1": "(47.54157423, -122.28232022)" }, "geometry": { "type": "Point", "coordinates": [ -122.2823202, 47.5415742 ] } },
{ "type": "Feature", "properties": { "PermitNum": "6826254-DM", "HousingUnitsRemoved": "1", "IssuedDate": "2021-03-30", "Latitude": 47.60772605, "Longitude": -122.30793667, "Location1": "(47.60772605, -122.30793667)" }, "geometry": { "type": "Point", "coordinates": [ -122.3079367, 47.607726 ] } },
{ "type": "Feature", "properties": { "PermitNum": "6874970-DM", "HousingUnitsRemoved": "", "IssuedDate": "2022-01-20", "Latitude": 47.68276672, "Longitude": -122.38029539, "Location1": "(47.68276672, -122.38029539)" }, "geometry": { "type": "Point", "coordinates": [ -122.3802954, 47.6827667 ] } },
{ "type": "Feature", "properties": { "PermitNum": "6875701-DM", "HousingUnitsRemoved": "", "IssuedDate": "2022-03-18", "Latitude": 47.66917006, "Longitude": -122.36429718, "Location1": "(47.66917006, -122.36429718)" }, "geometry": { "type": "Point", "coordinates": [ -122.3642972, 47.6691701 ] } },
{ "type": "Feature", "properties": { "PermitNum": "6514052-DM", "HousingUnitsRemoved": "0", "IssuedDate": "2016-06-24", "Latitude": 47.67550318, "Longitude": -122.38016065, "Location1": "(47.67550318, -122.38016065)" }, "geometry": { "type": "Point", "coordinates": [ -122.3801606, 47.6755032 ] } },
{ "type": "Feature", "properties": { "PermitNum": "6515683-DM", "HousingUnitsRemoved": "1", "IssuedDate": "2016-05-11", "Latitude": 47.69117247, "Longitude": -122.32059214, "Location1": "(47.69117247, -122.32059214)" }, "geometry": { "type": "Point", "coordinates": [ -122.3205921, 47.6911725 ] } },
{ "type": "Feature", "properties": { "PermitNum": "6515846-DM", "HousingUnitsRemoved": "1", "IssuedDate": "2016-05-03", "Latitude": 47.67148468, "Longitude": -122.39542271000001, "Location1": "(47.67148468, -122.39542271)" }, "geometry": { "type": "Point", "coordinates": [ -122.3954227, 47.6714847 ] } },
{ "type": "Feature", "properties": { "PermitNum": "6516853-DM", "HousingUnitsRemoved": "1", "IssuedDate": "2017-02-24", "Latitude": 47.61189737, "Longitude": -122.31390388, "Location1": "(47.61189737, -122.31390388)" }, "geometry": { "type": "Point", "coordinates": [ -122.3139039, 47.6118974 ] } },
{ "type": "Feature", "properties": { "PermitNum": "6518186-DM", "HousingUnitsRemoved": "1", "IssuedDate": "2016-03-01", "Latitude": 47.67288614, "Longitude": -122.31464563, "Location1": "(47.67288614, -122.31464563)" }, "geometry": { "type": "Point", "coordinates": [ -122.3146456, 47.6728861 ] } },
{ "type": "Feature", "properties": { "PermitNum": "6518463-DM", "HousingUnitsRemoved": "3", "IssuedDate": "2016-08-24", "Latitude": 47.58928397, "Longitude": -122.31566829, "Location1": "(47.58928397, -122.31566829)" }, "geometry": { "type": "Point", "coordinates": [ -122.3156683, 47.589284 ] } },
{ "type": "Feature", "properties": { "PermitNum": "6566213-DM", "HousingUnitsRemoved": "1", "IssuedDate": "2017-04-14", "Latitude": 47.69142174, "Longitude": -122.31142627, "Location1": "(47.69142174, -122.31142627)" }, "geometry": { "type": "Point", "coordinates": [ -122.3114263, 47.6914217 ] } },
{ "type": "Feature", "properties": { "PermitNum": "6566245-DM", "HousingUnitsRemoved": "0", "IssuedDate": "2016-11-14", "Latitude": 47.67254529, "Longitude": -122.38499183, "Location1": "(47.67254529, -122.38499183)" }, "geometry": { "type": "Point", "coordinates": [ -122.3849918, 47.6725453 ] } },
{ "type": "Feature", "properties": { "PermitNum": "6566789-DM", "HousingUnitsRemoved": "1", "IssuedDate": "2016-11-14", "Latitude": 47.55755678, "Longitude": -122.28268499000001, "Location1": "(47.55755678, -122.28268499)" }, "geometry": { "type": "Point", "coordinates": [ -122.282685, 47.5575568 ] } },
{ "type": "Feature", "properties": { "PermitNum": "6567708-DM", "HousingUnitsRemoved": "1", "IssuedDate": "2016-12-22", "Latitude": 47.67538976, "Longitude": -122.29196185000001, "Location1": "(47.67538976, -122.29196185)" }, "geometry": { "type": "Point", "coordinates": [ -122.2919619, 47.6753898 ] } },
{ "type": "Feature", "properties": { "PermitNum": "6568174-DM", "HousingUnitsRemoved": "1", "IssuedDate": "2017-02-26", "Latitude": 47.68606581, "Longitude": -122.39667694000001, "Location1": "(47.68606581, -122.39667694)" }, "geometry": { "type": "Point", "coordinates": [ -122.3966769, 47.6860658 ] } },
{ "type": "Feature", "properties": { "PermitNum": "6568242-DM", "HousingUnitsRemoved": "1", "IssuedDate": "2017-01-18", "Latitude": 47.69408898, "Longitude": -122.36813918, "Location1": "(47.69408898, -122.36813918)" }, "geometry": { "type": "Point", "coordinates": [ -122.3681392, 47.694089 ] } },
{ "type": "Feature", "properties": { "PermitNum": "6568793-DM", "HousingUnitsRemoved": "1", "IssuedDate": "2017-04-23", "Latitude": 47.70628806, "Longitude": -122.33787213, "Location1": "(47.70628806, -122.33787213)" }, "geometry": { "type": "Point", "coordinates": [ -122.3378721, 47.7062881 ] } },
{ "type": "Feature", "properties": { "PermitNum": "6569423-DM", "HousingUnitsRemoved": "1", "IssuedDate": "2017-06-01", "Latitude": 47.57909636, "Longitude": -122.31039991, "Location1": "(47.57909636, -122.31039991)" }, "geometry": { "type": "Point", "coordinates": [ -122.3103999, 47.5790964 ] } },
{ "type": "Feature", "properties": { "PermitNum": "6569745-DM", "HousingUnitsRemoved": "0", "IssuedDate": "2016-12-07", "Latitude": 47.70712852, "Longitude": -122.32172784, "Location1": "(47.70712852, -122.32172784)" }, "geometry": { "type": "Point", "coordinates": [ -122.3217278, 47.7071285 ] } },
{ "type": "Feature", "properties": { "PermitNum": "6569962-DM", "HousingUnitsRemoved": "1", "IssuedDate": "2017-02-16", "Latitude": 47.66798326, "Longitude": -122.33076476, "Location1": "(47.66798326, -122.33076476)" }, "geometry": { "type": "Point", "coordinates": [ -122.3307648, 47.6679833 ] } },
{ "type": "Feature", "properties": { "PermitNum": "6613738-DM", "HousingUnitsRemoved": "1", "IssuedDate": "2018-03-14", "Latitude": 47.56428702, "Longitude": -122.39374836, "Location1": "(47.56428702, -122.39374836)" }, "geometry": { "type": "Point", "coordinates": [ -122.3937484, 47.564287 ] } },
{ "type": "Feature", "properties": { "PermitNum": "6613959-DM", "HousingUnitsRemoved": "1", "IssuedDate": "2019-05-07", "Latitude": 47.70135998, "Longitude": -122.36552842, "Location1": "(47.70135998, -122.36552842)" }, "geometry": { "type": "Point", "coordinates": [ -122.3655284, 47.70136 ] } },
{ "type": "Feature", "properties": { "PermitNum": "6615302-DM", "HousingUnitsRemoved": "1", "IssuedDate": "2019-07-05", "Latitude": 47.5355159, "Longitude": -122.28937213, "Location1": "(47.5355159, -122.28937213)" }, "geometry": { "type": "Point", "coordinates": [ -122.2893721, 47.5355159 ] } },
{ "type": "Feature", "properties": { "PermitNum": "6616576-DM", "HousingUnitsRemoved": "1", "IssuedDate": "2018-03-02", "Latitude": 47.68328273, "Longitude": -122.29853618, "Location1": "(47.68328273, -122.29853618)" }, "geometry": { "type": "Point", "coordinates": [ -122.2985362, 47.6832827 ] } },
{ "type": "Feature", "properties": { "PermitNum": "6618264-DM", "HousingUnitsRemoved": "1", "IssuedDate": "2018-09-18", "Latitude": 47.54247287, "Longitude": -122.38759289, "Location1": "(47.54247287, -122.38759289)" }, "geometry": { "type": "Point", "coordinates": [ -122.3875929, 47.5424729 ] } },
{ "type": "Feature", "properties": { "PermitNum": "6674557-DM", "HousingUnitsRemoved": "", "IssuedDate": "2020-02-06", "Latitude": 47.51958142, "Longitude": -122.37715545, "Location1": "(47.51958142, -122.37715545)" }, "geometry": { "type": "Point", "coordinates": [ -122.3771555, 47.5195814 ] } },
{ "type": "Feature", "properties": { "PermitNum": "6675824-DM", "HousingUnitsRemoved": "", "IssuedDate": "2019-04-16", "Latitude": 47.70831266, "Longitude": -122.31615747, "Location1": "(47.70831266, -122.31615747)" }, "geometry": { "type": "Point", "coordinates": [ -122.3161575, 47.7083127 ] } },
{ "type": "Feature", "properties": { "PermitNum": "6684135-DM", "HousingUnitsRemoved": "", "IssuedDate": "2019-12-03", "Latitude": 47.67966299, "Longitude": -122.31766148, "Location1": "(47.67966299, -122.31766148)" }, "geometry": { "type": "Point", "coordinates": [ -122.3176615, 47.679663 ] } },
{ "type": "Feature", "properties": { "PermitNum": "6685534-DM", "HousingUnitsRemoved": "", "IssuedDate": "2020-10-27", "Latitude": 47.56887755, "Longitude": -122.40869213000001, "Location1": "(47.56887755, -122.40869213)" }, "geometry": { "type": "Point", "coordinates": [ -122.4086921, 47.5688776 ] } },
{ "type": "Feature", "properties": { "PermitNum": "6725616-DM", "HousingUnitsRemoved": "", "IssuedDate": "2019-11-06", "Latitude": 47.67495992, "Longitude": -122.32466392000001, "Location1": "(47.67495992, -122.32466392)" }, "geometry": { "type": "Point", "coordinates": [ -122.3246639, 47.6749599 ] } },
{ "type": "Feature", "properties": { "PermitNum": "6725741-DM", "HousingUnitsRemoved": "", "IssuedDate": "2020-01-22", "Latitude": 47.64075452, "Longitude": -122.34415564, "Location1": "(47.64075452, -122.34415564)" }, "geometry": { "type": "Point", "coordinates": [ -122.3441556, 47.6407545 ] } },
{ "type": "Feature", "properties": { "PermitNum": "6727361-DM", "HousingUnitsRemoved": "1", "IssuedDate": "2019-09-03", "Latitude": 47.71604891, "Longitude": -122.32473803000001, "Location1": "(47.71604891, -122.32473803)" }, "geometry": { "type": "Point", "coordinates": [ -122.324738, 47.7160489 ] } },
{ "type": "Feature", "properties": { "PermitNum": "6728144-DM", "HousingUnitsRemoved": "", "IssuedDate": "2019-10-31", "Latitude": 47.63821383, "Longitude": -122.39122868, "Location1": "(47.63821383, -122.39122868)" }, "geometry": { "type": "Point", "coordinates": [ -122.3912287, 47.6382138 ] } },
{ "type": "Feature", "properties": { "PermitNum": "6728238-DM", "HousingUnitsRemoved": "1", "IssuedDate": "2019-09-29", "Latitude": 47.71552518, "Longitude": -122.32495671, "Location1": "(47.71552518, -122.32495671)" }, "geometry": { "type": "Point", "coordinates": [ -122.3249567, 47.7155252 ] } },
{ "type": "Feature", "properties": { "PermitNum": "6728873-DM", "HousingUnitsRemoved": "", "IssuedDate": "2020-09-30", "Latitude": 47.68804033, "Longitude": -122.35567706, "Location1": "(47.68804033, -122.35567706)" }, "geometry": { "type": "Point", "coordinates": [ -122.3556771, 47.6880403 ] } },
{ "type": "Feature", "properties": { "PermitNum": "6729596-DM", "HousingUnitsRemoved": "1", "IssuedDate": "2020-09-28", "Latitude": 47.66769848, "Longitude": -122.36730805000001, "Location1": "(47.66769848, -122.36730805)" }, "geometry": { "type": "Point", "coordinates": [ -122.3673081, 47.6676985 ] } },
{ "type": "Feature", "properties": { "PermitNum": "6730614-DM", "HousingUnitsRemoved": "1", "IssuedDate": "2019-10-03", "Latitude": 47.68351677, "Longitude": -122.39602611, "Location1": "(47.68351677, -122.39602611)" }, "geometry": { "type": "Point", "coordinates": [ -122.3960261, 47.6835168 ] } },
{ "type": "Feature", "properties": { "PermitNum": "6732241-DM", "HousingUnitsRemoved": "1", "IssuedDate": "2019-05-29", "Latitude": 47.68401183, "Longitude": -122.28604288, "Location1": "(47.68401183, -122.28604288)" }, "geometry": { "type": "Point", "coordinates": [ -122.2860429, 47.6840118 ] } },
{ "type": "Feature", "properties": { "PermitNum": "6774759-DM", "HousingUnitsRemoved": "", "IssuedDate": "2022-09-01", "Latitude": 47.56117864, "Longitude": -122.29033023, "Location1": "(47.56117864, -122.29033023)" }, "geometry": { "type": "Point", "coordinates": [ -122.2903302, 47.5611786 ] } },
{ "type": "Feature", "properties": { "PermitNum": "6775445-DM", "HousingUnitsRemoved": "0", "IssuedDate": "2021-10-18", "Latitude": 47.57873017, "Longitude": -122.3819205, "Location1": "(47.57873017, -122.3819205)" }, "geometry": { "type": "Point", "coordinates": [ -122.3819205, 47.5787302 ] } },
{ "type": "Feature", "properties": { "PermitNum": "6777656-DM", "HousingUnitsRemoved": "1", "IssuedDate": "2020-12-30", "Latitude": 47.66203576, "Longitude": -122.33048141, "Location1": "(47.66203576, -122.33048141)" }, "geometry": { "type": "Point", "coordinates": [ -122.3304814, 47.6620358 ] } },
{ "type": "Feature", "properties": { "PermitNum": "6778945-DM", "HousingUnitsRemoved": "1", "IssuedDate": "2020-06-05", "Latitude": 47.66925385, "Longitude": -122.36951566, "Location1": "(47.66925385, -122.36951566)" }, "geometry": { "type": "Point", "coordinates": [ -122.3695157, 47.6692538 ] } },
{ "type": "Feature", "properties": { "PermitNum": "6817843-DM", "HousingUnitsRemoved": "", "IssuedDate": "2021-01-20", "Latitude": 47.58673441, "Longitude": -122.30788955, "Location1": "(47.58673441, -122.30788955)" }, "geometry": { "type": "Point", "coordinates": [ -122.3078895, 47.5867344 ] } },
{ "type": "Feature", "properties": { "PermitNum": "6818349-DM", "HousingUnitsRemoved": "", "IssuedDate": "2021-02-25", "Latitude": 47.52826755, "Longitude": -122.38348965, "Location1": "(47.52826755, -122.38348965)" }, "geometry": { "type": "Point", "coordinates": [ -122.3834897, 47.5282676 ] } },
{ "type": "Feature", "properties": { "PermitNum": "6818588-DM", "HousingUnitsRemoved": "1", "IssuedDate": "2021-03-09", "Latitude": 47.66119965, "Longitude": -122.35866109, "Location1": "(47.66119965, -122.35866109)" }, "geometry": { "type": "Point", "coordinates": [ -122.3586611, 47.6611997 ] } },
{ "type": "Feature", "properties": { "PermitNum": "6818661-DM", "HousingUnitsRemoved": "", "IssuedDate": "2021-01-14", "Latitude": 47.6638578, "Longitude": -122.30696897, "Location1": "(47.6638578, -122.30696897)" }, "geometry": { "type": "Point", "coordinates": [ -122.306969, 47.6638578 ] } },
{ "type": "Feature", "properties": { "PermitNum": "6507038-DM", "HousingUnitsRemoved": "1", "IssuedDate": "2016-05-25", "Latitude": 47.67580828, "Longitude": -122.38324669, "Location1": "(47.67580828, -122.38324669)" }, "geometry": { "type": "Point", "coordinates": [ -122.3832467, 47.6758083 ] } },
{ "type": "Feature", "properties": { "PermitNum": "6507342-DM", "HousingUnitsRemoved": "1", "IssuedDate": "2016-07-07", "Latitude": 47.68957039, "Longitude": -122.33807008, "Location1": "(47.68957039, -122.33807008)" }, "geometry": { "type": "Point", "coordinates": [ -122.3380701, 47.6895704 ] } },
{ "type": "Feature", "properties": { "PermitNum": "6508792-DM", "HousingUnitsRemoved": "1", "IssuedDate": "2016-06-11", "Latitude": 47.66973539, "Longitude": -122.39971197, "Location1": "(47.66973539, -122.39971197)" }, "geometry": { "type": "Point", "coordinates": [ -122.399712, 47.6697354 ] } },
{ "type": "Feature", "properties": { "PermitNum": "6509636-DM", "HousingUnitsRemoved": "", "IssuedDate": "2016-06-07", "Latitude": 47.58314008, "Longitude": -122.30723905000001, "Location1": "(47.58314008, -122.30723905)" }, "geometry": { "type": "Point", "coordinates": [ -122.3072391, 47.5831401 ] } },
{ "type": "Feature", "properties": { "PermitNum": "6509846-DM", "HousingUnitsRemoved": "1", "IssuedDate": "2016-05-04", "Latitude": 47.7252769, "Longitude": -122.35705937, "Location1": "(47.7252769, -122.35705937)" }, "geometry": { "type": "Point", "coordinates": [ -122.3570594, 47.7252769 ] } },
{ "type": "Feature", "properties": { "PermitNum": "6510834-DM", "HousingUnitsRemoved": "1", "IssuedDate": "2016-03-24", "Latitude": 47.64313728, "Longitude": -122.37288061, "Location1": "(47.64313728, -122.37288061)" }, "geometry": { "type": "Point", "coordinates": [ -122.3728806, 47.6431373 ] } },
{ "type": "Feature", "properties": { "PermitNum": "6513347-DM", "HousingUnitsRemoved": "1", "IssuedDate": "2016-10-18", "Latitude": 47.62328551, "Longitude": -122.31919904, "Location1": "(47.62328551, -122.31919904)" }, "geometry": { "type": "Point", "coordinates": [ -122.319199, 47.6232855 ] } },
{ "type": "Feature", "properties": { "PermitNum": "6558690-DM", "HousingUnitsRemoved": "1", "IssuedDate": "2017-03-07", "Latitude": 47.68560925, "Longitude": -122.30916615, "Location1": "(47.68560925, -122.30916615)" }, "geometry": { "type": "Point", "coordinates": [ -122.3091661, 47.6856092 ] } },
{ "type": "Feature", "properties": { "PermitNum": "6559221-DM", "HousingUnitsRemoved": "1", "IssuedDate": "2017-06-17", "Latitude": 47.57731767, "Longitude": -122.41230874, "Location1": "(47.57731767, -122.41230874)" }, "geometry": { "type": "Point", "coordinates": [ -122.4123087, 47.5773177 ] } },
{ "type": "Feature", "properties": { "PermitNum": "6560423-DM", "HousingUnitsRemoved": "1", "IssuedDate": "2017-04-04", "Latitude": 47.59692173, "Longitude": -122.30919965, "Location1": "(47.59692173, -122.30919965)" }, "geometry": { "type": "Point", "coordinates": [ -122.3091996, 47.5969217 ] } },
{ "type": "Feature", "properties": { "PermitNum": "6561493-DM", "HousingUnitsRemoved": "1", "IssuedDate": "2017-01-18", "Latitude": 47.68237443, "Longitude": -122.2734194, "Location1": "(47.68237443, -122.2734194)" }, "geometry": { "type": "Point", "coordinates": [ -122.2734194, 47.6823744 ] } },
{ "type": "Feature", "properties": { "PermitNum": "6562056-DM", "HousingUnitsRemoved": "1", "IssuedDate": "2017-02-06", "Latitude": 47.65694989, "Longitude": -122.35141787000001, "Location1": "(47.65694989, -122.35141787)" }, "geometry": { "type": "Point", "coordinates": [ -122.3514179, 47.6569499 ] } },
{ "type": "Feature", "properties": { "PermitNum": "6562826-DM", "HousingUnitsRemoved": "1", "IssuedDate": "2016-11-15", "Latitude": 47.55476317, "Longitude": -122.36460891, "Location1": "(47.55476317, -122.36460891)" }, "geometry": { "type": "Point", "coordinates": [ -122.3646089, 47.5547632 ] } },
{ "type": "Feature", "properties": { "PermitNum": "6564131-DM", "HousingUnitsRemoved": "1", "IssuedDate": "2017-04-27", "Latitude": 47.59592135, "Longitude": -122.30139431000001, "Location1": "(47.59592135, -122.30139431)" }, "geometry": { "type": "Point", "coordinates": [ -122.3013943, 47.5959213 ] } },
{ "type": "Feature", "properties": { "PermitNum": "6607153-DM", "HousingUnitsRemoved": "0", "IssuedDate": "2020-01-16", "Latitude": 47.62751576, "Longitude": -122.32066588000001, "Location1": "(47.62751576, -122.32066588)" }, "geometry": { "type": "Point", "coordinates": [ -122.3206659, 47.6275158 ] } },
{ "type": "Feature", "properties": { "PermitNum": "6608567-DM", "HousingUnitsRemoved": "1", "IssuedDate": "2017-11-15", "Latitude": 47.69018613, "Longitude": -122.35677413000001, "Location1": "(47.69018613, -122.35677413)" }, "geometry": { "type": "Point", "coordinates": [ -122.3567741, 47.6901861 ] } },
{ "type": "Feature", "properties": { "PermitNum": "6670513-DM", "HousingUnitsRemoved": "", "IssuedDate": "2019-06-27", "Latitude": 47.62328939, "Longitude": -122.29173341000001, "Location1": "(47.62328939, -122.29173341)" }, "geometry": { "type": "Point", "coordinates": [ -122.2917334, 47.6232894 ] } },
{ "type": "Feature", "properties": { "PermitNum": "6670557-DM", "HousingUnitsRemoved": "", "IssuedDate": "2020-03-09", "Latitude": 47.73041501, "Longitude": -122.29070026, "Location1": "(47.73041501, -122.29070026)" }, "geometry": { "type": "Point", "coordinates": [ -122.2907003, 47.730415 ] } },
{ "type": "Feature", "properties": { "PermitNum": "6671301-DM", "HousingUnitsRemoved": "", "IssuedDate": "2018-06-01", "Latitude": 47.55539473, "Longitude": -122.35671344, "Location1": "(47.55539473, -122.35671344)" }, "geometry": { "type": "Point", "coordinates": [ -122.3567134, 47.5553947 ] } },
{ "type": "Feature", "properties": { "PermitNum": "6672221-DM", "HousingUnitsRemoved": "", "IssuedDate": "2019-01-09", "Latitude": 47.70074339, "Longitude": -122.33858364, "Location1": "(47.70074339, -122.33858364)" }, "geometry": { "type": "Point", "coordinates": [ -122.3385836, 47.7007434 ] } },
{ "type": "Feature", "properties": { "PermitNum": "6672541-DM", "HousingUnitsRemoved": "0", "IssuedDate": "2021-01-17", "Latitude": 47.73311523, "Longitude": -122.294408, "Location1": "(47.73311523, -122.294408)" }, "geometry": { "type": "Point", "coordinates": [ -122.294408, 47.7331152 ] } },
{ "type": "Feature", "properties": { "PermitNum": "6672916-DM", "HousingUnitsRemoved": "", "IssuedDate": "2019-08-01", "Latitude": 47.63300862, "Longitude": -122.28916859, "Location1": "(47.63300862, -122.28916859)" }, "geometry": { "type": "Point", "coordinates": [ -122.2891686, 47.6330086 ] } },
{ "type": "Feature", "properties": { "PermitNum": "6673161-DM", "HousingUnitsRemoved": "", "IssuedDate": "2019-01-24", "Latitude": 47.59855243, "Longitude": -122.30693725, "Location1": "(47.59855243, -122.30693725)" }, "geometry": { "type": "Point", "coordinates": [ -122.3069373, 47.5985524 ] } },
{ "type": "Feature", "properties": { "PermitNum": "6679543-DM", "HousingUnitsRemoved": "", "IssuedDate": "2019-06-20", "Latitude": 47.67558276, "Longitude": -122.37329672, "Location1": "(47.67558276, -122.37329672)" }, "geometry": { "type": "Point", "coordinates": [ -122.3732967, 47.6755828 ] } },
{ "type": "Feature", "properties": { "PermitNum": "6680930-DM", "HousingUnitsRemoved": "", "IssuedDate": "2019-04-22", "Latitude": 47.53463643, "Longitude": -122.27864899, "Location1": "(47.53463643, -122.27864899)" }, "geometry": { "type": "Point", "coordinates": [ -122.278649, 47.5346364 ] } },
{ "type": "Feature", "properties": { "PermitNum": "6681890-DM", "HousingUnitsRemoved": "", "IssuedDate": "2019-05-09", "Latitude": 47.73100528, "Longitude": -122.35597238, "Location1": "(47.73100528, -122.35597238)" }, "geometry": { "type": "Point", "coordinates": [ -122.3559724, 47.7310053 ] } },
{ "type": "Feature", "properties": { "PermitNum": "6721972-DM", "HousingUnitsRemoved": "1", "IssuedDate": "2019-10-19", "Latitude": 47.60520394, "Longitude": -122.31061697, "Location1": "(47.60520394, -122.31061697)" }, "geometry": { "type": "Point", "coordinates": [ -122.310617, 47.6052039 ] } },
{ "type": "Feature", "properties": { "PermitNum": "6770596-DM", "HousingUnitsRemoved": "", "IssuedDate": "2020-04-08", "Latitude": 47.56747, "Longitude": -122.36877362, "Location1": "(47.56747, -122.36877362)" }, "geometry": { "type": "Point", "coordinates": [ -122.3687736, 47.56747 ] } },
{ "type": "Feature", "properties": { "PermitNum": "6771014-DM", "HousingUnitsRemoved": "", "IssuedDate": "2020-04-30", "Latitude": 47.52582072, "Longitude": -122.32500725, "Location1": "(47.52582072, -122.32500725)" }, "geometry": { "type": "Point", "coordinates": [ -122.3250072, 47.5258207 ] } },
{ "type": "Feature", "properties": { "PermitNum": "6771333-DM", "HousingUnitsRemoved": "0", "IssuedDate": "2021-09-02", "Latitude": 47.66889059, "Longitude": -122.37282013, "Location1": "(47.66889059, -122.37282013)" }, "geometry": { "type": "Point", "coordinates": [ -122.3728201, 47.6688906 ] } },
{ "type": "Feature", "properties": { "PermitNum": "6771878-DM", "HousingUnitsRemoved": "", "IssuedDate": "2020-06-01", "Latitude": 47.68638781, "Longitude": -122.30640182, "Location1": "(47.68638781, -122.30640182)" }, "geometry": { "type": "Point", "coordinates": [ -122.3064018, 47.6863878 ] } },
{ "type": "Feature", "properties": { "PermitNum": "6772259-DM", "HousingUnitsRemoved": "", "IssuedDate": "2020-10-09", "Latitude": 47.63064579, "Longitude": -122.28515095, "Location1": "(47.63064579, -122.28515095)" }, "geometry": { "type": "Point", "coordinates": [ -122.285151, 47.6306458 ] } },
{ "type": "Feature", "properties": { "PermitNum": "6773133-DM", "HousingUnitsRemoved": "", "IssuedDate": "2020-02-24", "Latitude": 47.60821386, "Longitude": -122.30866404, "Location1": "(47.60821386, -122.30866404)" }, "geometry": { "type": "Point", "coordinates": [ -122.308664, 47.6082139 ] } },
{ "type": "Feature", "properties": { "PermitNum": "6813744-DM", "HousingUnitsRemoved": "1", "IssuedDate": "2021-02-12", "Latitude": 47.52266308, "Longitude": -122.35376361, "Location1": "(47.52266308, -122.35376361)" }, "geometry": { "type": "Point", "coordinates": [ -122.3537636, 47.5226631 ] } },
{ "type": "Feature", "properties": { "PermitNum": "6813974-DM", "HousingUnitsRemoved": "1", "IssuedDate": "2021-04-07", "Latitude": 47.64339575, "Longitude": -122.39778904000001, "Location1": "(47.64339575, -122.39778904)" }, "geometry": { "type": "Point", "coordinates": [ -122.397789, 47.6433958 ] } },
{ "type": "Feature", "properties": { "PermitNum": "6815618-DM", "HousingUnitsRemoved": "1", "IssuedDate": "2022-06-10", "Latitude": 47.69396307, "Longitude": -122.36273499000001, "Location1": "(47.69396307, -122.36273499)" }, "geometry": { "type": "Point", "coordinates": [ -122.362735, 47.6939631 ] } },
{ "type": "Feature", "properties": { "PermitNum": "6856926-DM", "HousingUnitsRemoved": "", "IssuedDate": "2021-12-28", "Latitude": 47.62297225, "Longitude": -122.29233567, "Location1": "(47.62297225, -122.29233567)" }, "geometry": { "type": "Point", "coordinates": [ -122.2923357, 47.6229722 ] } },
{ "type": "Feature", "properties": { "PermitNum": "6907986-DM", "HousingUnitsRemoved": "0", "IssuedDate": "2022-10-17", "Latitude": 47.51309691, "Longitude": -122.25508639, "Location1": "(47.51309691, -122.25508639)" }, "geometry": { "type": "Point", "coordinates": [ -122.2550864, 47.5130969 ] } },
{ "type": "Feature", "properties": { "PermitNum": "6909367-DM", "HousingUnitsRemoved": "", "IssuedDate": "2022-07-27", "Latitude": 47.69469469, "Longitude": -122.31796082, "Location1": "(47.69469469, -122.31796082)" }, "geometry": { "type": "Point", "coordinates": [ -122.3179608, 47.6946947 ] } },
{ "type": "Feature", "properties": { "PermitNum": "6381273-DM", "HousingUnitsRemoved": "0", "IssuedDate": "2017-08-02", "Latitude": 47.65170083, "Longitude": -122.36775686, "Location1": "(47.65170083, -122.36775686)" }, "geometry": { "type": "Point", "coordinates": [ -122.3677569, 47.6517008 ] } },
{ "type": "Feature", "properties": { "PermitNum": "6422187-DM", "HousingUnitsRemoved": "1", "IssuedDate": "2016-10-17", "Latitude": 47.56216285, "Longitude": -122.28803458, "Location1": "(47.56216285, -122.28803458)" }, "geometry": { "type": "Point", "coordinates": [ -122.2880346, 47.5621628 ] } },
{ "type": "Feature", "properties": { "PermitNum": "6471631-DM", "HousingUnitsRemoved": "1", "IssuedDate": "2016-05-24", "Latitude": 47.56270022, "Longitude": -122.38579486, "Location1": "(47.56270022, -122.38579486)" }, "geometry": { "type": "Point", "coordinates": [ -122.3857949, 47.5627002 ] } },
{ "type": "Feature", "properties": { "PermitNum": "6475829-DM", "HousingUnitsRemoved": "0", "IssuedDate": "2016-02-22", "Latitude": 47.69995133, "Longitude": -122.37519074, "Location1": "(47.69995133, -122.37519074)" }, "geometry": { "type": "Point", "coordinates": [ -122.3751907, 47.6999513 ] } },
{ "type": "Feature", "properties": { "PermitNum": "6518032-DM", "HousingUnitsRemoved": "1", "IssuedDate": "2016-08-08", "Latitude": 47.58801142, "Longitude": -122.2871401, "Location1": "(47.58801142, -122.2871401)" }, "geometry": { "type": "Point", "coordinates": [ -122.2871401, 47.5880114 ] } },
{ "type": "Feature", "properties": { "PermitNum": "6518792-DM", "HousingUnitsRemoved": "1", "IssuedDate": "2016-05-24", "Latitude": 47.68033323, "Longitude": -122.2874672, "Location1": "(47.68033323, -122.2874672)" }, "geometry": { "type": "Point", "coordinates": [ -122.2874672, 47.6803332 ] } },
{ "type": "Feature", "properties": { "PermitNum": "6520154-DM", "HousingUnitsRemoved": "1", "IssuedDate": "2016-07-13", "Latitude": 47.5517443, "Longitude": -122.28649881, "Location1": "(47.5517443, -122.28649881)" }, "geometry": { "type": "Point", "coordinates": [ -122.2864988, 47.5517443 ] } },
{ "type": "Feature", "properties": { "PermitNum": "6521230-DM", "HousingUnitsRemoved": "1", "IssuedDate": "2016-09-29", "Latitude": 47.69280969, "Longitude": -122.26998195, "Location1": "(47.69280969, -122.26998195)" }, "geometry": { "type": "Point", "coordinates": [ -122.269982, 47.6928097 ] } },
{ "type": "Feature", "properties": { "PermitNum": "6522061-DM", "HousingUnitsRemoved": "1", "IssuedDate": "2016-06-11", "Latitude": 47.6173806, "Longitude": -122.28948365, "Location1": "(47.6173806, -122.28948365)" }, "geometry": { "type": "Point", "coordinates": [ -122.2894836, 47.6173806 ] } },
{ "type": "Feature", "properties": { "PermitNum": "6522347-DM", "HousingUnitsRemoved": "2", "IssuedDate": "2016-11-15", "Latitude": 47.61991548, "Longitude": -122.29833421, "Location1": "(47.61991548, -122.29833421)" }, "geometry": { "type": "Point", "coordinates": [ -122.2983342, 47.6199155 ] } },
{ "type": "Feature", "properties": { "PermitNum": "6564868-DM", "HousingUnitsRemoved": "1", "IssuedDate": "2017-06-06", "Latitude": 47.59820802, "Longitude": -122.31142419, "Location1": "(47.59820802, -122.31142419)" }, "geometry": { "type": "Point", "coordinates": [ -122.3114242, 47.598208 ] } },
{ "type": "Feature", "properties": { "PermitNum": "6565213-DM", "HousingUnitsRemoved": "1", "IssuedDate": "2016-12-29", "Latitude": 47.68098854, "Longitude": -122.37496483, "Location1": "(47.68098854, -122.37496483)" }, "geometry": { "type": "Point", "coordinates": [ -122.3749648, 47.6809885 ] } },
{ "type": "Feature", "properties": { "PermitNum": "6565228-DM", "HousingUnitsRemoved": "", "IssuedDate": "2019-06-07", "Latitude": 47.61722547, "Longitude": -122.3424652, "Location1": "(47.61722547, -122.3424652)" }, "geometry": { "type": "Point", "coordinates": [ -122.3424652, 47.6172255 ] } },
{ "type": "Feature", "properties": { "PermitNum": "6567242-DM", "HousingUnitsRemoved": "1", "IssuedDate": "2017-02-07", "Latitude": 47.65000794, "Longitude": -122.40202903, "Location1": "(47.65000794, -122.40202903)" }, "geometry": { "type": "Point", "coordinates": [ -122.402029, 47.6500079 ] } },
{ "type": "Feature", "properties": { "PermitNum": "6568400-DM", "HousingUnitsRemoved": "1", "IssuedDate": "2017-03-21", "Latitude": 47.66182538, "Longitude": -122.28897807, "Location1": "(47.66182538, -122.28897807)" }, "geometry": { "type": "Point", "coordinates": [ -122.2889781, 47.6618254 ] } },
{ "type": "Feature", "properties": { "PermitNum": "6569305-DM", "HousingUnitsRemoved": "1", "IssuedDate": "2017-09-16", "Latitude": 47.58859973, "Longitude": -122.30283693, "Location1": "(47.58859973, -122.30283693)" }, "geometry": { "type": "Point", "coordinates": [ -122.3028369, 47.5885997 ] } },
{ "type": "Feature", "properties": { "PermitNum": "6569398-DM", "HousingUnitsRemoved": "0", "IssuedDate": "2017-09-28", "Latitude": 47.66505998, "Longitude": -122.28088775000001, "Location1": "(47.66505998, -122.28088775)" }, "geometry": { "type": "Point", "coordinates": [ -122.2808878, 47.66506 ] } },
{ "type": "Feature", "properties": { "PermitNum": "6569818-DM", "HousingUnitsRemoved": "0", "IssuedDate": "2017-08-30", "Latitude": 47.61934178, "Longitude": -122.29887177000001, "Location1": "(47.61934178, -122.29887177)" }, "geometry": { "type": "Point", "coordinates": [ -122.2988718, 47.6193418 ] } },
{ "type": "Feature", "properties": { "PermitNum": "6570096-DM", "HousingUnitsRemoved": "1", "IssuedDate": "2018-02-17", "Latitude": 47.62582644, "Longitude": -122.31994857, "Location1": "(47.62582644, -122.31994857)" }, "geometry": { "type": "Point", "coordinates": [ -122.3199486, 47.6258264 ] } },
{ "type": "Feature", "properties": { "PermitNum": "6612299-DM", "HousingUnitsRemoved": "0", "IssuedDate": "2018-08-03", "Latitude": 47.68913188, "Longitude": -122.37728252, "Location1": "(47.68913188, -122.37728252)" }, "geometry": { "type": "Point", "coordinates": [ -122.3772825, 47.6891319 ] } },
{ "type": "Feature", "properties": { "PermitNum": "6612572-DM", "HousingUnitsRemoved": "2", "IssuedDate": "2018-03-02", "Latitude": 47.59503512, "Longitude": -122.29949798, "Location1": "(47.59503512, -122.29949798)" }, "geometry": { "type": "Point", "coordinates": [ -122.299498, 47.5950351 ] } },
{ "type": "Feature", "properties": { "PermitNum": "6613911-DM", "HousingUnitsRemoved": "1", "IssuedDate": "2018-02-05", "Latitude": 47.67447398, "Longitude": -122.36530845, "Location1": "(47.67447398, -122.36530845)" }, "geometry": { "type": "Point", "coordinates": [ -122.3653085, 47.674474 ] } },
{ "type": "Feature", "properties": { "PermitNum": "6613917-DM", "HousingUnitsRemoved": "1", "IssuedDate": "2017-11-13", "Latitude": 47.69676292, "Longitude": -122.29222759, "Location1": "(47.69676292, -122.29222759)" }, "geometry": { "type": "Point", "coordinates": [ -122.2922276, 47.6967629 ] } },
{ "type": "Feature", "properties": { "PermitNum": "6673162-DM", "HousingUnitsRemoved": "", "IssuedDate": "2019-02-25", "Latitude": 47.52940978, "Longitude": -122.36748889, "Location1": "(47.52940978, -122.36748889)" }, "geometry": { "type": "Point", "coordinates": [ -122.3674889, 47.5294098 ] } },
{ "type": "Feature", "properties": { "PermitNum": "6676332-DM", "HousingUnitsRemoved": "", "IssuedDate": "2020-07-21", "Latitude": 47.61255796, "Longitude": -122.29935993, "Location1": "(47.61255796, -122.29935993)" }, "geometry": { "type": "Point", "coordinates": [ -122.2993599, 47.612558 ] } },
{ "type": "Feature", "properties": { "PermitNum": "6511630-DM", "HousingUnitsRemoved": "1", "IssuedDate": "2016-06-10", "Latitude": 47.60912524, "Longitude": -122.28912243000001, "Location1": "(47.60912524, -122.28912243)" }, "geometry": { "type": "Point", "coordinates": [ -122.2891224, 47.6091252 ] } },
{ "type": "Feature", "properties": { "PermitNum": "6512338-DM", "HousingUnitsRemoved": "1", "IssuedDate": "2016-05-18", "Latitude": 47.68710815, "Longitude": -122.38136626, "Location1": "(47.68710815, -122.38136626)" }, "geometry": { "type": "Point", "coordinates": [ -122.3813663, 47.6871082 ] } },
{ "type": "Feature", "properties": { "PermitNum": "6512374-DM", "HousingUnitsRemoved": "1", "IssuedDate": "2016-08-12", "Latitude": 47.56690464, "Longitude": -122.29566935, "Location1": "(47.56690464, -122.29566935)" }, "geometry": { "type": "Point", "coordinates": [ -122.2956693, 47.5669046 ] } },
{ "type": "Feature", "properties": { "PermitNum": "6513217-DM", "HousingUnitsRemoved": "0", "IssuedDate": "2016-06-11", "Latitude": 47.61942434, "Longitude": -122.30446485, "Location1": "(47.61942434, -122.30446485)" }, "geometry": { "type": "Point", "coordinates": [ -122.3044649, 47.6194243 ] } },
{ "type": "Feature", "properties": { "PermitNum": "6513798-DM", "HousingUnitsRemoved": "3", "IssuedDate": "2016-08-02", "Latitude": 47.66391321, "Longitude": -122.35357053, "Location1": "(47.66391321, -122.35357053)" }, "geometry": { "type": "Point", "coordinates": [ -122.3535705, 47.6639132 ] } },
{ "type": "Feature", "properties": { "PermitNum": "6514945-DM", "HousingUnitsRemoved": "4", "IssuedDate": "2016-06-11", "Latitude": 47.67519529, "Longitude": -122.31839733, "Location1": "(47.67519529, -122.31839733)" }, "geometry": { "type": "Point", "coordinates": [ -122.3183973, 47.6751953 ] } },
{ "type": "Feature", "properties": { "PermitNum": "6515459-DM", "HousingUnitsRemoved": "2", "IssuedDate": "2016-08-12", "Latitude": 47.67433214, "Longitude": -122.39039676, "Location1": "(47.67433214, -122.39039676)" }, "geometry": { "type": "Point", "coordinates": [ -122.3903968, 47.6743321 ] } },
{ "type": "Feature", "properties": { "PermitNum": "6515671-DM", "HousingUnitsRemoved": "1", "IssuedDate": "2016-06-06", "Latitude": 47.6755209, "Longitude": -122.38095998, "Location1": "(47.6755209, -122.38095998)" }, "geometry": { "type": "Point", "coordinates": [ -122.38096, 47.6755209 ] } },
{ "type": "Feature", "properties": { "PermitNum": "6516517-DM", "HousingUnitsRemoved": "0", "IssuedDate": "2016-05-17", "Latitude": 47.68160994, "Longitude": -122.29230932, "Location1": "(47.68160994, -122.29230932)" }, "geometry": { "type": "Point", "coordinates": [ -122.2923093, 47.6816099 ] } },
{ "type": "Feature", "properties": { "PermitNum": "6517209-DM", "HousingUnitsRemoved": "0", "IssuedDate": "2016-06-28", "Latitude": 47.59017955, "Longitude": -122.31519274, "Location1": "(47.59017955, -122.31519274)" }, "geometry": { "type": "Point", "coordinates": [ -122.3151927, 47.5901796 ] } },
{ "type": "Feature", "properties": { "PermitNum": "6558225-DM", "HousingUnitsRemoved": "2", "IssuedDate": "2017-09-23", "Latitude": 47.61639757, "Longitude": -122.3057526, "Location1": "(47.61639757, -122.3057526)" }, "geometry": { "type": "Point", "coordinates": [ -122.3057526, 47.6163976 ] } },
{ "type": "Feature", "properties": { "PermitNum": "6559719-DM", "HousingUnitsRemoved": "1", "IssuedDate": "2017-01-20", "Latitude": 47.56200512, "Longitude": -122.39453227, "Location1": "(47.56200512, -122.39453227)" }, "geometry": { "type": "Point", "coordinates": [ -122.3945323, 47.5620051 ] } },
{ "type": "Feature", "properties": { "PermitNum": "6560873-DM", "HousingUnitsRemoved": "1", "IssuedDate": "2016-12-28", "Latitude": 47.6536767, "Longitude": -122.40056401, "Location1": "(47.6536767, -122.40056401)" }, "geometry": { "type": "Point", "coordinates": [ -122.400564, 47.6536767 ] } },
{ "type": "Feature", "properties": { "PermitNum": "6561326-DM", "HousingUnitsRemoved": "1", "IssuedDate": "2017-09-25", "Latitude": 47.67206764, "Longitude": -122.38269111, "Location1": "(47.67206764, -122.38269111)" }, "geometry": { "type": "Point", "coordinates": [ -122.3826911, 47.6720676 ] } },
{ "type": "Feature", "properties": { "PermitNum": "6562026-DM", "HousingUnitsRemoved": "1", "IssuedDate": "2016-12-07", "Latitude": 47.52827939, "Longitude": -122.38381052, "Location1": "(47.52827939, -122.38381052)" }, "geometry": { "type": "Point", "coordinates": [ -122.3838105, 47.5282794 ] } },
{ "type": "Feature", "properties": { "PermitNum": "6605889-DM", "HousingUnitsRemoved": "1", "IssuedDate": "2018-01-21", "Latitude": 47.70349216, "Longitude": -122.3509781, "Location1": "(47.70349216, -122.3509781)" }, "geometry": { "type": "Point", "coordinates": [ -122.3509781, 47.7034922 ] } },
{ "type": "Feature", "properties": { "PermitNum": "6606102-DM", "HousingUnitsRemoved": "1", "IssuedDate": "2018-01-12", "Latitude": 47.55649737, "Longitude": -122.26878941, "Location1": "(47.55649737, -122.26878941)" }, "geometry": { "type": "Point", "coordinates": [ -122.2687894, 47.5564974 ] } },
{ "type": "Feature", "properties": { "PermitNum": "6607622-DM", "HousingUnitsRemoved": "1", "IssuedDate": "2019-02-15", "Latitude": 47.61122262, "Longitude": -122.31390502000001, "Location1": "(47.61122262, -122.31390502)" }, "geometry": { "type": "Point", "coordinates": [ -122.313905, 47.6112226 ] } },
{ "type": "Feature", "properties": { "PermitNum": "6609689-DM", "HousingUnitsRemoved": "0", "IssuedDate": "2018-08-31", "Latitude": 47.62235921, "Longitude": -122.34335025, "Location1": "(47.62235921, -122.34335025)" }, "geometry": { "type": "Point", "coordinates": [ -122.3433503, 47.6223592 ] } },
{ "type": "Feature", "properties": { "PermitNum": "6610818-DM", "HousingUnitsRemoved": "1", "IssuedDate": "2017-10-06", "Latitude": 47.54845771, "Longitude": -122.28769883, "Location1": "(47.54845771, -122.28769883)" }, "geometry": { "type": "Point", "coordinates": [ -122.2876988, 47.5484577 ] } },
{ "type": "Feature", "properties": { "PermitNum": "6611075-DM", "HousingUnitsRemoved": "1", "IssuedDate": "2018-01-23", "Latitude": 47.67587939, "Longitude": -122.37775819, "Location1": "(47.67587939, -122.37775819)" }, "geometry": { "type": "Point", "coordinates": [ -122.3777582, 47.6758794 ] } },
{ "type": "Feature", "properties": { "PermitNum": "6667465-DM", "HousingUnitsRemoved": "1", "IssuedDate": "2018-09-18", "Latitude": 47.62962902, "Longitude": -122.31951995, "Location1": "(47.62962902, -122.31951995)" }, "geometry": { "type": "Point", "coordinates": [ -122.31952, 47.629629 ] } },
{ "type": "Feature", "properties": { "PermitNum": "6669816-DM", "HousingUnitsRemoved": "1", "IssuedDate": "2019-05-22", "Latitude": 47.63660327, "Longitude": -122.37451602, "Location1": "(47.63660327, -122.37451602)" }, "geometry": { "type": "Point", "coordinates": [ -122.374516, 47.6366033 ] } },
{ "type": "Feature", "properties": { "PermitNum": "6708751-DM", "HousingUnitsRemoved": "1", "IssuedDate": "2019-10-11", "Latitude": 47.62487868, "Longitude": -122.31033616000001, "Location1": "(47.62487868, -122.31033616)" }, "geometry": { "type": "Point", "coordinates": [ -122.3103362, 47.6248787 ] } },
{ "type": "Feature", "properties": { "PermitNum": "6708759-DM", "HousingUnitsRemoved": "1", "IssuedDate": "2019-08-19", "Latitude": 47.67458414, "Longitude": -122.32722791, "Location1": "(47.67458414, -122.32722791)" }, "geometry": { "type": "Point", "coordinates": [ -122.3272279, 47.6745841 ] } },
{ "type": "Feature", "properties": { "PermitNum": "6708832-DM", "HousingUnitsRemoved": "1", "IssuedDate": "2020-07-28", "Latitude": 47.53902365, "Longitude": -122.28124725000001, "Location1": "(47.53902365, -122.28124725)" }, "geometry": { "type": "Point", "coordinates": [ -122.2812473, 47.5390236 ] } },
{ "type": "Feature", "properties": { "PermitNum": "6711151-DM", "HousingUnitsRemoved": "1", "IssuedDate": "2019-06-26", "Latitude": 47.68726342, "Longitude": -122.28029214, "Location1": "(47.68726342, -122.28029214)" }, "geometry": { "type": "Point", "coordinates": [ -122.2802921, 47.6872634 ] } },
{ "type": "Feature", "properties": { "PermitNum": "6711227-DM", "HousingUnitsRemoved": "1", "IssuedDate": "2020-09-01", "Latitude": 47.58650293, "Longitude": -122.31308828, "Location1": "(47.58650293, -122.31308828)" }, "geometry": { "type": "Point", "coordinates": [ -122.3130883, 47.5865029 ] } },
{ "type": "Feature", "properties": { "PermitNum": "6711501-DM", "HousingUnitsRemoved": "", "IssuedDate": "2020-12-29", "Latitude": 47.70303127, "Longitude": -122.35899096, "Location1": "(47.70303127, -122.35899096)" }, "geometry": { "type": "Point", "coordinates": [ -122.358991, 47.7030313 ] } },
{ "type": "Feature", "properties": { "PermitNum": "6711955-DM", "HousingUnitsRemoved": "1", "IssuedDate": "2019-02-25", "Latitude": 47.64085528, "Longitude": -122.30749622, "Location1": "(47.64085528, -122.30749622)" }, "geometry": { "type": "Point", "coordinates": [ -122.3074962, 47.6408553 ] } },
{ "type": "Feature", "properties": { "PermitNum": "6753858-DM", "HousingUnitsRemoved": "", "IssuedDate": "2022-06-28", "Latitude": 47.58828261, "Longitude": -122.30499296000001, "Location1": "(47.58828261, -122.30499296)" }, "geometry": { "type": "Point", "coordinates": [ -122.304993, 47.5882826 ] } },
{ "type": "Feature", "properties": { "PermitNum": "6754328-DM", "HousingUnitsRemoved": "1", "IssuedDate": "2021-07-08", "Latitude": 47.66098718, "Longitude": -122.26859085, "Location1": "(47.66098718, -122.26859085)" }, "geometry": { "type": "Point", "coordinates": [ -122.2685908, 47.6609872 ] } },
{ "type": "Feature", "properties": { "PermitNum": "6754332-DM", "HousingUnitsRemoved": "", "IssuedDate": "2020-01-23", "Latitude": 47.63912489, "Longitude": -122.28774706, "Location1": "(47.63912489, -122.28774706)" }, "geometry": { "type": "Point", "coordinates": [ -122.2877471, 47.6391249 ] } },
{ "type": "Feature", "properties": { "PermitNum": "6800848-DM", "HousingUnitsRemoved": "", "IssuedDate": "2020-10-28", "Latitude": 47.66835084, "Longitude": -122.28547969, "Location1": "(47.66835084, -122.28547969)" }, "geometry": { "type": "Point", "coordinates": [ -122.2854797, 47.6683508 ] } },
{ "type": "Feature", "properties": { "PermitNum": "6802895-DM", "HousingUnitsRemoved": "", "IssuedDate": "2022-06-13", "Latitude": 47.64187728, "Longitude": -122.32442074, "Location1": "(47.64187728, -122.32442074)" }, "geometry": { "type": "Point", "coordinates": [ -122.3244207, 47.6418773 ] } },
{ "type": "Feature", "properties": { "PermitNum": "6804905-DM", "HousingUnitsRemoved": "1", "IssuedDate": "2021-02-15", "Latitude": 47.6586808, "Longitude": -122.32705986000001, "Location1": "(47.6586808, -122.32705986)" }, "geometry": { "type": "Point", "coordinates": [ -122.3270599, 47.6586808 ] } },
{ "type": "Feature", "properties": { "PermitNum": "6804935-DM", "HousingUnitsRemoved": "1", "IssuedDate": "2021-02-22", "Latitude": 47.68931549, "Longitude": -122.34286424, "Location1": "(47.68931549, -122.34286424)" }, "geometry": { "type": "Point", "coordinates": [ -122.3428642, 47.6893155 ] } },
{ "type": "Feature", "properties": { "PermitNum": "6848496-DM", "HousingUnitsRemoved": "0", "IssuedDate": "2022-08-15", "Latitude": 47.51010999, "Longitude": -122.24554212, "Location1": "(47.51010999, -122.24554212)" }, "geometry": { "type": "Point", "coordinates": [ -122.2455421, 47.51011 ] } },
{ "type": "Feature", "properties": { "PermitNum": "6849929-DM", "HousingUnitsRemoved": "", "IssuedDate": "2021-09-08", "Latitude": 47.68569081, "Longitude": -122.28714212, "Location1": "(47.68569081, -122.28714212)" }, "geometry": { "type": "Point", "coordinates": [ -122.2871421, 47.6856908 ] } },
{ "type": "Feature", "properties": { "PermitNum": "6850164-DM", "HousingUnitsRemoved": "2", "IssuedDate": "2022-04-20", "Latitude": 47.691642, "Longitude": -122.33250903, "Location1": "(47.691642, -122.33250903)" }, "geometry": { "type": "Point", "coordinates": [ -122.332509, 47.691642 ] } },
{ "type": "Feature", "properties": { "PermitNum": "6850285-DM", "HousingUnitsRemoved": "", "IssuedDate": "2022-01-03", "Latitude": 47.65881358, "Longitude": -122.34924194, "Location1": "(47.65881358, -122.34924194)" }, "geometry": { "type": "Point", "coordinates": [ -122.3492419, 47.6588136 ] } },
{ "type": "Feature", "properties": { "PermitNum": "6749254-DM", "HousingUnitsRemoved": "", "IssuedDate": "2020-01-22", "Latitude": 47.5309421, "Longitude": -122.3861456, "Location1": "(47.5309421, -122.3861456)" }, "geometry": { "type": "Point", "coordinates": [ -122.3861456, 47.5309421 ] } },
{ "type": "Feature", "properties": { "PermitNum": "6749534-DM", "HousingUnitsRemoved": "1", "IssuedDate": "2021-05-17", "Latitude": 47.70759736, "Longitude": -122.35843717, "Location1": "(47.70759736, -122.35843717)" }, "geometry": { "type": "Point", "coordinates": [ -122.3584372, 47.7075974 ] } },
{ "type": "Feature", "properties": { "PermitNum": "6749722-DM", "HousingUnitsRemoved": "", "IssuedDate": "2020-04-02", "Latitude": 47.64705595, "Longitude": -122.41686069, "Location1": "(47.64705595, -122.41686069)" }, "geometry": { "type": "Point", "coordinates": [ -122.4168607, 47.647056 ] } },
{ "type": "Feature", "properties": { "PermitNum": "6795866-DM", "HousingUnitsRemoved": "1", "IssuedDate": "2021-01-13", "Latitude": 47.64030049, "Longitude": -122.36391947, "Location1": "(47.64030049, -122.36391947)" }, "geometry": { "type": "Point", "coordinates": [ -122.3639195, 47.6403005 ] } },
{ "type": "Feature", "properties": { "PermitNum": "6796093-DM", "HousingUnitsRemoved": "0", "IssuedDate": "2021-11-15", "Latitude": 47.66204642, "Longitude": -122.2889976, "Location1": "(47.66204642, -122.2889976)" }, "geometry": { "type": "Point", "coordinates": [ -122.2889976, 47.6620464 ] } },
{ "type": "Feature", "properties": { "PermitNum": "6798391-DM", "HousingUnitsRemoved": "1", "IssuedDate": "2021-03-08", "Latitude": 47.61447712, "Longitude": -122.30854748, "Location1": "(47.61447712, -122.30854748)" }, "geometry": { "type": "Point", "coordinates": [ -122.3085475, 47.6144771 ] } },
{ "type": "Feature", "properties": { "PermitNum": "6800793-DM", "HousingUnitsRemoved": "3", "IssuedDate": "2020-11-18", "Latitude": 47.62941775, "Longitude": -122.29053289, "Location1": "(47.62941775, -122.29053289)" }, "geometry": { "type": "Point", "coordinates": [ -122.2905329, 47.6294178 ] } },
{ "type": "Feature", "properties": { "PermitNum": "6800806-DM", "HousingUnitsRemoved": "1", "IssuedDate": "2020-12-15", "Latitude": 47.63738283, "Longitude": -122.38985727, "Location1": "(47.63738283, -122.38985727)" }, "geometry": { "type": "Point", "coordinates": [ -122.3898573, 47.6373828 ] } },
{ "type": "Feature", "properties": { "PermitNum": "6800969-DM", "HousingUnitsRemoved": "", "IssuedDate": "2021-08-18", "Latitude": 47.63711564, "Longitude": -122.30486224000001, "Location1": "(47.63711564, -122.30486224)" }, "geometry": { "type": "Point", "coordinates": [ -122.3048622, 47.6371156 ] } },
{ "type": "Feature", "properties": { "PermitNum": "6839898-DM", "HousingUnitsRemoved": "", "IssuedDate": "2021-05-27", "Latitude": 47.55364489, "Longitude": -122.26233784, "Location1": "(47.55364489, -122.26233784)" }, "geometry": { "type": "Point", "coordinates": [ -122.2623378, 47.5536449 ] } },
{ "type": "Feature", "properties": { "PermitNum": "6842031-DM", "HousingUnitsRemoved": "1", "IssuedDate": "2022-12-21", "Latitude": 47.63888086, "Longitude": -122.31978994000001, "Location1": "(47.63888086, -122.31978994)" }, "geometry": { "type": "Point", "coordinates": [ -122.3197899, 47.6388809 ] } },
{ "type": "Feature", "properties": { "PermitNum": "6889706-DM", "HousingUnitsRemoved": "1", "IssuedDate": "2022-12-06", "Latitude": 47.69113075, "Longitude": -122.28774483, "Location1": "(47.69113075, -122.28774483)" }, "geometry": { "type": "Point", "coordinates": [ -122.2877448, 47.6911307 ] } },
{ "type": "Feature", "properties": { "PermitNum": "6890581-DM", "HousingUnitsRemoved": "", "IssuedDate": "2022-07-17", "Latitude": 47.53722204, "Longitude": -122.27708505, "Location1": "(47.53722204, -122.27708505)" }, "geometry": { "type": "Point", "coordinates": [ -122.277085, 47.537222 ] } },
{ "type": "Feature", "properties": { "PermitNum": "6893072-DM", "HousingUnitsRemoved": "", "IssuedDate": "2022-04-11", "Latitude": 47.69371677, "Longitude": -122.30013109, "Location1": "(47.69371677, -122.30013109)" }, "geometry": { "type": "Point", "coordinates": [ -122.3001311, 47.6937168 ] } },
{ "type": "Feature", "properties": { "PermitNum": "6894381-DM", "HousingUnitsRemoved": "", "IssuedDate": "2022-05-09", "Latitude": 47.67495301, "Longitude": -122.36480048, "Location1": "(47.67495301, -122.36480048)" }, "geometry": { "type": "Point", "coordinates": [ -122.3648005, 47.674953 ] } },
{ "type": "Feature", "properties": { "PermitNum": "6897229-DM", "HousingUnitsRemoved": "", "IssuedDate": "2022-07-20", "Latitude": 47.56493974, "Longitude": -122.38779134000001, "Location1": "(47.56493974, -122.38779134)" }, "geometry": { "type": "Point", "coordinates": [ -122.3877913, 47.5649397 ] } },
{ "type": "Feature", "properties": { "PermitNum": "6464198-DM", "HousingUnitsRemoved": "1", "IssuedDate": "2016-05-11", "Latitude": 47.56964466, "Longitude": -122.36095683000001, "Location1": "(47.56964466, -122.36095683)" }, "geometry": { "type": "Point", "coordinates": [ -122.3609568, 47.5696447 ] } },
{ "type": "Feature", "properties": { "PermitNum": "6507172-DM", "HousingUnitsRemoved": "1", "IssuedDate": "2017-06-12", "Latitude": 47.64112328, "Longitude": -122.31417692, "Location1": "(47.64112328, -122.31417692)" }, "geometry": { "type": "Point", "coordinates": [ -122.3141769, 47.6411233 ] } },
{ "type": "Feature", "properties": { "PermitNum": "6510162-DM", "HousingUnitsRemoved": "", "IssuedDate": "2016-04-25", "Latitude": 47.66980327, "Longitude": -122.29818359, "Location1": "(47.66980327, -122.29818359)" }, "geometry": { "type": "Point", "coordinates": [ -122.2981836, 47.6698033 ] } },
{ "type": "Feature", "properties": { "PermitNum": "6510290-DM", "HousingUnitsRemoved": "1", "IssuedDate": "2016-04-19", "Latitude": 47.65723207, "Longitude": -122.32605273, "Location1": "(47.65723207, -122.32605273)" }, "geometry": { "type": "Point", "coordinates": [ -122.3260527, 47.6572321 ] } },
{ "type": "Feature", "properties": { "PermitNum": "6500394-DM", "HousingUnitsRemoved": "0", "IssuedDate": "2016-04-05", "Latitude": 47.61782102, "Longitude": -122.31580511, "Location1": "(47.61782102, -122.31580511)" }, "geometry": { "type": "Point", "coordinates": [ -122.3158051, 47.617821 ] } },
{ "type": "Feature", "properties": { "PermitNum": "6500559-DM", "HousingUnitsRemoved": "1", "IssuedDate": "2016-02-24", "Latitude": 47.61130961, "Longitude": -122.28890056, "Location1": "(47.61130961, -122.28890056)" }, "geometry": { "type": "Point", "coordinates": [ -122.2889006, 47.6113096 ] } },
{ "type": "Feature", "properties": { "PermitNum": "6500703-DM", "HousingUnitsRemoved": "2", "IssuedDate": "2016-05-24", "Latitude": 47.59648415, "Longitude": -122.29826957, "Location1": "(47.59648415, -122.29826957)" }, "geometry": { "type": "Point", "coordinates": [ -122.2982696, 47.5964842 ] } },
{ "type": "Feature", "properties": { "PermitNum": "6501606-DM", "HousingUnitsRemoved": "0", "IssuedDate": "2016-10-25", "Latitude": 47.63612954, "Longitude": -122.38785795, "Location1": "(47.63612954, -122.38785795)" }, "geometry": { "type": "Point", "coordinates": [ -122.3878579, 47.6361295 ] } },
{ "type": "Feature", "properties": { "PermitNum": "6501770-DM", "HousingUnitsRemoved": "1", "IssuedDate": "2016-04-28", "Latitude": 47.60064133, "Longitude": -122.29342065, "Location1": "(47.60064133, -122.29342065)" }, "geometry": { "type": "Point", "coordinates": [ -122.2934207, 47.6006413 ] } },
{ "type": "Feature", "properties": { "PermitNum": "6503254-DM", "HousingUnitsRemoved": "1", "IssuedDate": "2016-02-19", "Latitude": 47.54779709, "Longitude": -122.27759511, "Location1": "(47.54779709, -122.27759511)" }, "geometry": { "type": "Point", "coordinates": [ -122.2775951, 47.5477971 ] } },
{ "type": "Feature", "properties": { "PermitNum": "6504157-DM", "HousingUnitsRemoved": "1", "IssuedDate": "2016-03-15", "Latitude": 47.65202237, "Longitude": -122.37200373, "Location1": "(47.65202237, -122.37200373)" }, "geometry": { "type": "Point", "coordinates": [ -122.3720037, 47.6520224 ] } },
{ "type": "Feature", "properties": { "PermitNum": "6504215-DM", "HousingUnitsRemoved": "1", "IssuedDate": "2016-08-30", "Latitude": 47.63822037, "Longitude": -122.27994119, "Location1": "(47.63822037, -122.27994119)" }, "geometry": { "type": "Point", "coordinates": [ -122.2799412, 47.6382204 ] } },
{ "type": "Feature", "properties": { "PermitNum": "6505794-DM", "HousingUnitsRemoved": "1", "IssuedDate": "2016-07-19", "Latitude": 47.56242648, "Longitude": -122.38470627, "Location1": "(47.56242648, -122.38470627)" }, "geometry": { "type": "Point", "coordinates": [ -122.3847063, 47.5624265 ] } },
{ "type": "Feature", "properties": { "PermitNum": "6545730-DM", "HousingUnitsRemoved": "1", "IssuedDate": "2016-12-05", "Latitude": 47.72009342, "Longitude": -122.35387191, "Location1": "(47.72009342, -122.35387191)" }, "geometry": { "type": "Point", "coordinates": [ -122.3538719, 47.7200934 ] } },
{ "type": "Feature", "properties": { "PermitNum": "6546330-DM", "HousingUnitsRemoved": "1", "IssuedDate": "2017-03-03", "Latitude": 47.67782904, "Longitude": -122.31806296000001, "Location1": "(47.67782904, -122.31806296)" }, "geometry": { "type": "Point", "coordinates": [ -122.318063, 47.677829 ] } },
{ "type": "Feature", "properties": { "PermitNum": "6548262-DM", "HousingUnitsRemoved": "0", "IssuedDate": "2016-11-15", "Latitude": 47.55054891, "Longitude": -122.3214311, "Location1": "(47.55054891, -122.3214311)" }, "geometry": { "type": "Point", "coordinates": [ -122.3214311, 47.5505489 ] } },
{ "type": "Feature", "properties": { "PermitNum": "6548403-DM", "HousingUnitsRemoved": "1", "IssuedDate": "2016-09-27", "Latitude": 47.52318245, "Longitude": -122.35147743, "Location1": "(47.52318245, -122.35147743)" }, "geometry": { "type": "Point", "coordinates": [ -122.3514774, 47.5231825 ] } },
{ "type": "Feature", "properties": { "PermitNum": "6548465-DM", "HousingUnitsRemoved": "6", "IssuedDate": "2016-07-27", "Latitude": 47.73272309, "Longitude": -122.34733477, "Location1": "(47.73272309, -122.34733477)" }, "geometry": { "type": "Point", "coordinates": [ -122.3473348, 47.7327231 ] } },
{ "type": "Feature", "properties": { "PermitNum": "6548699-DM", "HousingUnitsRemoved": "1", "IssuedDate": "2016-07-28", "Latitude": 47.53445979, "Longitude": -122.27936427, "Location1": "(47.53445979, -122.27936427)" }, "geometry": { "type": "Point", "coordinates": [ -122.2793643, 47.5344598 ] } },
{ "type": "Feature", "properties": { "PermitNum": "6548877-DM", "HousingUnitsRemoved": "1", "IssuedDate": "2016-11-03", "Latitude": 47.64387271, "Longitude": -122.32488633, "Location1": "(47.64387271, -122.32488633)" }, "geometry": { "type": "Point", "coordinates": [ -122.3248863, 47.6438727 ] } },
{ "type": "Feature", "properties": { "PermitNum": "6549040-DM", "HousingUnitsRemoved": "1", "IssuedDate": "2016-08-05", "Latitude": 47.62800426, "Longitude": -122.36088884, "Location1": "(47.62800426, -122.36088884)" }, "geometry": { "type": "Point", "coordinates": [ -122.3608888, 47.6280043 ] } },
{ "type": "Feature", "properties": { "PermitNum": "6549686-DM", "HousingUnitsRemoved": "1", "IssuedDate": "2016-08-15", "Latitude": 47.69160238, "Longitude": -122.32805728, "Location1": "(47.69160238, -122.32805728)" }, "geometry": { "type": "Point", "coordinates": [ -122.3280573, 47.6916024 ] } },
{ "type": "Feature", "properties": { "PermitNum": "6550729-DM", "HousingUnitsRemoved": "1", "IssuedDate": "2018-09-28", "Latitude": 47.63027807, "Longitude": -122.36813709, "Location1": "(47.63027807, -122.36813709)" }, "geometry": { "type": "Point", "coordinates": [ -122.3681371, 47.6302781 ] } },
{ "type": "Feature", "properties": { "PermitNum": "6551231-DM", "HousingUnitsRemoved": "1", "IssuedDate": "2017-01-20", "Latitude": 47.60056401, "Longitude": -122.30515109, "Location1": "(47.60056401, -122.30515109)" }, "geometry": { "type": "Point", "coordinates": [ -122.3051511, 47.600564 ] } },
{ "type": "Feature", "properties": { "PermitNum": "6551266-DM", "HousingUnitsRemoved": "1", "IssuedDate": "2016-09-29", "Latitude": 47.62325256, "Longitude": -122.2981025, "Location1": "(47.62325256, -122.2981025)" }, "geometry": { "type": "Point", "coordinates": [ -122.2981025, 47.6232526 ] } },
{ "type": "Feature", "properties": { "PermitNum": "6596101-DM", "HousingUnitsRemoved": "1", "IssuedDate": "2018-03-05", "Latitude": 47.64725101, "Longitude": -122.35899751, "Location1": "(47.64725101, -122.35899751)" }, "geometry": { "type": "Point", "coordinates": [ -122.3589975, 47.647251 ] } },
{ "type": "Feature", "properties": { "PermitNum": "6596741-DM", "HousingUnitsRemoved": "", "IssuedDate": "2017-07-31", "Latitude": 47.62939834, "Longitude": -122.34465931, "Location1": "(47.62939834, -122.34465931)" }, "geometry": { "type": "Point", "coordinates": [ -122.3446593, 47.6293983 ] } },
{ "type": "Feature", "properties": { "PermitNum": "6596927-DM", "HousingUnitsRemoved": "1", "IssuedDate": "2018-08-28", "Latitude": 47.62617701, "Longitude": -122.32759542, "Location1": "(47.62617701, -122.32759542)" }, "geometry": { "type": "Point", "coordinates": [ -122.3275954, 47.626177 ] } },
{ "type": "Feature", "properties": { "PermitNum": "6644716-DM", "HousingUnitsRemoved": "0", "IssuedDate": "2020-07-29", "Latitude": 47.66093005, "Longitude": -122.3424023, "Location1": "(47.66093005, -122.3424023)" }, "geometry": { "type": "Point", "coordinates": [ -122.3424023, 47.66093 ] } },
{ "type": "Feature", "properties": { "PermitNum": "6645662-DM", "HousingUnitsRemoved": "1", "IssuedDate": "2018-11-16", "Latitude": 47.57553702, "Longitude": -122.40560772000001, "Location1": "(47.57553702, -122.40560772)" }, "geometry": { "type": "Point", "coordinates": [ -122.4056077, 47.575537 ] } },
{ "type": "Feature", "properties": { "PermitNum": "6646573-DM", "HousingUnitsRemoved": "1", "IssuedDate": "2018-10-09", "Latitude": 47.67513371, "Longitude": -122.32374931, "Location1": "(47.67513371, -122.32374931)" }, "geometry": { "type": "Point", "coordinates": [ -122.3237493, 47.6751337 ] } },
{ "type": "Feature", "properties": { "PermitNum": "6698477-DM", "HousingUnitsRemoved": "1", "IssuedDate": "2019-05-21", "Latitude": 47.66037831, "Longitude": -122.35751198, "Location1": "(47.66037831, -122.35751198)" }, "geometry": { "type": "Point", "coordinates": [ -122.357512, 47.6603783 ] } },
{ "type": "Feature", "properties": { "PermitNum": "6698605-DM", "HousingUnitsRemoved": "", "IssuedDate": "2020-12-21", "Latitude": 47.6287922, "Longitude": -122.27860114000001, "Location1": "(47.6287922, -122.27860114)" }, "geometry": { "type": "Point", "coordinates": [ -122.2786011, 47.6287922 ] } },
{ "type": "Feature", "properties": { "PermitNum": "6700187-DM", "HousingUnitsRemoved": "", "IssuedDate": "2019-10-03", "Latitude": 47.61564377, "Longitude": -122.29515564, "Location1": "(47.61564377, -122.29515564)" }, "geometry": { "type": "Point", "coordinates": [ -122.2951556, 47.6156438 ] } },
{ "type": "Feature", "properties": { "PermitNum": "6700658-DM", "HousingUnitsRemoved": "", "IssuedDate": "2020-05-12", "Latitude": 47.62768655, "Longitude": -122.32087762, "Location1": "(47.62768655, -122.32087762)" }, "geometry": { "type": "Point", "coordinates": [ -122.3208776, 47.6276865 ] } },
{ "type": "Feature", "properties": { "PermitNum": "6700916-DM", "HousingUnitsRemoved": "", "IssuedDate": "2019-08-19", "Latitude": 47.67243462, "Longitude": -122.39608741000001, "Location1": "(47.67243462, -122.39608741)" }, "geometry": { "type": "Point", "coordinates": [ -122.3960874, 47.6724346 ] } },
{ "type": "Feature", "properties": { "PermitNum": "6701125-DM", "HousingUnitsRemoved": "1", "IssuedDate": "2020-06-02", "Latitude": 47.69585688, "Longitude": -122.34755617, "Location1": "(47.69585688, -122.34755617)" }, "geometry": { "type": "Point", "coordinates": [ -122.3475562, 47.6958569 ] } },
{ "type": "Feature", "properties": { "PermitNum": "6701343-DM", "HousingUnitsRemoved": "", "IssuedDate": "2019-11-18", "Latitude": 47.56128155, "Longitude": -122.26853266000001, "Location1": "(47.56128155, -122.26853266)" }, "geometry": { "type": "Point", "coordinates": [ -122.2685327, 47.5612815 ] } },
{ "type": "Feature", "properties": { "PermitNum": "6702561-DM", "HousingUnitsRemoved": "", "IssuedDate": "2019-08-14", "Latitude": 47.55620501, "Longitude": -122.38073799, "Location1": "(47.55620501, -122.38073799)" }, "geometry": { "type": "Point", "coordinates": [ -122.380738, 47.556205 ] } },
{ "type": "Feature", "properties": { "PermitNum": "6786331-DM", "HousingUnitsRemoved": "1", "IssuedDate": "2020-12-03", "Latitude": 47.52872059, "Longitude": -122.35203822, "Location1": "(47.52872059, -122.35203822)" }, "geometry": { "type": "Point", "coordinates": [ -122.3520382, 47.5287206 ] } },
{ "type": "Feature", "properties": { "PermitNum": "6787788-DM", "HousingUnitsRemoved": "", "IssuedDate": "2020-06-22", "Latitude": 47.60336036, "Longitude": -122.31497757, "Location1": "(47.60336036, -122.31497757)" }, "geometry": { "type": "Point", "coordinates": [ -122.3149776, 47.6033604 ] } },
{ "type": "Feature", "properties": { "PermitNum": "6788151-DM", "HousingUnitsRemoved": "", "IssuedDate": "2020-12-24", "Latitude": 47.65425406, "Longitude": -122.40258871, "Location1": "(47.65425406, -122.40258871)" }, "geometry": { "type": "Point", "coordinates": [ -122.4025887, 47.6542541 ] } },
{ "type": "Feature", "properties": { "PermitNum": "6788588-DM", "HousingUnitsRemoved": "1", "IssuedDate": "2020-12-08", "Latitude": 47.66924075, "Longitude": -122.28289894, "Location1": "(47.66924075, -122.28289894)" }, "geometry": { "type": "Point", "coordinates": [ -122.2828989, 47.6692408 ] } },
{ "type": "Feature", "properties": { "PermitNum": "6788594-DM", "HousingUnitsRemoved": "", "IssuedDate": "2021-07-16", "Latitude": 47.6721757, "Longitude": -122.38407793, "Location1": "(47.6721757, -122.38407793)" }, "geometry": { "type": "Point", "coordinates": [ -122.3840779, 47.6721757 ] } },
{ "type": "Feature", "properties": { "PermitNum": "6788878-DM", "HousingUnitsRemoved": "1", "IssuedDate": "2020-09-09", "Latitude": 47.55886827, "Longitude": -122.28195865000001, "Location1": "(47.55886827, -122.28195865)" }, "geometry": { "type": "Point", "coordinates": [ -122.2819587, 47.5588683 ] } },
{ "type": "Feature", "properties": { "PermitNum": "6789341-DM", "HousingUnitsRemoved": "", "IssuedDate": "2020-07-01", "Latitude": 47.60333514, "Longitude": -122.3156449, "Location1": "(47.60333514, -122.3156449)" }, "geometry": { "type": "Point", "coordinates": [ -122.3156449, 47.6033351 ] } },
{ "type": "Feature", "properties": { "PermitNum": "6828199-DM", "HousingUnitsRemoved": "2", "IssuedDate": "2022-03-01", "Latitude": 47.69660946, "Longitude": -122.37439299, "Location1": "(47.69660946, -122.37439299)" }, "geometry": { "type": "Point", "coordinates": [ -122.374393, 47.6966095 ] } },
{ "type": "Feature", "properties": { "PermitNum": "6828430-DM", "HousingUnitsRemoved": "", "IssuedDate": "2021-08-17", "Latitude": 47.71822627, "Longitude": -122.37138131, "Location1": "(47.71822627, -122.37138131)" }, "geometry": { "type": "Point", "coordinates": [ -122.3713813, 47.7182263 ] } },
{ "type": "Feature", "properties": { "PermitNum": "6829409-DM", "HousingUnitsRemoved": "", "IssuedDate": "2021-05-12", "Latitude": 47.55800604, "Longitude": -122.3960965, "Location1": "(47.55800604, -122.3960965)" }, "geometry": { "type": "Point", "coordinates": [ -122.3960965, 47.558006 ] } },
{ "type": "Feature", "properties": { "PermitNum": "6830840-DM", "HousingUnitsRemoved": "2", "IssuedDate": "2022-02-14", "Latitude": 47.69590638, "Longitude": -122.35966918, "Location1": "(47.69590638, -122.35966918)" }, "geometry": { "type": "Point", "coordinates": [ -122.3596692, 47.6959064 ] } },
{ "type": "Feature", "properties": { "PermitNum": "6831276-DM", "HousingUnitsRemoved": "", "IssuedDate": "2021-06-14", "Latitude": 47.567022, "Longitude": -122.35882495, "Location1": "(47.567022, -122.35882495)" }, "geometry": { "type": "Point", "coordinates": [ -122.3588249, 47.567022 ] } },
{ "type": "Feature", "properties": { "PermitNum": "6831968-DM", "HousingUnitsRemoved": "1", "IssuedDate": "2021-07-20", "Latitude": 47.53395471, "Longitude": -122.35432353, "Location1": "(47.53395471, -122.35432353)" }, "geometry": { "type": "Point", "coordinates": [ -122.3543235, 47.5339547 ] } },
{ "type": "Feature", "properties": { "PermitNum": "6876820-DM", "HousingUnitsRemoved": "0", "IssuedDate": "2022-08-15", "Latitude": 47.6801528, "Longitude": -122.38298513, "Location1": "(47.6801528, -122.38298513)" }, "geometry": { "type": "Point", "coordinates": [ -122.3829851, 47.6801528 ] } },
{ "type": "Feature", "properties": { "PermitNum": "6878386-DM", "HousingUnitsRemoved": "", "IssuedDate": "2022-08-25", "Latitude": 47.65377169, "Longitude": -122.34628153, "Location1": "(47.65377169, -122.34628153)" }, "geometry": { "type": "Point", "coordinates": [ -122.3462815, 47.6537717 ] } },
{ "type": "Feature", "properties": { "PermitNum": "6881092-DM", "HousingUnitsRemoved": "1", "IssuedDate": "2022-05-27", "Latitude": 47.66453601, "Longitude": -122.29042086, "Location1": "(47.66453601, -122.29042086)" }, "geometry": { "type": "Point", "coordinates": [ -122.2904209, 47.664536 ] } },
{ "type": "Feature", "properties": { "PermitNum": "6881928-DM", "HousingUnitsRemoved": "1", "IssuedDate": "2022-10-27", "Latitude": 47.67911415, "Longitude": -122.2987734, "Location1": "(47.67911415, -122.2987734)" }, "geometry": { "type": "Point", "coordinates": [ -122.2987734, 47.6791141 ] } },
{ "type": "Feature", "properties": { "PermitNum": "6495806-DM", "HousingUnitsRemoved": "1", "IssuedDate": "2016-03-10", "Latitude": 47.66049994, "Longitude": -122.35186902, "Location1": "(47.66049994, -122.35186902)" }, "geometry": { "type": "Point", "coordinates": [ -122.351869, 47.6604999 ] } },
{ "type": "Feature", "properties": { "PermitNum": "6496344-DM", "HousingUnitsRemoved": "0", "IssuedDate": "2016-02-19", "Latitude": 47.7200164, "Longitude": -122.32863069, "Location1": "(47.7200164, -122.32863069)" }, "geometry": { "type": "Point", "coordinates": [ -122.3286307, 47.7200164 ] } },
{ "type": "Feature", "properties": { "PermitNum": "6497087-DM", "HousingUnitsRemoved": "1", "IssuedDate": "2016-01-04", "Latitude": 47.67927134, "Longitude": -122.30118502000001, "Location1": "(47.67927134, -122.30118502)" }, "geometry": { "type": "Point", "coordinates": [ -122.301185, 47.6792713 ] } },
{ "type": "Feature", "properties": { "PermitNum": "6497329-DM", "HousingUnitsRemoved": "0", "IssuedDate": "2016-04-08", "Latitude": 47.62723423, "Longitude": -122.29836474, "Location1": "(47.62723423, -122.29836474)" }, "geometry": { "type": "Point", "coordinates": [ -122.2983647, 47.6272342 ] } },
{ "type": "Feature", "properties": { "PermitNum": "6498911-DM", "HousingUnitsRemoved": "1", "IssuedDate": "2016-03-04", "Latitude": 47.67569749, "Longitude": -122.38032376, "Location1": "(47.67569749, -122.38032376)" }, "geometry": { "type": "Point", "coordinates": [ -122.3803238, 47.6756975 ] } },
{ "type": "Feature", "properties": { "PermitNum": "6499193-DM", "HousingUnitsRemoved": "0", "IssuedDate": "2016-06-24", "Latitude": 47.68989285, "Longitude": -122.37521108, "Location1": "(47.68989285, -122.37521108)" }, "geometry": { "type": "Point", "coordinates": [ -122.3752111, 47.6898928 ] } },
{ "type": "Feature", "properties": { "PermitNum": "6540771-DM", "HousingUnitsRemoved": "1", "IssuedDate": "2017-01-27", "Latitude": 47.57282114, "Longitude": -122.29623824, "Location1": "(47.57282114, -122.29623824)" }, "geometry": { "type": "Point", "coordinates": [ -122.2962382, 47.5728211 ] } },
{ "type": "Feature", "properties": { "PermitNum": "6542236-DM", "HousingUnitsRemoved": "0", "IssuedDate": "2016-09-06", "Latitude": 47.67213777, "Longitude": -122.380163, "Location1": "(47.67213777, -122.380163)" }, "geometry": { "type": "Point", "coordinates": [ -122.380163, 47.6721378 ] } },
{ "type": "Feature", "properties": { "PermitNum": "6542400-DM", "HousingUnitsRemoved": "1", "IssuedDate": "2017-03-08", "Latitude": 47.6206791, "Longitude": -122.31030678, "Location1": "(47.6206791, -122.31030678)" }, "geometry": { "type": "Point", "coordinates": [ -122.3103068, 47.6206791 ] } },
{ "type": "Feature", "properties": { "PermitNum": "6542501-DM", "HousingUnitsRemoved": "0", "IssuedDate": "2016-09-30", "Latitude": 47.70086956, "Longitude": -122.38928687000001, "Location1": "(47.70086956, -122.38928687)" }, "geometry": { "type": "Point", "coordinates": [ -122.3892869, 47.7008696 ] } },
{ "type": "Feature", "properties": { "PermitNum": "6542572-DM", "HousingUnitsRemoved": "1", "IssuedDate": "2016-10-20", "Latitude": 47.59363323, "Longitude": -122.2963906, "Location1": "(47.59363323, -122.2963906)" }, "geometry": { "type": "Point", "coordinates": [ -122.2963906, 47.5936332 ] } },
{ "type": "Feature", "properties": { "PermitNum": "6542875-DM", "HousingUnitsRemoved": "0", "IssuedDate": "2016-06-27", "Latitude": 47.56053345, "Longitude": -122.29109243000001, "Location1": "(47.56053345, -122.29109243)" }, "geometry": { "type": "Point", "coordinates": [ -122.2910924, 47.5605335 ] } },
{ "type": "Feature", "properties": { "PermitNum": "6543177-DM", "HousingUnitsRemoved": "1", "IssuedDate": "2016-11-30", "Latitude": 47.57735719, "Longitude": -122.37287178, "Location1": "(47.57735719, -122.37287178)" }, "geometry": { "type": "Point", "coordinates": [ -122.3728718, 47.5773572 ] } },
{ "type": "Feature", "properties": { "PermitNum": "6544096-DM", "HousingUnitsRemoved": "1", "IssuedDate": "2016-07-05", "Latitude": 47.63832939, "Longitude": -122.36390698, "Location1": "(47.63832939, -122.36390698)" }, "geometry": { "type": "Point", "coordinates": [ -122.363907, 47.6383294 ] } },
{ "type": "Feature", "properties": { "PermitNum": "6545476-DM", "HousingUnitsRemoved": "1", "IssuedDate": "2017-08-17", "Latitude": 47.58532106, "Longitude": -122.39851749, "Location1": "(47.58532106, -122.39851749)" }, "geometry": { "type": "Point", "coordinates": [ -122.3985175, 47.5853211 ] } },
{ "type": "Feature", "properties": { "PermitNum": "6489535-DM", "HousingUnitsRemoved": "1", "IssuedDate": "2016-02-19", "Latitude": 47.6387337, "Longitude": -122.34357373, "Location1": "(47.6387337, -122.34357373)" }, "geometry": { "type": "Point", "coordinates": [ -122.3435737, 47.6387337 ] } },
{ "type": "Feature", "properties": { "PermitNum": "6489856-DM", "HousingUnitsRemoved": "10", "IssuedDate": "2016-06-02", "Latitude": 47.65787208, "Longitude": -122.31411625, "Location1": "(47.65787208, -122.31411625)" }, "geometry": { "type": "Point", "coordinates": [ -122.3141162, 47.6578721 ] } },
{ "type": "Feature", "properties": { "PermitNum": "6490510-DM", "HousingUnitsRemoved": "0", "IssuedDate": "2016-08-03", "Latitude": 47.51599575, "Longitude": -122.27442776, "Location1": "(47.51599575, -122.27442776)" }, "geometry": { "type": "Point", "coordinates": [ -122.2744278, 47.5159958 ] } },
{ "type": "Feature", "properties": { "PermitNum": "6492231-DM", "HousingUnitsRemoved": "1", "IssuedDate": "2016-03-10", "Latitude": 47.5897507, "Longitude": -122.31080254, "Location1": "(47.5897507, -122.31080254)" }, "geometry": { "type": "Point", "coordinates": [ -122.3108025, 47.5897507 ] } },
{ "type": "Feature", "properties": { "PermitNum": "6493510-DM", "HousingUnitsRemoved": "2", "IssuedDate": "2016-07-07", "Latitude": 47.62651468, "Longitude": -122.31772133, "Location1": "(47.62651468, -122.31772133)" }, "geometry": { "type": "Point", "coordinates": [ -122.3177213, 47.6265147 ] } },
{ "type": "Feature", "properties": { "PermitNum": "6534390-DM", "HousingUnitsRemoved": "1", "IssuedDate": "2016-06-14", "Latitude": 47.69759835, "Longitude": -122.28237814000001, "Location1": "(47.69759835, -122.28237814)" }, "geometry": { "type": "Point", "coordinates": [ -122.2823781, 47.6975983 ] } },
{ "type": "Feature", "properties": { "PermitNum": "6534535-DM", "HousingUnitsRemoved": "1", "IssuedDate": "2016-09-03", "Latitude": 47.67725906, "Longitude": -122.26921632, "Location1": "(47.67725906, -122.26921632)" }, "geometry": { "type": "Point", "coordinates": [ -122.2692163, 47.6772591 ] } },
{ "type": "Feature", "properties": { "PermitNum": "6534829-DM", "HousingUnitsRemoved": "0", "IssuedDate": "2016-08-09", "Latitude": 47.57021505, "Longitude": -122.37479707, "Location1": "(47.57021505, -122.37479707)" }, "geometry": { "type": "Point", "coordinates": [ -122.3747971, 47.5702151 ] } },
{ "type": "Feature", "properties": { "PermitNum": "6535421-DM", "HousingUnitsRemoved": "1", "IssuedDate": "2016-06-14", "Latitude": 47.68917214, "Longitude": -122.30599629, "Location1": "(47.68917214, -122.30599629)" }, "geometry": { "type": "Point", "coordinates": [ -122.3059963, 47.6891721 ] } },
{ "type": "Feature", "properties": { "PermitNum": "6535963-DM", "HousingUnitsRemoved": "1", "IssuedDate": "2016-06-03", "Latitude": 47.6774633, "Longitude": -122.31858764, "Location1": "(47.6774633, -122.31858764)" }, "geometry": { "type": "Point", "coordinates": [ -122.3185876, 47.6774633 ] } },
{ "type": "Feature", "properties": { "PermitNum": "6536191-DM", "HousingUnitsRemoved": "1", "IssuedDate": "2016-10-18", "Latitude": 47.56539165, "Longitude": -122.36413235000001, "Location1": "(47.56539165, -122.36413235)" }, "geometry": { "type": "Point", "coordinates": [ -122.3641324, 47.5653917 ] } },
{ "type": "Feature", "properties": { "PermitNum": "6537163-DM", "HousingUnitsRemoved": "1", "IssuedDate": "2016-08-19", "Latitude": 47.65210421, "Longitude": -122.37094506, "Location1": "(47.65210421, -122.37094506)" }, "geometry": { "type": "Point", "coordinates": [ -122.3709451, 47.6521042 ] } },
{ "type": "Feature", "properties": { "PermitNum": "6538082-DM", "HousingUnitsRemoved": "1", "IssuedDate": "2016-10-17", "Latitude": 47.54156789, "Longitude": -122.32316187000001, "Location1": "(47.54156789, -122.32316187)" }, "geometry": { "type": "Point", "coordinates": [ -122.3231619, 47.5415679 ] } },
{ "type": "Feature", "properties": { "PermitNum": "6539907-DM", "HousingUnitsRemoved": "1", "IssuedDate": "2016-12-02", "Latitude": 47.56564432, "Longitude": -122.37694778, "Location1": "(47.56564432, -122.37694778)" }, "geometry": { "type": "Point", "coordinates": [ -122.3769478, 47.5656443 ] } },
{ "type": "Feature", "properties": { "PermitNum": "6539954-DM", "HousingUnitsRemoved": "1", "IssuedDate": "2016-08-24", "Latitude": 47.69323765, "Longitude": -122.31100518, "Location1": "(47.69323765, -122.31100518)" }, "geometry": { "type": "Point", "coordinates": [ -122.3110052, 47.6932377 ] } },
{ "type": "Feature", "properties": { "PermitNum": "6584163-DM", "HousingUnitsRemoved": "1", "IssuedDate": "2018-04-10", "Latitude": 47.57007574, "Longitude": -122.37214785, "Location1": "(47.57007574, -122.37214785)" }, "geometry": { "type": "Point", "coordinates": [ -122.3721479, 47.5700757 ] } },
{ "type": "Feature", "properties": { "PermitNum": "6584354-DM", "HousingUnitsRemoved": "0", "IssuedDate": "2017-08-18", "Latitude": 47.54792686, "Longitude": -122.2765158, "Location1": "(47.54792686, -122.2765158)" }, "geometry": { "type": "Point", "coordinates": [ -122.2765158, 47.5479269 ] } },
{ "type": "Feature", "properties": { "PermitNum": "6587047-DM", "HousingUnitsRemoved": "1", "IssuedDate": "2020-07-22", "Latitude": 47.54878143, "Longitude": -122.38678025, "Location1": "(47.54878143, -122.38678025)" }, "geometry": { "type": "Point", "coordinates": [ -122.3867803, 47.5487814 ] } },
{ "type": "Feature", "properties": { "PermitNum": "6587932-DM", "HousingUnitsRemoved": "2", "IssuedDate": "2017-09-01", "Latitude": 47.65385315, "Longitude": -122.34907457, "Location1": "(47.65385315, -122.34907457)" }, "geometry": { "type": "Point", "coordinates": [ -122.3490746, 47.6538532 ] } },
{ "type": "Feature", "properties": { "PermitNum": "6588084-DM", "HousingUnitsRemoved": "1", "IssuedDate": "2017-06-28", "Latitude": 47.70435957, "Longitude": -122.3353653, "Location1": "(47.70435957, -122.3353653)" }, "geometry": { "type": "Point", "coordinates": [ -122.3353653, 47.7043596 ] } },
{ "type": "Feature", "properties": { "PermitNum": "6634120-DM", "HousingUnitsRemoved": "0", "IssuedDate": "2018-04-18", "Latitude": 47.60821435, "Longitude": -122.31327032, "Location1": "(47.60821435, -122.31327032)" }, "geometry": { "type": "Point", "coordinates": [ -122.3132703, 47.6082143 ] } },
{ "type": "Feature", "properties": { "PermitNum": "6636915-DM", "HousingUnitsRemoved": "", "IssuedDate": "2020-07-15", "Latitude": 47.6733218, "Longitude": -122.40490371, "Location1": "(47.6733218, -122.40490371)" }, "geometry": { "type": "Point", "coordinates": [ -122.4049037, 47.6733218 ] } },
{ "type": "Feature", "properties": { "PermitNum": "6637240-DM", "HousingUnitsRemoved": "1", "IssuedDate": "2018-10-10", "Latitude": 47.55250777, "Longitude": -122.38192709, "Location1": "(47.55250777, -122.38192709)" }, "geometry": { "type": "Point", "coordinates": [ -122.3819271, 47.5525078 ] } },
{ "type": "Feature", "properties": { "PermitNum": "6690399-DM", "HousingUnitsRemoved": "", "IssuedDate": "2019-08-20", "Latitude": 47.67352794, "Longitude": -122.38330251, "Location1": "(47.67352794, -122.38330251)" }, "geometry": { "type": "Point", "coordinates": [ -122.3833025, 47.6735279 ] } },
{ "type": "Feature", "properties": { "PermitNum": "6690596-DM", "HousingUnitsRemoved": "1", "IssuedDate": "2019-08-29", "Latitude": 47.67400918, "Longitude": -122.39153868, "Location1": "(47.67400918, -122.39153868)" }, "geometry": { "type": "Point", "coordinates": [ -122.3915387, 47.6740092 ] } },
{ "type": "Feature", "properties": { "PermitNum": "6690994-DM", "HousingUnitsRemoved": "1", "IssuedDate": "2019-04-17", "Latitude": 47.53519016, "Longitude": -122.35003347, "Location1": "(47.53519016, -122.35003347)" }, "geometry": { "type": "Point", "coordinates": [ -122.3500335, 47.5351902 ] } },
{ "type": "Feature", "properties": { "PermitNum": "6691006-DM", "HousingUnitsRemoved": "", "IssuedDate": "2021-02-22", "Latitude": 47.65959057, "Longitude": -122.33220428, "Location1": "(47.65959057, -122.33220428)" }, "geometry": { "type": "Point", "coordinates": [ -122.3322043, 47.6595906 ] } },
{ "type": "Feature", "properties": { "PermitNum": "6729672-DM", "HousingUnitsRemoved": "", "IssuedDate": "2021-02-24", "Latitude": 47.58647098, "Longitude": -122.39714625000001, "Location1": "(47.58647098, -122.39714625)" }, "geometry": { "type": "Point", "coordinates": [ -122.3971463, 47.586471 ] } },
{ "type": "Feature", "properties": { "PermitNum": "6732495-DM", "HousingUnitsRemoved": "", "IssuedDate": "2019-09-19", "Latitude": 47.66196463, "Longitude": -122.33229464, "Location1": "(47.66196463, -122.33229464)" }, "geometry": { "type": "Point", "coordinates": [ -122.3322946, 47.6619646 ] } },
{ "type": "Feature", "properties": { "PermitNum": "6733720-DM", "HousingUnitsRemoved": "", "IssuedDate": "2019-09-03", "Latitude": 47.62891058, "Longitude": -122.29058377, "Location1": "(47.62891058, -122.29058377)" }, "geometry": { "type": "Point", "coordinates": [ -122.2905838, 47.6289106 ] } },
{ "type": "Feature", "properties": { "PermitNum": "6865133-DM", "HousingUnitsRemoved": "1", "IssuedDate": "2022-05-04", "Latitude": 47.58352443, "Longitude": -122.31027707, "Location1": "(47.58352443, -122.31027707)" }, "geometry": { "type": "Point", "coordinates": [ -122.3102771, 47.5835244 ] } },
{ "type": "Feature", "properties": { "PermitNum": "6866265-DM", "HousingUnitsRemoved": "", "IssuedDate": "2021-11-17", "Latitude": 47.64795284, "Longitude": -122.35937729, "Location1": "(47.64795284, -122.35937729)" }, "geometry": { "type": "Point", "coordinates": [ -122.3593773, 47.6479528 ] } },
{ "type": "Feature", "properties": { "PermitNum": "6866362-DM", "HousingUnitsRemoved": "1", "IssuedDate": "2022-06-22", "Latitude": 47.6168021, "Longitude": -122.31346023, "Location1": "(47.6168021, -122.31346023)" }, "geometry": { "type": "Point", "coordinates": [ -122.3134602, 47.6168021 ] } },
{ "type": "Feature", "properties": { "PermitNum": "6867978-DM", "HousingUnitsRemoved": "1", "IssuedDate": "2022-02-11", "Latitude": 47.67527573, "Longitude": -122.3246544, "Location1": "(47.67527573, -122.3246544)" }, "geometry": { "type": "Point", "coordinates": [ -122.3246544, 47.6752757 ] } },
{ "type": "Feature", "properties": { "PermitNum": "6868540-DM", "HousingUnitsRemoved": "", "IssuedDate": "2021-11-24", "Latitude": 47.5755509, "Longitude": -122.28847924, "Location1": "(47.5755509, -122.28847924)" }, "geometry": { "type": "Point", "coordinates": [ -122.2884792, 47.5755509 ] } },
{ "type": "Feature", "properties": { "PermitNum": "6870620-DM", "HousingUnitsRemoved": "", "IssuedDate": "2022-06-08", "Latitude": 47.63919659, "Longitude": -122.35856537, "Location1": "(47.63919659, -122.35856537)" }, "geometry": { "type": "Point", "coordinates": [ -122.3585654, 47.6391966 ] } },
{ "type": "Feature", "properties": { "PermitNum": "6485044-DM", "HousingUnitsRemoved": "3", "IssuedDate": "2016-01-25", "Latitude": 47.64319164, "Longitude": -122.38484847, "Location1": "(47.64319164, -122.38484847)" }, "geometry": { "type": "Point", "coordinates": [ -122.3848485, 47.6431916 ] } },
{ "type": "Feature", "properties": { "PermitNum": "6487003-DM", "HousingUnitsRemoved": "1", "IssuedDate": "2016-03-08", "Latitude": 47.58932475, "Longitude": -122.29572486000001, "Location1": "(47.58932475, -122.29572486)" }, "geometry": { "type": "Point", "coordinates": [ -122.2957249, 47.5893248 ] } },
{ "type": "Feature", "properties": { "PermitNum": "6487427-DM", "HousingUnitsRemoved": "1", "IssuedDate": "2016-01-14", "Latitude": 47.62911541, "Longitude": -122.34697963000001, "Location1": "(47.62911541, -122.34697963)" }, "geometry": { "type": "Point", "coordinates": [ -122.3469796, 47.6291154 ] } },
{ "type": "Feature", "properties": { "PermitNum": "6488014-DM", "HousingUnitsRemoved": "2", "IssuedDate": "2016-09-12", "Latitude": 47.65175277, "Longitude": -122.38519424, "Location1": "(47.65175277, -122.38519424)" }, "geometry": { "type": "Point", "coordinates": [ -122.3851942, 47.6517528 ] } },
{ "type": "Feature", "properties": { "PermitNum": "6488292-DM", "HousingUnitsRemoved": "0", "IssuedDate": "2016-01-15", "Latitude": 47.66877375, "Longitude": -122.40131964, "Location1": "(47.66877375, -122.40131964)" }, "geometry": { "type": "Point", "coordinates": [ -122.4013196, 47.6687737 ] } },
{ "type": "Feature", "properties": { "PermitNum": "6488483-DM", "HousingUnitsRemoved": "1", "IssuedDate": "2016-02-09", "Latitude": 47.67180274, "Longitude": -122.37755941, "Location1": "(47.67180274, -122.37755941)" }, "geometry": { "type": "Point", "coordinates": [ -122.3775594, 47.6718027 ] } },
{ "type": "Feature", "properties": { "PermitNum": "6529116-DM", "HousingUnitsRemoved": "1", "IssuedDate": "2016-07-16", "Latitude": 47.61932345, "Longitude": -122.30382996, "Location1": "(47.61932345, -122.30382996)" }, "geometry": { "type": "Point", "coordinates": [ -122.30383, 47.6193235 ] } },
{ "type": "Feature", "properties": { "PermitNum": "6530377-DM", "HousingUnitsRemoved": "1", "IssuedDate": "2016-07-10", "Latitude": 47.64918258, "Longitude": -122.41457615, "Location1": "(47.64918258, -122.41457615)" }, "geometry": { "type": "Point", "coordinates": [ -122.4145762, 47.6491826 ] } },
{ "type": "Feature", "properties": { "PermitNum": "6530424-DM", "HousingUnitsRemoved": "0", "IssuedDate": "2016-11-18", "Latitude": 47.67916422, "Longitude": -122.31764267, "Location1": "(47.67916422, -122.31764267)" }, "geometry": { "type": "Point", "coordinates": [ -122.3176427, 47.6791642 ] } },
{ "type": "Feature", "properties": { "PermitNum": "6530874-DM", "HousingUnitsRemoved": "1", "IssuedDate": "2016-06-28", "Latitude": 47.73069184, "Longitude": -122.35787458, "Location1": "(47.73069184, -122.35787458)" }, "geometry": { "type": "Point", "coordinates": [ -122.3578746, 47.7306918 ] } },
{ "type": "Feature", "properties": { "PermitNum": "6533049-DM", "HousingUnitsRemoved": "2", "IssuedDate": "2016-05-09", "Latitude": 47.68266564, "Longitude": -122.32876743, "Location1": "(47.68266564, -122.32876743)" }, "geometry": { "type": "Point", "coordinates": [ -122.3287674, 47.6826656 ] } },
{ "type": "Feature", "properties": { "PermitNum": "6533325-DM", "HousingUnitsRemoved": "0", "IssuedDate": "2016-05-05", "Latitude": 47.66420633, "Longitude": -122.31051707, "Location1": "(47.66420633, -122.31051707)" }, "geometry": { "type": "Point", "coordinates": [ -122.3105171, 47.6642063 ] } },
{ "type": "Feature", "properties": { "PermitNum": "6578443-DM", "HousingUnitsRemoved": "1", "IssuedDate": "2017-05-12", "Latitude": 47.63607117, "Longitude": -122.35044647, "Location1": "(47.63607117, -122.35044647)" }, "geometry": { "type": "Point", "coordinates": [ -122.3504465, 47.6360712 ] } },
{ "type": "Feature", "properties": { "PermitNum": "6579449-DM", "HousingUnitsRemoved": "1", "IssuedDate": "2017-05-26", "Latitude": 47.69153684, "Longitude": -122.31918844, "Location1": "(47.69153684, -122.31918844)" }, "geometry": { "type": "Point", "coordinates": [ -122.3191884, 47.6915368 ] } },
{ "type": "Feature", "properties": { "PermitNum": "6582563-DM", "HousingUnitsRemoved": "1", "IssuedDate": "2018-01-29", "Latitude": 47.55975194, "Longitude": -122.36134461, "Location1": "(47.55975194, -122.36134461)" }, "geometry": { "type": "Point", "coordinates": [ -122.3613446, 47.5597519 ] } },
{ "type": "Feature", "properties": { "PermitNum": "6625274-DM", "HousingUnitsRemoved": "2", "IssuedDate": "2020-09-25", "Latitude": 47.5787213, "Longitude": -122.38685959, "Location1": "(47.5787213, -122.38685959)" }, "geometry": { "type": "Point", "coordinates": [ -122.3868596, 47.5787213 ] } },
{ "type": "Feature", "properties": { "PermitNum": "6627929-DM", "HousingUnitsRemoved": "1", "IssuedDate": "2020-03-20", "Latitude": 47.66377425, "Longitude": -122.31166328, "Location1": "(47.66377425, -122.31166328)" }, "geometry": { "type": "Point", "coordinates": [ -122.3116633, 47.6637743 ] } },
{ "type": "Feature", "properties": { "PermitNum": "6629177-DM", "HousingUnitsRemoved": "1", "IssuedDate": "2020-05-05", "Latitude": 47.54004045, "Longitude": -122.28125478, "Location1": "(47.54004045, -122.28125478)" }, "geometry": { "type": "Point", "coordinates": [ -122.2812548, 47.5400404 ] } },
{ "type": "Feature", "properties": { "PermitNum": "6859817-DM", "HousingUnitsRemoved": "", "IssuedDate": "2022-02-04", "Latitude": 47.60250288, "Longitude": -122.29520028, "Location1": "(47.60250288, -122.29520028)" }, "geometry": { "type": "Point", "coordinates": [ -122.2952003, 47.6025029 ] } },
{ "type": "Feature", "properties": { "PermitNum": "6862277-DM", "HousingUnitsRemoved": "", "IssuedDate": "2022-08-11", "Latitude": 47.59813532, "Longitude": -122.31118292, "Location1": "(47.59813532, -122.31118292)" }, "geometry": { "type": "Point", "coordinates": [ -122.3111829, 47.5981353 ] } },
{ "type": "Feature", "properties": { "PermitNum": "6862636-DM", "HousingUnitsRemoved": "", "IssuedDate": "2022-04-02", "Latitude": 47.64409206, "Longitude": -122.36861392, "Location1": "(47.64409206, -122.36861392)" }, "geometry": { "type": "Point", "coordinates": [ -122.3686139, 47.6440921 ] } },
{ "type": "Feature", "properties": { "PermitNum": "6863818-DM", "HousingUnitsRemoved": "1", "IssuedDate": "2022-03-02", "Latitude": 47.69851664, "Longitude": -122.29240905, "Location1": "(47.69851664, -122.29240905)" }, "geometry": { "type": "Point", "coordinates": [ -122.2924091, 47.6985166 ] } },
{ "type": "Feature", "properties": { "PermitNum": "6914048-DM", "HousingUnitsRemoved": "", "IssuedDate": "2022-11-07", "Latitude": 47.6676857, "Longitude": -122.29826902000001, "Location1": "(47.6676857, -122.29826902)" }, "geometry": { "type": "Point", "coordinates": [ -122.298269, 47.6676857 ] } },
{ "type": "Feature", "properties": { "PermitNum": "6915636-DM", "HousingUnitsRemoved": "", "IssuedDate": "2022-10-13", "Latitude": 47.65257629, "Longitude": -122.39851825, "Location1": "(47.65257629, -122.39851825)" }, "geometry": { "type": "Point", "coordinates": [ -122.3985182, 47.6525763 ] } },
{ "type": "Feature", "properties": { "PermitNum": "6431097-DM", "HousingUnitsRemoved": "0", "IssuedDate": "2017-02-01", "Latitude": 47.65473961, "Longitude": -122.38557306, "Location1": "(47.65473961, -122.38557306)" }, "geometry": { "type": "Point", "coordinates": [ -122.3855731, 47.6547396 ] } },
{ "type": "Feature", "properties": { "PermitNum": "6478712-DM", "HousingUnitsRemoved": "2", "IssuedDate": "2016-01-25", "Latitude": 47.62098075, "Longitude": -122.29675818, "Location1": "(47.62098075, -122.29675818)" }, "geometry": { "type": "Point", "coordinates": [ -122.2967582, 47.6209808 ] } },
{ "type": "Feature", "properties": { "PermitNum": "6479190-DM", "HousingUnitsRemoved": "1", "IssuedDate": "2016-04-08", "Latitude": 47.57090658, "Longitude": -122.28789479, "Location1": "(47.57090658, -122.28789479)" }, "geometry": { "type": "Point", "coordinates": [ -122.2878948, 47.5709066 ] } },
{ "type": "Feature", "properties": { "PermitNum": "6480306-DM", "HousingUnitsRemoved": "0", "IssuedDate": "2016-02-17", "Latitude": 47.54397193, "Longitude": -122.37534879, "Location1": "(47.54397193, -122.37534879)" }, "geometry": { "type": "Point", "coordinates": [ -122.3753488, 47.5439719 ] } },
{ "type": "Feature", "properties": { "PermitNum": "6481025-DM", "HousingUnitsRemoved": "2", "IssuedDate": "2016-02-04", "Latitude": 47.63885321, "Longitude": -122.38712338000001, "Location1": "(47.63885321, -122.38712338)" }, "geometry": { "type": "Point", "coordinates": [ -122.3871234, 47.6388532 ] } },
{ "type": "Feature", "properties": { "PermitNum": "6482237-DM", "HousingUnitsRemoved": "1", "IssuedDate": "2016-01-20", "Latitude": 47.73242675, "Longitude": -122.34383039, "Location1": "(47.73242675, -122.34383039)" }, "geometry": { "type": "Point", "coordinates": [ -122.3438304, 47.7324268 ] } },
{ "type": "Feature", "properties": { "PermitNum": "6522943-DM", "HousingUnitsRemoved": "1", "IssuedDate": "2017-05-12", "Latitude": 47.58397925, "Longitude": -122.37517914, "Location1": "(47.58397925, -122.37517914)" }, "geometry": { "type": "Point", "coordinates": [ -122.3751791, 47.5839792 ] } },
{ "type": "Feature", "properties": { "PermitNum": "6523138-DM", "HousingUnitsRemoved": "1", "IssuedDate": "2016-10-04", "Latitude": 47.63448426, "Longitude": -122.36405697, "Location1": "(47.63448426, -122.36405697)" }, "geometry": { "type": "Point", "coordinates": [ -122.364057, 47.6344843 ] } },
{ "type": "Feature", "properties": { "PermitNum": "6523402-DM", "HousingUnitsRemoved": "1", "IssuedDate": "2016-05-10", "Latitude": 47.65691703, "Longitude": -122.27274567000001, "Location1": "(47.65691703, -122.27274567)" }, "geometry": { "type": "Point", "coordinates": [ -122.2727457, 47.656917 ] } },
{ "type": "Feature", "properties": { "PermitNum": "6526854-DM", "HousingUnitsRemoved": "1", "IssuedDate": "2016-06-09", "Latitude": 47.6723646, "Longitude": -122.29157731, "Location1": "(47.6723646, -122.29157731)" }, "geometry": { "type": "Point", "coordinates": [ -122.2915773, 47.6723646 ] } },
{ "type": "Feature", "properties": { "PermitNum": "6528140-DM", "HousingUnitsRemoved": "1", "IssuedDate": "2016-07-26", "Latitude": 47.6756927, "Longitude": -122.38055656, "Location1": "(47.6756927, -122.38055656)" }, "geometry": { "type": "Point", "coordinates": [ -122.3805566, 47.6756927 ] } },
{ "type": "Feature", "properties": { "PermitNum": "6528358-DM", "HousingUnitsRemoved": "1", "IssuedDate": "2016-12-05", "Latitude": 47.66008462, "Longitude": -122.40062479, "Location1": "(47.66008462, -122.40062479)" }, "geometry": { "type": "Point", "coordinates": [ -122.4006248, 47.6600846 ] } },
{ "type": "Feature", "properties": { "PermitNum": "6573329-DM", "HousingUnitsRemoved": "1", "IssuedDate": "2017-04-28", "Latitude": 47.61624105, "Longitude": -122.31295741, "Location1": "(47.61624105, -122.31295741)" }, "geometry": { "type": "Point", "coordinates": [ -122.3129574, 47.616241 ] } },
{ "type": "Feature", "properties": { "PermitNum": "6573419-DM", "HousingUnitsRemoved": "1", "IssuedDate": "2017-05-23", "Latitude": 47.59403401, "Longitude": -122.29679202, "Location1": "(47.59403401, -122.29679202)" }, "geometry": { "type": "Point", "coordinates": [ -122.296792, 47.594034 ] } },
{ "type": "Feature", "properties": { "PermitNum": "6576915-DM", "HousingUnitsRemoved": "1", "IssuedDate": "2017-04-06", "Latitude": 47.65511069, "Longitude": -122.3960162, "Location1": "(47.65511069, -122.3960162)" }, "geometry": { "type": "Point", "coordinates": [ -122.3960162, 47.6551107 ] } },
{ "type": "Feature", "properties": { "PermitNum": "6619175-DM", "HousingUnitsRemoved": "1", "IssuedDate": "2018-12-20", "Latitude": 47.66558143, "Longitude": -122.31156798000001, "Location1": "(47.66558143, -122.31156798)" }, "geometry": { "type": "Point", "coordinates": [ -122.311568, 47.6655814 ] } },
{ "type": "Feature", "properties": { "PermitNum": "6622240-DM", "HousingUnitsRemoved": "1", "IssuedDate": "2018-03-02", "Latitude": 47.66967629, "Longitude": -122.39657757000001, "Location1": "(47.66967629, -122.39657757)" }, "geometry": { "type": "Point", "coordinates": [ -122.3965776, 47.6696763 ] } },
{ "type": "Feature", "properties": { "PermitNum": "6623425-DM", "HousingUnitsRemoved": "1", "IssuedDate": "2017-12-06", "Latitude": 47.52336417, "Longitude": -122.28111024, "Location1": "(47.52336417, -122.28111024)" }, "geometry": { "type": "Point", "coordinates": [ -122.2811102, 47.5233642 ] } },
{ "type": "Feature", "properties": { "PermitNum": "6623590-DM", "HousingUnitsRemoved": "1", "IssuedDate": "2018-06-18", "Latitude": 47.58927512, "Longitude": -122.31088839, "Location1": "(47.58927512, -122.31088839)" }, "geometry": { "type": "Point", "coordinates": [ -122.3108884, 47.5892751 ] } },
{ "type": "Feature", "properties": { "PermitNum": "6623643-DM", "HousingUnitsRemoved": "1", "IssuedDate": "2018-03-29", "Latitude": 47.69047049, "Longitude": -122.36519755, "Location1": "(47.69047049, -122.36519755)" }, "geometry": { "type": "Point", "coordinates": [ -122.3651976, 47.6904705 ] } },
{ "type": "Feature", "properties": { "PermitNum": "6624130-DM", "HousingUnitsRemoved": "1", "IssuedDate": "2018-02-05", "Latitude": 47.6983831, "Longitude": -122.28503767, "Location1": "(47.6983831, -122.28503767)" }, "geometry": { "type": "Point", "coordinates": [ -122.2850377, 47.6983831 ] } },
{ "type": "Feature", "properties": { "PermitNum": "6714213-DM", "HousingUnitsRemoved": "", "IssuedDate": "2018-03-12", "Latitude": 47.63131094, "Longitude": -122.31998169000001, "Location1": "(47.63131094, -122.31998169)" }, "geometry": { "type": "Point", "coordinates": [ -122.3199817, 47.6313109 ] } },
{ "type": "Feature", "properties": { "PermitNum": "6714517-DM", "HousingUnitsRemoved": "", "IssuedDate": "2020-01-27", "Latitude": 47.60139445, "Longitude": -122.33120856, "Location1": "(47.60139445, -122.33120856)" }, "geometry": { "type": "Point", "coordinates": [ -122.3312086, 47.6013945 ] } },
{ "type": "Feature", "properties": { "PermitNum": "6715435-DM", "HousingUnitsRemoved": "", "IssuedDate": "2020-02-12", "Latitude": 47.55533078, "Longitude": -122.2849254, "Location1": "(47.55533078, -122.2849254)" }, "geometry": { "type": "Point", "coordinates": [ -122.2849254, 47.5553308 ] } },
{ "type": "Feature", "properties": { "PermitNum": "6716583-DM", "HousingUnitsRemoved": "3", "IssuedDate": "2021-09-22", "Latitude": 47.73117055, "Longitude": -122.35596866, "Location1": "(47.73117055, -122.35596866)" }, "geometry": { "type": "Point", "coordinates": [ -122.3559687, 47.7311706 ] } },
{ "type": "Feature", "properties": { "PermitNum": "6758662-DM", "HousingUnitsRemoved": "1", "IssuedDate": "2020-03-17", "Latitude": 47.65575987, "Longitude": -122.33169925, "Location1": "(47.65575987, -122.33169925)" }, "geometry": { "type": "Point", "coordinates": [ -122.3316992, 47.6557599 ] } },
{ "type": "Feature", "properties": { "PermitNum": "6762293-DM", "HousingUnitsRemoved": "", "IssuedDate": "2020-07-27", "Latitude": 47.67891047, "Longitude": -122.35406585, "Location1": "(47.67891047, -122.35406585)" }, "geometry": { "type": "Point", "coordinates": [ -122.3540658, 47.6789105 ] } },
{ "type": "Feature", "properties": { "PermitNum": "6805410-DM", "HousingUnitsRemoved": "", "IssuedDate": "2021-02-12", "Latitude": 47.67829112, "Longitude": -122.30037768, "Location1": "(47.67829112, -122.30037768)" }, "geometry": { "type": "Point", "coordinates": [ -122.3003777, 47.6782911 ] } },
{ "type": "Feature", "properties": { "PermitNum": "6807153-DM", "HousingUnitsRemoved": "", "IssuedDate": "2021-04-29", "Latitude": 47.66517636, "Longitude": -122.32541296, "Location1": "(47.66517636, -122.32541296)" }, "geometry": { "type": "Point", "coordinates": [ -122.325413, 47.6651764 ] } },
{ "type": "Feature", "properties": { "PermitNum": "6807192-DM", "HousingUnitsRemoved": "1", "IssuedDate": "2021-08-23", "Latitude": 47.66807183, "Longitude": -122.37010748, "Location1": "(47.66807183, -122.37010748)" }, "geometry": { "type": "Point", "coordinates": [ -122.3701075, 47.6680718 ] } },
{ "type": "Feature", "properties": { "PermitNum": "6808201-DM", "HousingUnitsRemoved": "1", "IssuedDate": "2022-04-05", "Latitude": 47.59558606, "Longitude": -122.2946689, "Location1": "(47.59558606, -122.2946689)" }, "geometry": { "type": "Point", "coordinates": [ -122.2946689, 47.5955861 ] } },
{ "type": "Feature", "properties": { "PermitNum": "6854521-DM", "HousingUnitsRemoved": "1", "IssuedDate": "2022-06-01", "Latitude": 47.57475723, "Longitude": -122.41108727, "Location1": "(47.57475723, -122.41108727)" }, "geometry": { "type": "Point", "coordinates": [ -122.4110873, 47.5747572 ] } },
{ "type": "Feature", "properties": { "PermitNum": "6857715-DM", "HousingUnitsRemoved": "", "IssuedDate": "2022-08-10", "Latitude": 47.59422735, "Longitude": -122.300421, "Location1": "(47.59422735, -122.300421)" }, "geometry": { "type": "Point", "coordinates": [ -122.300421, 47.5942273 ] } },
{ "type": "Feature", "properties": { "PermitNum": "6908343-DM", "HousingUnitsRemoved": "", "IssuedDate": "2022-11-29", "Latitude": 47.65594393, "Longitude": -122.33180907000001, "Location1": "(47.65594393, -122.33180907)" }, "geometry": { "type": "Point", "coordinates": [ -122.3318091, 47.6559439 ] } },
{ "type": "Feature", "properties": { "PermitNum": "6908514-DM", "HousingUnitsRemoved": "", "IssuedDate": "2022-07-14", "Latitude": 47.57986267, "Longitude": -122.40376884, "Location1": "(47.57986267, -122.40376884)" }, "geometry": { "type": "Point", "coordinates": [ -122.4037688, 47.5798627 ] } },
{ "type": "Feature", "properties": { "PermitNum": "6908550-DM", "HousingUnitsRemoved": "1", "IssuedDate": "2022-08-30", "Latitude": 47.65664751, "Longitude": -122.3205679, "Location1": "(47.65664751, -122.3205679)" }, "geometry": { "type": "Point", "coordinates": [ -122.3205679, 47.6566475 ] } },
{ "type": "Feature", "properties": { "PermitNum": "6909668-DM", "HousingUnitsRemoved": "1", "IssuedDate": "2022-09-27", "Latitude": 47.64001284, "Longitude": -122.36848988, "Location1": "(47.64001284, -122.36848988)" }, "geometry": { "type": "Point", "coordinates": [ -122.3684899, 47.6400128 ] } },
{ "type": "Feature", "properties": { "PermitNum": "6706996-DM", "HousingUnitsRemoved": "2", "IssuedDate": "2019-10-23", "Latitude": 47.6763717, "Longitude": -122.31900361, "Location1": "(47.6763717, -122.31900361)" }, "geometry": { "type": "Point", "coordinates": [ -122.3190036, 47.6763717 ] } },
{ "type": "Feature", "properties": { "PermitNum": "6707451-DM", "HousingUnitsRemoved": "", "IssuedDate": "2020-01-03", "Latitude": 47.56550524, "Longitude": -122.3726281, "Location1": "(47.56550524, -122.3726281)" }, "geometry": { "type": "Point", "coordinates": [ -122.3726281, 47.5655052 ] } },
{ "type": "Feature", "properties": { "PermitNum": "6707522-DM", "HousingUnitsRemoved": "", "IssuedDate": "2022-02-03", "Latitude": 47.62908002, "Longitude": -122.28036766, "Location1": "(47.62908002, -122.28036766)" }, "geometry": { "type": "Point", "coordinates": [ -122.2803677, 47.62908 ] } },
{ "type": "Feature", "properties": { "PermitNum": "6708708-DM", "HousingUnitsRemoved": "1", "IssuedDate": "2019-07-08", "Latitude": 47.51161027, "Longitude": -122.38337052, "Location1": "(47.51161027, -122.38337052)" }, "geometry": { "type": "Point", "coordinates": [ -122.3833705, 47.5116103 ] } },
{ "type": "Feature", "properties": { "PermitNum": "6708742-DM", "HousingUnitsRemoved": "", "IssuedDate": "2020-02-07", "Latitude": 47.65722805, "Longitude": -122.36050336, "Location1": "(47.65722805, -122.36050336)" }, "geometry": { "type": "Point", "coordinates": [ -122.3605034, 47.6572281 ] } },
{ "type": "Feature", "properties": { "PermitNum": "6708955-DM", "HousingUnitsRemoved": "1", "IssuedDate": "2019-10-16", "Latitude": 47.67861286, "Longitude": -122.30800368, "Location1": "(47.67861286, -122.30800368)" }, "geometry": { "type": "Point", "coordinates": [ -122.3080037, 47.6786129 ] } },
{ "type": "Feature", "properties": { "PermitNum": "6709610-DM", "HousingUnitsRemoved": "1", "IssuedDate": "2019-08-01", "Latitude": 47.65921911, "Longitude": -122.40280347, "Location1": "(47.65921911, -122.40280347)" }, "geometry": { "type": "Point", "coordinates": [ -122.4028035, 47.6592191 ] } },
{ "type": "Feature", "properties": { "PermitNum": "6710739-DM", "HousingUnitsRemoved": "1", "IssuedDate": "2019-08-23", "Latitude": 47.64984574, "Longitude": -122.27586296, "Location1": "(47.64984574, -122.27586296)" }, "geometry": { "type": "Point", "coordinates": [ -122.275863, 47.6498457 ] } },
{ "type": "Feature", "properties": { "PermitNum": "6710764-DM", "HousingUnitsRemoved": "1", "IssuedDate": "2020-01-23", "Latitude": 47.67813681, "Longitude": -122.30741418, "Location1": "(47.67813681, -122.30741418)" }, "geometry": { "type": "Point", "coordinates": [ -122.3074142, 47.6781368 ] } },
{ "type": "Feature", "properties": { "PermitNum": "6754330-DM", "HousingUnitsRemoved": "1", "IssuedDate": "2020-03-04", "Latitude": 47.659724, "Longitude": -122.28901764, "Location1": "(47.659724, -122.28901764)" }, "geometry": { "type": "Point", "coordinates": [ -122.2890176, 47.659724 ] } },
{ "type": "Feature", "properties": { "PermitNum": "6903331-DM", "HousingUnitsRemoved": "", "IssuedDate": "2022-10-12", "Latitude": 47.60222262, "Longitude": -122.30398052, "Location1": "(47.60222262, -122.30398052)" }, "geometry": { "type": "Point", "coordinates": [ -122.3039805, 47.6022226 ] } },
{ "type": "Feature", "properties": { "PermitNum": "6701740-DM", "HousingUnitsRemoved": "", "IssuedDate": "2019-04-02", "Latitude": 47.70434996, "Longitude": -122.29437495000001, "Location1": "(47.70434996, -122.29437495)" }, "geometry": { "type": "Point", "coordinates": [ -122.294375, 47.70435 ] } },
{ "type": "Feature", "properties": { "PermitNum": "6703134-DM", "HousingUnitsRemoved": "", "IssuedDate": "2019-08-08", "Latitude": 47.69128404, "Longitude": -122.39533188, "Location1": "(47.69128404, -122.39533188)" }, "geometry": { "type": "Point", "coordinates": [ -122.3953319, 47.691284 ] } },
{ "type": "Feature", "properties": { "PermitNum": "6704297-DM", "HousingUnitsRemoved": "2", "IssuedDate": "2020-06-03", "Latitude": 47.66585447, "Longitude": -122.28065828, "Location1": "(47.66585447, -122.28065828)" }, "geometry": { "type": "Point", "coordinates": [ -122.2806583, 47.6658545 ] } },
{ "type": "Feature", "properties": { "PermitNum": "6704588-DM", "HousingUnitsRemoved": "2", "IssuedDate": "2019-07-19", "Latitude": 47.65100016, "Longitude": -122.3462731, "Location1": "(47.65100016, -122.3462731)" }, "geometry": { "type": "Point", "coordinates": [ -122.3462731, 47.6510002 ] } },
{ "type": "Feature", "properties": { "PermitNum": "6705230-DM", "HousingUnitsRemoved": "", "IssuedDate": "2019-05-23", "Latitude": 47.65230019, "Longitude": -122.3410997, "Location1": "(47.65230019, -122.3410997)" }, "geometry": { "type": "Point", "coordinates": [ -122.3410997, 47.6523002 ] } },
{ "type": "Feature", "properties": { "PermitNum": "6705873-DM", "HousingUnitsRemoved": "1", "IssuedDate": "2020-07-16", "Latitude": 47.55179274, "Longitude": -122.36403725, "Location1": "(47.55179274, -122.36403725)" }, "geometry": { "type": "Point", "coordinates": [ -122.3640372, 47.5517927 ] } },
{ "type": "Feature", "properties": { "PermitNum": "6705893-DM", "HousingUnitsRemoved": "0", "IssuedDate": "2019-01-07", "Latitude": 47.59797384, "Longitude": -122.31020657000001, "Location1": "(47.59797384, -122.31020657)" }, "geometry": { "type": "Point", "coordinates": [ -122.3102066, 47.5979738 ] } },
{ "type": "Feature", "properties": { "PermitNum": "6745981-DM", "HousingUnitsRemoved": "1", "IssuedDate": "2019-10-17", "Latitude": 47.67094928, "Longitude": -122.30878188, "Location1": "(47.67094928, -122.30878188)" }, "geometry": { "type": "Point", "coordinates": [ -122.3087819, 47.6709493 ] } },
{ "type": "Feature", "properties": { "PermitNum": "6746800-DM", "HousingUnitsRemoved": "0", "IssuedDate": "2022-05-06", "Latitude": 47.65575176, "Longitude": -122.34277715, "Location1": "(47.65575176, -122.34277715)" }, "geometry": { "type": "Point", "coordinates": [ -122.3427772, 47.6557518 ] } },
{ "type": "Feature", "properties": { "PermitNum": "6749891-DM", "HousingUnitsRemoved": "", "IssuedDate": "2019-12-19", "Latitude": 47.54890419, "Longitude": -122.3847975, "Location1": "(47.54890419, -122.3847975)" }, "geometry": { "type": "Point", "coordinates": [ -122.3847975, 47.5489042 ] } },
{ "type": "Feature", "properties": { "PermitNum": "6750982-DM", "HousingUnitsRemoved": "1", "IssuedDate": "2019-11-20", "Latitude": 47.61877878, "Longitude": -122.30150761, "Location1": "(47.61877878, -122.30150761)" }, "geometry": { "type": "Point", "coordinates": [ -122.3015076, 47.6187788 ] } },
{ "type": "Feature", "properties": { "PermitNum": "6790359-DM", "HousingUnitsRemoved": "1", "IssuedDate": "2021-06-04", "Latitude": 47.54404407, "Longitude": -122.3209805, "Location1": "(47.54404407, -122.3209805)" }, "geometry": { "type": "Point", "coordinates": [ -122.3209805, 47.5440441 ] } },
{ "type": "Feature", "properties": { "PermitNum": "6790957-DM", "HousingUnitsRemoved": "", "IssuedDate": "2021-08-19", "Latitude": 47.52207738, "Longitude": -122.32421031, "Location1": "(47.52207738, -122.32421031)" }, "geometry": { "type": "Point", "coordinates": [ -122.3242103, 47.5220774 ] } },
{ "type": "Feature", "properties": { "PermitNum": "6791527-DM", "HousingUnitsRemoved": "2", "IssuedDate": "2020-09-01", "Latitude": 47.65702172, "Longitude": -122.32059817, "Location1": "(47.65702172, -122.32059817)" }, "geometry": { "type": "Point", "coordinates": [ -122.3205982, 47.6570217 ] } },
{ "type": "Feature", "properties": { "PermitNum": "6792047-DM", "HousingUnitsRemoved": "", "IssuedDate": "2021-07-06", "Latitude": 47.65520687, "Longitude": -122.32815477, "Location1": "(47.65520687, -122.32815477)" }, "geometry": { "type": "Point", "coordinates": [ -122.3281548, 47.6552069 ] } },
{ "type": "Feature", "properties": { "PermitNum": "6795178-DM", "HousingUnitsRemoved": "1", "IssuedDate": "2022-02-23", "Latitude": 47.61350071, "Longitude": -122.30400877, "Location1": "(47.61350071, -122.30400877)" }, "geometry": { "type": "Point", "coordinates": [ -122.3040088, 47.6135007 ] } },
{ "type": "Feature", "properties": { "PermitNum": "6839948-DM", "HousingUnitsRemoved": "", "IssuedDate": "2021-06-29", "Latitude": 47.6314227, "Longitude": -122.28796904, "Location1": "(47.6314227, -122.28796904)" }, "geometry": { "type": "Point", "coordinates": [ -122.287969, 47.6314227 ] } },
{ "type": "Feature", "properties": { "PermitNum": "6839970-DM", "HousingUnitsRemoved": "", "IssuedDate": "2022-07-27", "Latitude": 47.62417705, "Longitude": -122.29963976000001, "Location1": "(47.62417705, -122.29963976)" }, "geometry": { "type": "Point", "coordinates": [ -122.2996398, 47.6241771 ] } },
{ "type": "Feature", "properties": { "PermitNum": "6840616-DM", "HousingUnitsRemoved": "1", "IssuedDate": "2022-01-27", "Latitude": 47.66307767, "Longitude": -122.34333078, "Location1": "(47.66307767, -122.34333078)" }, "geometry": { "type": "Point", "coordinates": [ -122.3433308, 47.6630777 ] } },
{ "type": "Feature", "properties": { "PermitNum": "6841630-DM", "HousingUnitsRemoved": "", "IssuedDate": "2022-02-10", "Latitude": 47.66274798, "Longitude": -122.36336801, "Location1": "(47.66274798, -122.36336801)" }, "geometry": { "type": "Point", "coordinates": [ -122.363368, 47.662748 ] } },
{ "type": "Feature", "properties": { "PermitNum": "6842297-DM", "HousingUnitsRemoved": "2", "IssuedDate": "2021-08-10", "Latitude": 47.669669, "Longitude": -122.39176301000001, "Location1": "(47.669669, -122.39176301)" }, "geometry": { "type": "Point", "coordinates": [ -122.391763, 47.669669 ] } },
{ "type": "Feature", "properties": { "PermitNum": "6843140-DM", "HousingUnitsRemoved": "1", "IssuedDate": "2021-12-23", "Latitude": 47.71071076, "Longitude": -122.33351767000001, "Location1": "(47.71071076, -122.33351767)" }, "geometry": { "type": "Point", "coordinates": [ -122.3335177, 47.7107108 ] } },
{ "type": "Feature", "properties": { "PermitNum": "6843433-DM", "HousingUnitsRemoved": "", "IssuedDate": "2021-06-24", "Latitude": 47.63402619, "Longitude": -122.36399313, "Location1": "(47.63402619, -122.36399313)" }, "geometry": { "type": "Point", "coordinates": [ -122.3639931, 47.6340262 ] } },
{ "type": "Feature", "properties": { "PermitNum": "6890461-DM", "HousingUnitsRemoved": "", "IssuedDate": "2022-09-09", "Latitude": 47.67289536, "Longitude": -122.37262274, "Location1": "(47.67289536, -122.37262274)" }, "geometry": { "type": "Point", "coordinates": [ -122.3726227, 47.6728954 ] } },
{ "type": "Feature", "properties": { "PermitNum": "6894114-DM", "HousingUnitsRemoved": "", "IssuedDate": "2022-07-06", "Latitude": 47.69697102, "Longitude": -122.33735178000001, "Location1": "(47.69697102, -122.33735178)" }, "geometry": { "type": "Point", "coordinates": [ -122.3373518, 47.696971 ] } },
{ "type": "Feature", "properties": { "PermitNum": "6894805-DM", "HousingUnitsRemoved": "", "IssuedDate": "2022-04-27", "Latitude": 47.60417442, "Longitude": -122.31379277000001, "Location1": "(47.60417442, -122.31379277)" }, "geometry": { "type": "Point", "coordinates": [ -122.3137928, 47.6041744 ] } },
{ "type": "Feature", "properties": { "PermitNum": "6894912-DM", "HousingUnitsRemoved": "", "IssuedDate": "2022-12-14", "Latitude": 47.67182291, "Longitude": -122.37784581, "Location1": "(47.67182291, -122.37784581)" }, "geometry": { "type": "Point", "coordinates": [ -122.3778458, 47.6718229 ] } },
{ "type": "Feature", "properties": { "PermitNum": "6896129-DM", "HousingUnitsRemoved": "", "IssuedDate": "2022-11-30", "Latitude": 47.69329601, "Longitude": -122.29267083000001, "Location1": "(47.69329601, -122.29267083)" }, "geometry": { "type": "Point", "coordinates": [ -122.2926708, 47.693296 ] } },
{ "type": "Feature", "properties": { "PermitNum": "6551754-DM", "HousingUnitsRemoved": "0", "IssuedDate": "2017-10-19", "Latitude": 47.70485829, "Longitude": -122.3416218, "Location1": "(47.70485829, -122.3416218)" }, "geometry": { "type": "Point", "coordinates": [ -122.3416218, 47.7048583 ] } },
{ "type": "Feature", "properties": { "PermitNum": "6551824-DM", "HousingUnitsRemoved": "2", "IssuedDate": "2016-09-08", "Latitude": 47.68090278, "Longitude": -122.34524599, "Location1": "(47.68090278, -122.34524599)" }, "geometry": { "type": "Point", "coordinates": [ -122.345246, 47.6809028 ] } },
{ "type": "Feature", "properties": { "PermitNum": "6551921-DM", "HousingUnitsRemoved": "1", "IssuedDate": "2016-08-25", "Latitude": 47.70247622, "Longitude": -122.27676818, "Location1": "(47.70247622, -122.27676818)" }, "geometry": { "type": "Point", "coordinates": [ -122.2767682, 47.7024762 ] } },
{ "type": "Feature", "properties": { "PermitNum": "6552088-DM", "HousingUnitsRemoved": "0", "IssuedDate": "2017-12-06", "Latitude": 47.59625112, "Longitude": -122.2966449, "Location1": "(47.59625112, -122.2966449)" }, "geometry": { "type": "Point", "coordinates": [ -122.2966449, 47.5962511 ] } },
{ "type": "Feature", "properties": { "PermitNum": "6554296-DM", "HousingUnitsRemoved": "1", "IssuedDate": "2016-12-07", "Latitude": 47.55091176, "Longitude": -122.26873227, "Location1": "(47.55091176, -122.26873227)" }, "geometry": { "type": "Point", "coordinates": [ -122.2687323, 47.5509118 ] } },
{ "type": "Feature", "properties": { "PermitNum": "6554841-DM", "HousingUnitsRemoved": "2", "IssuedDate": "2016-12-05", "Latitude": 47.67547116, "Longitude": -122.38553255, "Location1": "(47.67547116, -122.38553255)" }, "geometry": { "type": "Point", "coordinates": [ -122.3855325, 47.6754712 ] } },
{ "type": "Feature", "properties": { "PermitNum": "6555434-DM", "HousingUnitsRemoved": "0", "IssuedDate": "2017-06-14", "Latitude": 47.66665392, "Longitude": -122.37705587000001, "Location1": "(47.66665392, -122.37705587)" }, "geometry": { "type": "Point", "coordinates": [ -122.3770559, 47.6666539 ] } },
{ "type": "Feature", "properties": { "PermitNum": "6555547-DM", "HousingUnitsRemoved": "1", "IssuedDate": "2016-11-15", "Latitude": 47.70169261, "Longitude": -122.37174417, "Location1": "(47.70169261, -122.37174417)" }, "geometry": { "type": "Point", "coordinates": [ -122.3717442, 47.7016926 ] } },
{ "type": "Feature", "properties": { "PermitNum": "6604351-DM", "HousingUnitsRemoved": "1", "IssuedDate": "2017-09-25", "Latitude": 47.69173331, "Longitude": -122.37872265, "Location1": "(47.69173331, -122.37872265)" }, "geometry": { "type": "Point", "coordinates": [ -122.3787227, 47.6917333 ] } },
{ "type": "Feature", "properties": { "PermitNum": "6605606-DM", "HousingUnitsRemoved": "0", "IssuedDate": "2017-11-17", "Latitude": 47.69847057, "Longitude": -122.34588011, "Location1": "(47.69847057, -122.34588011)" }, "geometry": { "type": "Point", "coordinates": [ -122.3458801, 47.6984706 ] } },
{ "type": "Feature", "properties": { "PermitNum": "6652569-DM", "HousingUnitsRemoved": "2", "IssuedDate": "2018-10-10", "Latitude": 47.66438429, "Longitude": -122.39912025, "Location1": "(47.66438429, -122.39912025)" }, "geometry": { "type": "Point", "coordinates": [ -122.3991202, 47.6643843 ] } },
{ "type": "Feature", "properties": { "PermitNum": "6654850-DM", "HousingUnitsRemoved": "0", "IssuedDate": "2019-05-08", "Latitude": 47.59384312, "Longitude": -122.29520201, "Location1": "(47.59384312, -122.29520201)" }, "geometry": { "type": "Point", "coordinates": [ -122.295202, 47.5938431 ] } },
{ "type": "Feature", "properties": { "PermitNum": "6656742-DM", "HousingUnitsRemoved": "1", "IssuedDate": "2019-07-16", "Latitude": 47.67258671, "Longitude": -122.26699964, "Location1": "(47.67258671, -122.26699964)" }, "geometry": { "type": "Point", "coordinates": [ -122.2669996, 47.6725867 ] } },
{ "type": "Feature", "properties": { "PermitNum": "6702837-DM", "HousingUnitsRemoved": "0", "IssuedDate": "2020-09-01", "Latitude": 47.60329384, "Longitude": -122.31719573, "Location1": "(47.60329384, -122.31719573)" }, "geometry": { "type": "Point", "coordinates": [ -122.3171957, 47.6032938 ] } },
{ "type": "Feature", "properties": { "PermitNum": "6703102-DM", "HousingUnitsRemoved": "1", "IssuedDate": "2020-03-12", "Latitude": 47.59563268, "Longitude": -122.29515212, "Location1": "(47.59563268, -122.29515212)" }, "geometry": { "type": "Point", "coordinates": [ -122.2951521, 47.5956327 ] } },
{ "type": "Feature", "properties": { "PermitNum": "6703653-DM", "HousingUnitsRemoved": "", "IssuedDate": "2019-09-06", "Latitude": 47.67327709, "Longitude": -122.37730786, "Location1": "(47.67327709, -122.37730786)" }, "geometry": { "type": "Point", "coordinates": [ -122.3773079, 47.6732771 ] } },
{ "type": "Feature", "properties": { "PermitNum": "6703736-DM", "HousingUnitsRemoved": "", "IssuedDate": "2019-06-03", "Latitude": 47.58607151, "Longitude": -122.30446566000001, "Location1": "(47.58607151, -122.30446566)" }, "geometry": { "type": "Point", "coordinates": [ -122.3044657, 47.5860715 ] } },
{ "type": "Feature", "properties": { "PermitNum": "6704688-DM", "HousingUnitsRemoved": "", "IssuedDate": "2020-02-12", "Latitude": 47.67784249, "Longitude": -122.26868958, "Location1": "(47.67784249, -122.26868958)" }, "geometry": { "type": "Point", "coordinates": [ -122.2686896, 47.6778425 ] } },
{ "type": "Feature", "properties": { "PermitNum": "6705207-DM", "HousingUnitsRemoved": "", "IssuedDate": "2019-11-09", "Latitude": 47.51647836, "Longitude": -122.39715617, "Location1": "(47.51647836, -122.39715617)" }, "geometry": { "type": "Point", "coordinates": [ -122.3971562, 47.5164784 ] } },
{ "type": "Feature", "properties": { "PermitNum": "6705227-DM", "HousingUnitsRemoved": "4", "IssuedDate": "2020-04-22", "Latitude": 47.67784501, "Longitude": -122.31833067, "Location1": "(47.67784501, -122.31833067)" }, "geometry": { "type": "Point", "coordinates": [ -122.3183307, 47.677845 ] } },
{ "type": "Feature", "properties": { "PermitNum": "6705752-DM", "HousingUnitsRemoved": "1", "IssuedDate": "2019-10-01", "Latitude": 47.53394429, "Longitude": -122.27871701, "Location1": "(47.53394429, -122.27871701)" }, "geometry": { "type": "Point", "coordinates": [ -122.278717, 47.5339443 ] } },
{ "type": "Feature", "properties": { "PermitNum": "6706314-DM", "HousingUnitsRemoved": "1", "IssuedDate": "2019-06-13", "Latitude": 47.67715617, "Longitude": -122.39327972, "Location1": "(47.67715617, -122.39327972)" }, "geometry": { "type": "Point", "coordinates": [ -122.3932797, 47.6771562 ] } },
{ "type": "Feature", "properties": { "PermitNum": "6706614-DM", "HousingUnitsRemoved": "1", "IssuedDate": "2020-01-07", "Latitude": 47.58922231, "Longitude": -122.39067806, "Location1": "(47.58922231, -122.39067806)" }, "geometry": { "type": "Point", "coordinates": [ -122.3906781, 47.5892223 ] } },
{ "type": "Feature", "properties": { "PermitNum": "6707498-DM", "HousingUnitsRemoved": "", "IssuedDate": "2019-11-06", "Latitude": 47.5551376, "Longitude": -122.28317726, "Location1": "(47.5551376, -122.28317726)" }, "geometry": { "type": "Point", "coordinates": [ -122.2831773, 47.5551376 ] } },
{ "type": "Feature", "properties": { "PermitNum": "6746357-DM", "HousingUnitsRemoved": "1", "IssuedDate": "2021-07-13", "Latitude": 47.66632165, "Longitude": -122.27628371, "Location1": "(47.66632165, -122.27628371)" }, "geometry": { "type": "Point", "coordinates": [ -122.2762837, 47.6663217 ] } },
{ "type": "Feature", "properties": { "PermitNum": "6748288-DM", "HousingUnitsRemoved": "", "IssuedDate": "2020-09-24", "Latitude": 47.66478781, "Longitude": -122.33400862000001, "Location1": "(47.66478781, -122.33400862)" }, "geometry": { "type": "Point", "coordinates": [ -122.3340086, 47.6647878 ] } },
{ "type": "Feature", "properties": { "PermitNum": "6748294-DM", "HousingUnitsRemoved": "2", "IssuedDate": "2022-09-02", "Latitude": 47.65656896, "Longitude": -122.32050934, "Location1": "(47.65656896, -122.32050934)" }, "geometry": { "type": "Point", "coordinates": [ -122.3205093, 47.656569 ] } },
{ "type": "Feature", "properties": { "PermitNum": "6748701-DM", "HousingUnitsRemoved": "", "IssuedDate": "2019-10-10", "Latitude": 47.54797481, "Longitude": -122.30900327000001, "Location1": "(47.54797481, -122.30900327)" }, "geometry": { "type": "Point", "coordinates": [ -122.3090033, 47.5479748 ] } },
{ "type": "Feature", "properties": { "PermitNum": "6749941-DM", "HousingUnitsRemoved": "1", "IssuedDate": "2020-04-29", "Latitude": 47.5515651, "Longitude": -122.38649972, "Location1": "(47.5515651, -122.38649972)" }, "geometry": { "type": "Point", "coordinates": [ -122.3864997, 47.5515651 ] } },
{ "type": "Feature", "properties": { "PermitNum": "6750151-DM", "HousingUnitsRemoved": "1", "IssuedDate": "2019-12-20", "Latitude": 47.66925241, "Longitude": -122.37050753, "Location1": "(47.66925241, -122.37050753)" }, "geometry": { "type": "Point", "coordinates": [ -122.3705075, 47.6692524 ] } },
{ "type": "Feature", "properties": { "PermitNum": "6750534-DM", "HousingUnitsRemoved": "1", "IssuedDate": "2020-02-06", "Latitude": 47.6208162, "Longitude": -122.30446265, "Location1": "(47.6208162, -122.30446265)" }, "geometry": { "type": "Point", "coordinates": [ -122.3044627, 47.6208162 ] } },
{ "type": "Feature", "properties": { "PermitNum": "6750985-DM", "HousingUnitsRemoved": "1", "IssuedDate": "2022-03-23", "Latitude": 47.63070221, "Longitude": -122.3027236, "Location1": "(47.63070221, -122.3027236)" }, "geometry": { "type": "Point", "coordinates": [ -122.3027236, 47.6307022 ] } },
{ "type": "Feature", "properties": { "PermitNum": "6751350-DM", "HousingUnitsRemoved": "1", "IssuedDate": "2022-12-22", "Latitude": 47.53757832, "Longitude": -122.39379239, "Location1": "(47.53757832, -122.39379239)" }, "geometry": { "type": "Point", "coordinates": [ -122.3937924, 47.5375783 ] } },
{ "type": "Feature", "properties": { "PermitNum": "6792808-DM", "HousingUnitsRemoved": "1", "IssuedDate": "2020-09-08", "Latitude": 47.67648742, "Longitude": -122.27202565, "Location1": "(47.67648742, -122.27202565)" }, "geometry": { "type": "Point", "coordinates": [ -122.2720257, 47.6764874 ] } },
{ "type": "Feature", "properties": { "PermitNum": "6798587-DM", "HousingUnitsRemoved": "0", "IssuedDate": "2020-11-09", "Latitude": 47.60333628, "Longitude": -122.31582784, "Location1": "(47.60333628, -122.31582784)" }, "geometry": { "type": "Point", "coordinates": [ -122.3158278, 47.6033363 ] } },
{ "type": "Feature", "properties": { "PermitNum": "6798701-DM", "HousingUnitsRemoved": "1", "IssuedDate": "2020-12-11", "Latitude": 47.667704, "Longitude": -122.36800234, "Location1": "(47.667704, -122.36800234)" }, "geometry": { "type": "Point", "coordinates": [ -122.3680023, 47.667704 ] } },
{ "type": "Feature", "properties": { "PermitNum": "6798807-DM", "HousingUnitsRemoved": "1", "IssuedDate": "2020-11-09", "Latitude": 47.52852706, "Longitude": -122.35485754, "Location1": "(47.52852706, -122.35485754)" }, "geometry": { "type": "Point", "coordinates": [ -122.3548575, 47.5285271 ] } },
{ "type": "Feature", "properties": { "PermitNum": "6840645-DM", "HousingUnitsRemoved": "1", "IssuedDate": "2022-03-14", "Latitude": 47.68790712, "Longitude": -122.37818194, "Location1": "(47.68790712, -122.37818194)" }, "geometry": { "type": "Point", "coordinates": [ -122.3781819, 47.6879071 ] } },
{ "type": "Feature", "properties": { "PermitNum": "6840955-DM", "HousingUnitsRemoved": "1", "IssuedDate": "2021-08-13", "Latitude": 47.6121861, "Longitude": -122.31120474, "Location1": "(47.6121861, -122.31120474)" }, "geometry": { "type": "Point", "coordinates": [ -122.3112047, 47.6121861 ] } },
{ "type": "Feature", "properties": { "PermitNum": "6842029-DM", "HousingUnitsRemoved": "1", "IssuedDate": "2021-11-03", "Latitude": 47.70019906, "Longitude": -122.39263974000001, "Location1": "(47.70019906, -122.39263974)" }, "geometry": { "type": "Point", "coordinates": [ -122.3926397, 47.7001991 ] } },
{ "type": "Feature", "properties": { "PermitNum": "6844470-DM", "HousingUnitsRemoved": "1", "IssuedDate": "2022-03-31", "Latitude": 47.68721492, "Longitude": -122.29185099, "Location1": "(47.68721492, -122.29185099)" }, "geometry": { "type": "Point", "coordinates": [ -122.291851, 47.6872149 ] } },
{ "type": "Feature", "properties": { "PermitNum": "6846084-DM", "HousingUnitsRemoved": "1", "IssuedDate": "2021-08-19", "Latitude": 47.68040203, "Longitude": -122.36173257, "Location1": "(47.68040203, -122.36173257)" }, "geometry": { "type": "Point", "coordinates": [ -122.3617326, 47.680402 ] } },
{ "type": "Feature", "properties": { "PermitNum": "6890856-DM", "HousingUnitsRemoved": "1", "IssuedDate": "2022-09-13", "Latitude": 47.71592653, "Longitude": -122.28957478, "Location1": "(47.71592653, -122.28957478)" }, "geometry": { "type": "Point", "coordinates": [ -122.2895748, 47.7159265 ] } },
{ "type": "Feature", "properties": { "PermitNum": "6891184-DM", "HousingUnitsRemoved": "1", "IssuedDate": "2022-12-13", "Latitude": 47.65258467, "Longitude": -122.40201643, "Location1": "(47.65258467, -122.40201643)" }, "geometry": { "type": "Point", "coordinates": [ -122.4020164, 47.6525847 ] } },
{ "type": "Feature", "properties": { "PermitNum": "6893451-DM", "HousingUnitsRemoved": "", "IssuedDate": "2022-04-12", "Latitude": 47.5880324, "Longitude": -122.31532954, "Location1": "(47.5880324, -122.31532954)" }, "geometry": { "type": "Point", "coordinates": [ -122.3153295, 47.5880324 ] } },
{ "type": "Feature", "properties": { "PermitNum": "6896127-DM", "HousingUnitsRemoved": "", "IssuedDate": "2022-12-21", "Latitude": 47.67786531, "Longitude": -122.29139087, "Location1": "(47.67786531, -122.29139087)" }, "geometry": { "type": "Point", "coordinates": [ -122.2913909, 47.6778653 ] } },
{ "type": "Feature", "properties": { "PermitNum": "6740457-DM", "HousingUnitsRemoved": "", "IssuedDate": "2019-12-09", "Latitude": 47.68785821, "Longitude": -122.36234173, "Location1": "(47.68785821, -122.36234173)" }, "geometry": { "type": "Point", "coordinates": [ -122.3623417, 47.6878582 ] } },
{ "type": "Feature", "properties": { "PermitNum": "6740662-DM", "HousingUnitsRemoved": "", "IssuedDate": "2019-12-31", "Latitude": 47.70902115, "Longitude": -122.2845133, "Location1": "(47.70902115, -122.2845133)" }, "geometry": { "type": "Point", "coordinates": [ -122.2845133, 47.7090211 ] } },
{ "type": "Feature", "properties": { "PermitNum": "6742202-DM", "HousingUnitsRemoved": "", "IssuedDate": "2020-03-26", "Latitude": 47.67741168, "Longitude": -122.27211491, "Location1": "(47.67741168, -122.27211491)" }, "geometry": { "type": "Point", "coordinates": [ -122.2721149, 47.6774117 ] } },
{ "type": "Feature", "properties": { "PermitNum": "6742353-DM", "HousingUnitsRemoved": "", "IssuedDate": "2019-11-06", "Latitude": 47.66366805, "Longitude": -122.2755282, "Location1": "(47.66366805, -122.2755282)" }, "geometry": { "type": "Point", "coordinates": [ -122.2755282, 47.663668 ] } },
{ "type": "Feature", "properties": { "PermitNum": "6742380-DM", "HousingUnitsRemoved": "1", "IssuedDate": "2019-12-19", "Latitude": 47.68784484, "Longitude": -122.34888439, "Location1": "(47.68784484, -122.34888439)" }, "geometry": { "type": "Point", "coordinates": [ -122.3488844, 47.6878448 ] } },
{ "type": "Feature", "properties": { "PermitNum": "6743373-DM", "HousingUnitsRemoved": "1", "IssuedDate": "2020-08-12", "Latitude": 47.66807541, "Longitude": -122.36957237, "Location1": "(47.66807541, -122.36957237)" }, "geometry": { "type": "Point", "coordinates": [ -122.3695724, 47.6680754 ] } },
{ "type": "Feature", "properties": { "PermitNum": "6744076-DM", "HousingUnitsRemoved": "1", "IssuedDate": "2020-03-30", "Latitude": 47.5702416, "Longitude": -122.40926912, "Location1": "(47.5702416, -122.40926912)" }, "geometry": { "type": "Point", "coordinates": [ -122.4092691, 47.5702416 ] } },
{ "type": "Feature", "properties": { "PermitNum": "6786736-DM", "HousingUnitsRemoved": "1", "IssuedDate": "2021-11-10", "Latitude": 47.66475919, "Longitude": -122.27705692000001, "Location1": "(47.66475919, -122.27705692)" }, "geometry": { "type": "Point", "coordinates": [ -122.2770569, 47.6647592 ] } },
{ "type": "Feature", "properties": { "PermitNum": "6787540-DM", "HousingUnitsRemoved": "1", "IssuedDate": "2020-11-20", "Latitude": 47.63698037, "Longitude": -122.3529092, "Location1": "(47.63698037, -122.3529092)" }, "geometry": { "type": "Point", "coordinates": [ -122.3529092, 47.6369804 ] } },
{ "type": "Feature", "properties": { "PermitNum": "6791601-DM", "HousingUnitsRemoved": "1", "IssuedDate": "2021-08-27", "Latitude": 47.65655267, "Longitude": -122.27506408000001, "Location1": "(47.65655267, -122.27506408)" }, "geometry": { "type": "Point", "coordinates": [ -122.2750641, 47.6565527 ] } },
{ "type": "Feature", "properties": { "PermitNum": "6792153-DM", "HousingUnitsRemoved": "1", "IssuedDate": "2020-10-21", "Latitude": 47.69237927, "Longitude": -122.31934053000001, "Location1": "(47.69237927, -122.31934053)" }, "geometry": { "type": "Point", "coordinates": [ -122.3193405, 47.6923793 ] } },
{ "type": "Feature", "properties": { "PermitNum": "6835352-DM", "HousingUnitsRemoved": "", "IssuedDate": "2021-12-31", "Latitude": 47.62267993, "Longitude": -122.31436599, "Location1": "(47.62267993, -122.31436599)" }, "geometry": { "type": "Point", "coordinates": [ -122.314366, 47.6226799 ] } },
{ "type": "Feature", "properties": { "PermitNum": "6836830-DM", "HousingUnitsRemoved": "1", "IssuedDate": "2021-10-21", "Latitude": 47.65880785, "Longitude": -122.34934109, "Location1": "(47.65880785, -122.34934109)" }, "geometry": { "type": "Point", "coordinates": [ -122.3493411, 47.6588079 ] } },
{ "type": "Feature", "properties": { "PermitNum": "6838013-DM", "HousingUnitsRemoved": "1", "IssuedDate": "2021-11-30", "Latitude": 47.67146247, "Longitude": -122.3688361, "Location1": "(47.67146247, -122.3688361)" }, "geometry": { "type": "Point", "coordinates": [ -122.3688361, 47.6714625 ] } },
{ "type": "Feature", "properties": { "PermitNum": "6838525-DM", "HousingUnitsRemoved": "1", "IssuedDate": "2022-04-12", "Latitude": 47.69493596, "Longitude": -122.30179768000001, "Location1": "(47.69493596, -122.30179768)" }, "geometry": { "type": "Point", "coordinates": [ -122.3017977, 47.694936 ] } },
{ "type": "Feature", "properties": { "PermitNum": "6838542-DM", "HousingUnitsRemoved": "1", "IssuedDate": "2021-07-29", "Latitude": 47.67785163, "Longitude": -122.39493608, "Location1": "(47.67785163, -122.39493608)" }, "geometry": { "type": "Point", "coordinates": [ -122.3949361, 47.6778516 ] } },
{ "type": "Feature", "properties": { "PermitNum": "6838626-DM", "HousingUnitsRemoved": "", "IssuedDate": "2021-08-16", "Latitude": 47.62218901, "Longitude": -122.32586296, "Location1": "(47.62218901, -122.32586296)" }, "geometry": { "type": "Point", "coordinates": [ -122.325863, 47.622189 ] } },
{ "type": "Feature", "properties": { "PermitNum": "6885929-DM", "HousingUnitsRemoved": "1", "IssuedDate": "2022-07-01", "Latitude": 47.67908047, "Longitude": -122.30429615, "Location1": "(47.67908047, -122.30429615)" }, "geometry": { "type": "Point", "coordinates": [ -122.3042961, 47.6790805 ] } },
{ "type": "Feature", "properties": { "PermitNum": "6886174-DM", "HousingUnitsRemoved": "", "IssuedDate": "2022-03-21", "Latitude": 47.6594134, "Longitude": -122.33588943, "Location1": "(47.6594134, -122.33588943)" }, "geometry": { "type": "Point", "coordinates": [ -122.3358894, 47.6594134 ] } },
{ "type": "Feature", "properties": { "PermitNum": "6888946-DM", "HousingUnitsRemoved": "1", "IssuedDate": "2022-11-30", "Latitude": 47.70721951, "Longitude": -122.27765446, "Location1": "(47.70721951, -122.27765446)" }, "geometry": { "type": "Point", "coordinates": [ -122.2776545, 47.7072195 ] } },
{ "type": "Feature", "properties": { "PermitNum": "6692511-DM", "HousingUnitsRemoved": "", "IssuedDate": "2020-05-11", "Latitude": 47.6583032, "Longitude": -122.34826491, "Location1": "(47.6583032, -122.34826491)" }, "geometry": { "type": "Point", "coordinates": [ -122.3482649, 47.6583032 ] } },
{ "type": "Feature", "properties": { "PermitNum": "6693606-DM", "HousingUnitsRemoved": "1", "IssuedDate": "2018-11-19", "Latitude": 47.67441619, "Longitude": -122.35333884000001, "Location1": "(47.67441619, -122.35333884)" }, "geometry": { "type": "Point", "coordinates": [ -122.3533388, 47.6744162 ] } },
{ "type": "Feature", "properties": { "PermitNum": "6696139-DM", "HousingUnitsRemoved": "", "IssuedDate": "2019-08-01", "Latitude": 47.69073513, "Longitude": -122.39568323, "Location1": "(47.69073513, -122.39568323)" }, "geometry": { "type": "Point", "coordinates": [ -122.3956832, 47.6907351 ] } },
{ "type": "Feature", "properties": { "PermitNum": "6696417-DM", "HousingUnitsRemoved": "0", "IssuedDate": "2020-02-18", "Latitude": 47.65017462, "Longitude": -122.32040839, "Location1": "(47.65017462, -122.32040839)" }, "geometry": { "type": "Point", "coordinates": [ -122.3204084, 47.6501746 ] } },
{ "type": "Feature", "properties": { "PermitNum": "6735664-DM", "HousingUnitsRemoved": "1", "IssuedDate": "2020-07-21", "Latitude": 47.53909223, "Longitude": -122.28048169, "Location1": "(47.53909223, -122.28048169)" }, "geometry": { "type": "Point", "coordinates": [ -122.2804817, 47.5390922 ] } },
{ "type": "Feature", "properties": { "PermitNum": "6735698-DM", "HousingUnitsRemoved": "", "IssuedDate": "2021-04-20", "Latitude": 47.68946198, "Longitude": -122.3724767, "Location1": "(47.68946198, -122.3724767)" }, "geometry": { "type": "Point", "coordinates": [ -122.3724767, 47.689462 ] } },
{ "type": "Feature", "properties": { "PermitNum": "6735857-DM", "HousingUnitsRemoved": "", "IssuedDate": "2020-09-08", "Latitude": 47.51903831, "Longitude": -122.35756695000001, "Location1": "(47.51903831, -122.35756695)" }, "geometry": { "type": "Point", "coordinates": [ -122.357567, 47.5190383 ] } },
{ "type": "Feature", "properties": { "PermitNum": "6736167-DM", "HousingUnitsRemoved": "1", "IssuedDate": "2021-06-08", "Latitude": 47.59449877, "Longitude": -122.29686375, "Location1": "(47.59449877, -122.29686375)" }, "geometry": { "type": "Point", "coordinates": [ -122.2968637, 47.5944988 ] } },
{ "type": "Feature", "properties": { "PermitNum": "6736381-DM", "HousingUnitsRemoved": "1", "IssuedDate": "2021-07-20", "Latitude": 47.66849398, "Longitude": -122.25943048000001, "Location1": "(47.66849398, -122.25943048)" }, "geometry": { "type": "Point", "coordinates": [ -122.2594305, 47.668494 ] } },
{ "type": "Feature", "properties": { "PermitNum": "6736384-DM", "HousingUnitsRemoved": "", "IssuedDate": "2020-04-30", "Latitude": 47.65764754, "Longitude": -122.33179534, "Location1": "(47.65764754, -122.33179534)" }, "geometry": { "type": "Point", "coordinates": [ -122.3317953, 47.6576475 ] } },
{ "type": "Feature", "properties": { "PermitNum": "6736832-DM", "HousingUnitsRemoved": "0", "IssuedDate": "2019-06-26", "Latitude": 47.6258295, "Longitude": -122.31765678, "Location1": "(47.6258295, -122.31765678)" }, "geometry": { "type": "Point", "coordinates": [ -122.3176568, 47.6258295 ] } },
{ "type": "Feature", "properties": { "PermitNum": "6736872-DM", "HousingUnitsRemoved": "", "IssuedDate": "2021-03-26", "Latitude": 47.62497114, "Longitude": -122.30215195, "Location1": "(47.62497114, -122.30215195)" }, "geometry": { "type": "Point", "coordinates": [ -122.3021519, 47.6249711 ] } },
{ "type": "Feature", "properties": { "PermitNum": "6737769-DM", "HousingUnitsRemoved": "", "IssuedDate": "2019-07-15", "Latitude": 47.53140983, "Longitude": -122.32508206, "Location1": "(47.53140983, -122.32508206)" }, "geometry": { "type": "Point", "coordinates": [ -122.3250821, 47.5314098 ] } },
{ "type": "Feature", "properties": { "PermitNum": "6737933-DM", "HousingUnitsRemoved": "", "IssuedDate": "2020-01-16", "Latitude": 47.58611341, "Longitude": -122.31375447000001, "Location1": "(47.58611341, -122.31375447)" }, "geometry": { "type": "Point", "coordinates": [ -122.3137545, 47.5861134 ] } },
{ "type": "Feature", "properties": { "PermitNum": "6737937-DM", "HousingUnitsRemoved": "1", "IssuedDate": "2020-11-24", "Latitude": 47.69007845, "Longitude": -122.37244694, "Location1": "(47.69007845, -122.37244694)" }, "geometry": { "type": "Point", "coordinates": [ -122.3724469, 47.6900785 ] } },
{ "type": "Feature", "properties": { "PermitNum": "6737941-DM", "HousingUnitsRemoved": "1", "IssuedDate": "2020-09-29", "Latitude": 47.66997497, "Longitude": -122.37178945, "Location1": "(47.66997497, -122.37178945)" }, "geometry": { "type": "Point", "coordinates": [ -122.3717894, 47.669975 ] } },
{ "type": "Feature", "properties": { "PermitNum": "6737946-DM", "HousingUnitsRemoved": "1", "IssuedDate": "2019-12-16", "Latitude": 47.68783054, "Longitude": -122.3487377, "Location1": "(47.68783054, -122.3487377)" }, "geometry": { "type": "Point", "coordinates": [ -122.3487377, 47.6878305 ] } },
{ "type": "Feature", "properties": { "PermitNum": "6738473-DM", "HousingUnitsRemoved": "", "IssuedDate": "2020-03-17", "Latitude": 47.62760121, "Longitude": -122.32692732, "Location1": "(47.62760121, -122.32692732)" }, "geometry": { "type": "Point", "coordinates": [ -122.3269273, 47.6276012 ] } },
{ "type": "Feature", "properties": { "PermitNum": "6738746-DM", "HousingUnitsRemoved": "1", "IssuedDate": "2020-01-16", "Latitude": 47.55527485, "Longitude": -122.28809124, "Location1": "(47.55527485, -122.28809124)" }, "geometry": { "type": "Point", "coordinates": [ -122.2880912, 47.5552749 ] } },
{ "type": "Feature", "properties": { "PermitNum": "6778679-DM", "HousingUnitsRemoved": "", "IssuedDate": "2020-04-07", "Latitude": 47.72847138, "Longitude": -122.29123991, "Location1": "(47.72847138, -122.29123991)" }, "geometry": { "type": "Point", "coordinates": [ -122.2912399, 47.7284714 ] } },
{ "type": "Feature", "properties": { "PermitNum": "6780393-DM", "HousingUnitsRemoved": "1", "IssuedDate": "2020-07-09", "Latitude": 47.65112209, "Longitude": -122.39927931, "Location1": "(47.65112209, -122.39927931)" }, "geometry": { "type": "Point", "coordinates": [ -122.3992793, 47.6511221 ] } },
{ "type": "Feature", "properties": { "PermitNum": "6781058-DM", "HousingUnitsRemoved": "1", "IssuedDate": "2021-01-25", "Latitude": 47.68920175, "Longitude": -122.37014646, "Location1": "(47.68920175, -122.37014646)" }, "geometry": { "type": "Point", "coordinates": [ -122.3701465, 47.6892018 ] } },
{ "type": "Feature", "properties": { "PermitNum": "6781077-DM", "HousingUnitsRemoved": "0", "IssuedDate": "2020-09-04", "Latitude": 47.53362275, "Longitude": -122.27572972, "Location1": "(47.53362275, -122.27572972)" }, "geometry": { "type": "Point", "coordinates": [ -122.2757297, 47.5336227 ] } },
{ "type": "Feature", "properties": { "PermitNum": "6781564-DM", "HousingUnitsRemoved": "0", "IssuedDate": "2020-09-02", "Latitude": 47.65789058, "Longitude": -122.31528977000001, "Location1": "(47.65789058, -122.31528977)" }, "geometry": { "type": "Point", "coordinates": [ -122.3152898, 47.6578906 ] } },
{ "type": "Feature", "properties": { "PermitNum": "6590403-DM", "HousingUnitsRemoved": "0", "IssuedDate": "2018-02-13", "Latitude": 47.69198768, "Longitude": -122.30559373, "Location1": "(47.69198768, -122.30559373)" }, "geometry": { "type": "Point", "coordinates": [ -122.3055937, 47.6919877 ] } },
{ "type": "Feature", "properties": { "PermitNum": "6591229-DM", "HousingUnitsRemoved": "1", "IssuedDate": "2017-09-12", "Latitude": 47.65925295, "Longitude": -122.35058456, "Location1": "(47.65925295, -122.35058456)" }, "geometry": { "type": "Point", "coordinates": [ -122.3505846, 47.659253 ] } },
{ "type": "Feature", "properties": { "PermitNum": "6592656-DM", "HousingUnitsRemoved": "0", "IssuedDate": "2018-02-05", "Latitude": 47.69621669, "Longitude": -122.36972691, "Location1": "(47.69621669, -122.36972691)" }, "geometry": { "type": "Point", "coordinates": [ -122.3697269, 47.6962167 ] } },
{ "type": "Feature", "properties": { "PermitNum": "6593936-DM", "HousingUnitsRemoved": "1", "IssuedDate": "2017-09-03", "Latitude": 47.57527932, "Longitude": -122.4136758, "Location1": "(47.57527932, -122.4136758)" }, "geometry": { "type": "Point", "coordinates": [ -122.4136758, 47.5752793 ] } },
{ "type": "Feature", "properties": { "PermitNum": "6638960-DM", "HousingUnitsRemoved": "1", "IssuedDate": "2018-08-06", "Latitude": 47.58597297, "Longitude": -122.39363329, "Location1": "(47.58597297, -122.39363329)" }, "geometry": { "type": "Point", "coordinates": [ -122.3936333, 47.585973 ] } },
{ "type": "Feature", "properties": { "PermitNum": "6640618-DM", "HousingUnitsRemoved": "1", "IssuedDate": "2018-05-17", "Latitude": 47.67423686, "Longitude": -122.32983526, "Location1": "(47.67423686, -122.32983526)" }, "geometry": { "type": "Point", "coordinates": [ -122.3298353, 47.6742369 ] } },
{ "type": "Feature", "properties": { "PermitNum": "6641088-DM", "HousingUnitsRemoved": "1", "IssuedDate": "2018-09-24", "Latitude": 47.66485473, "Longitude": -122.34147001, "Location1": "(47.66485473, -122.34147001)" }, "geometry": { "type": "Point", "coordinates": [ -122.34147, 47.6648547 ] } },
{ "type": "Feature", "properties": { "PermitNum": "6641381-DM", "HousingUnitsRemoved": "1", "IssuedDate": "2018-07-02", "Latitude": 47.60279876, "Longitude": -122.30346269, "Location1": "(47.60279876, -122.30346269)" }, "geometry": { "type": "Point", "coordinates": [ -122.3034627, 47.6027988 ] } },
{ "type": "Feature", "properties": { "PermitNum": "6643318-DM", "HousingUnitsRemoved": "1", "IssuedDate": "2018-09-25", "Latitude": 47.62209065, "Longitude": -122.31851938, "Location1": "(47.62209065, -122.31851938)" }, "geometry": { "type": "Point", "coordinates": [ -122.3185194, 47.6220906 ] } },
{ "type": "Feature", "properties": { "PermitNum": "6643319-DM", "HousingUnitsRemoved": "1", "IssuedDate": "2018-09-24", "Latitude": 47.62209355, "Longitude": -122.31871161, "Location1": "(47.62209355, -122.31871161)" }, "geometry": { "type": "Point", "coordinates": [ -122.3187116, 47.6220936 ] } },
{ "type": "Feature", "properties": { "PermitNum": "6643414-DM", "HousingUnitsRemoved": "1", "IssuedDate": "2018-07-18", "Latitude": 47.6364956, "Longitude": -122.3174985, "Location1": "(47.6364956, -122.3174985)" }, "geometry": { "type": "Point", "coordinates": [ -122.3174985, 47.6364956 ] } },
{ "type": "Feature", "properties": { "PermitNum": "6693441-DM", "HousingUnitsRemoved": "", "IssuedDate": "2019-05-02", "Latitude": 47.66606556, "Longitude": -122.35476618, "Location1": "(47.66606556, -122.35476618)" }, "geometry": { "type": "Point", "coordinates": [ -122.3547662, 47.6660656 ] } },
{ "type": "Feature", "properties": { "PermitNum": "6693648-DM", "HousingUnitsRemoved": "1", "IssuedDate": "2019-09-25", "Latitude": 47.61781953, "Longitude": -122.30645621, "Location1": "(47.61781953, -122.30645621)" }, "geometry": { "type": "Point", "coordinates": [ -122.3064562, 47.6178195 ] } },
{ "type": "Feature", "properties": { "PermitNum": "6696626-DM", "HousingUnitsRemoved": "2", "IssuedDate": "2019-08-21", "Latitude": 47.66618073, "Longitude": -122.36932464, "Location1": "(47.66618073, -122.36932464)" }, "geometry": { "type": "Point", "coordinates": [ -122.3693246, 47.6661807 ] } },
{ "type": "Feature", "properties": { "PermitNum": "6698076-DM", "HousingUnitsRemoved": "1", "IssuedDate": "2019-09-16", "Latitude": 47.62701995, "Longitude": -122.35432367, "Location1": "(47.62701995, -122.35432367)" }, "geometry": { "type": "Point", "coordinates": [ -122.3543237, 47.6270199 ] } },
{ "type": "Feature", "properties": { "PermitNum": "6698310-DM", "HousingUnitsRemoved": "", "IssuedDate": "2020-02-13", "Latitude": 47.59970524, "Longitude": -122.29770664, "Location1": "(47.59970524, -122.29770664)" }, "geometry": { "type": "Point", "coordinates": [ -122.2977066, 47.5997052 ] } },
{ "type": "Feature", "properties": { "PermitNum": "6735686-DM", "HousingUnitsRemoved": "", "IssuedDate": "2020-04-13", "Latitude": 47.67367062, "Longitude": -122.38560079, "Location1": "(47.67367062, -122.38560079)" }, "geometry": { "type": "Point", "coordinates": [ -122.3856008, 47.6736706 ] } },
{ "type": "Feature", "properties": { "PermitNum": "6735700-DM", "HousingUnitsRemoved": "", "IssuedDate": "2021-04-26", "Latitude": 47.68958647, "Longitude": -122.37246025, "Location1": "(47.68958647, -122.37246025)" }, "geometry": { "type": "Point", "coordinates": [ -122.3724603, 47.6895865 ] } },
{ "type": "Feature", "properties": { "PermitNum": "6736318-DM", "HousingUnitsRemoved": "4", "IssuedDate": "2020-04-22", "Latitude": 47.67783234, "Longitude": -122.31867631, "Location1": "(47.67783234, -122.31867631)" }, "geometry": { "type": "Point", "coordinates": [ -122.3186763, 47.6778323 ] } },
{ "type": "Feature", "properties": { "PermitNum": "6737204-DM", "HousingUnitsRemoved": "1", "IssuedDate": "2019-11-08", "Latitude": 47.54304026, "Longitude": -122.37817967, "Location1": "(47.54304026, -122.37817967)" }, "geometry": { "type": "Point", "coordinates": [ -122.3781797, 47.5430403 ] } },
{ "type": "Feature", "properties": { "PermitNum": "6737939-DM", "HousingUnitsRemoved": "4", "IssuedDate": "2020-12-09", "Latitude": 47.6901992, "Longitude": -122.37242656, "Location1": "(47.6901992, -122.37242656)" }, "geometry": { "type": "Point", "coordinates": [ -122.3724266, 47.6901992 ] } },
{ "type": "Feature", "properties": { "PermitNum": "6737944-DM", "HousingUnitsRemoved": "1", "IssuedDate": "2019-11-09", "Latitude": 47.68676294, "Longitude": -122.34557291, "Location1": "(47.68676294, -122.34557291)" }, "geometry": { "type": "Point", "coordinates": [ -122.3455729, 47.6867629 ] } },
{ "type": "Feature", "properties": { "PermitNum": "6738189-DM", "HousingUnitsRemoved": "1", "IssuedDate": "2020-06-16", "Latitude": 47.56969547, "Longitude": -122.27677084, "Location1": "(47.56969547, -122.27677084)" }, "geometry": { "type": "Point", "coordinates": [ -122.2767708, 47.5696955 ] } },
{ "type": "Feature", "properties": { "PermitNum": "6739648-DM", "HousingUnitsRemoved": "", "IssuedDate": "2019-12-31", "Latitude": 47.65829085, "Longitude": -122.32598313, "Location1": "(47.65829085, -122.32598313)" }, "geometry": { "type": "Point", "coordinates": [ -122.3259831, 47.6582909 ] } },
{ "type": "Feature", "properties": { "PermitNum": "6778844-DM", "HousingUnitsRemoved": "1", "IssuedDate": "2020-04-17", "Latitude": 47.67109273, "Longitude": -122.37011085, "Location1": "(47.67109273, -122.37011085)" }, "geometry": { "type": "Point", "coordinates": [ -122.3701109, 47.6710927 ] } },
{ "type": "Feature", "properties": { "PermitNum": "6779555-DM", "HousingUnitsRemoved": "", "IssuedDate": "2021-10-13", "Latitude": 47.57233926, "Longitude": -122.37112364, "Location1": "(47.57233926, -122.37112364)" }, "geometry": { "type": "Point", "coordinates": [ -122.3711236, 47.5723393 ] } },
{ "type": "Feature", "properties": { "PermitNum": "6779625-DM", "HousingUnitsRemoved": "", "IssuedDate": "2020-05-11", "Latitude": 47.52573963, "Longitude": -122.28069918, "Location1": "(47.52573963, -122.28069918)" }, "geometry": { "type": "Point", "coordinates": [ -122.2806992, 47.5257396 ] } },
{ "type": "Feature", "properties": { "PermitNum": "6779711-DM", "HousingUnitsRemoved": "6", "IssuedDate": "2022-06-06", "Latitude": 47.64079362, "Longitude": -122.32377019, "Location1": "(47.64079362, -122.32377019)" }, "geometry": { "type": "Point", "coordinates": [ -122.3237702, 47.6407936 ] } },
{ "type": "Feature", "properties": { "PermitNum": "6781210-DM", "HousingUnitsRemoved": "", "IssuedDate": "2020-09-10", "Latitude": 47.65941724, "Longitude": -122.33831319, "Location1": "(47.65941724, -122.33831319)" }, "geometry": { "type": "Point", "coordinates": [ -122.3383132, 47.6594172 ] } },
{ "type": "Feature", "properties": { "PermitNum": "6782531-DM", "HousingUnitsRemoved": "1", "IssuedDate": "2020-07-17", "Latitude": 47.58163417, "Longitude": -122.38813675, "Location1": "(47.58163417, -122.38813675)" }, "geometry": { "type": "Point", "coordinates": [ -122.3881368, 47.5816342 ] } },
{ "type": "Feature", "properties": { "PermitNum": "6784975-DM", "HousingUnitsRemoved": "1", "IssuedDate": "2020-04-08", "Latitude": 47.63199807, "Longitude": -122.28101161, "Location1": "(47.63199807, -122.28101161)" }, "geometry": { "type": "Point", "coordinates": [ -122.2810116, 47.6319981 ] } },
{ "type": "Feature", "properties": { "PermitNum": "6828201-DM", "HousingUnitsRemoved": "1", "IssuedDate": "2021-06-16", "Latitude": 47.6048209, "Longitude": -122.29864956, "Location1": "(47.6048209, -122.29864956)" }, "geometry": { "type": "Point", "coordinates": [ -122.2986496, 47.6048209 ] } },
{ "type": "Feature", "properties": { "PermitNum": "6829959-DM", "HousingUnitsRemoved": "1", "IssuedDate": "2021-05-12", "Latitude": 47.61346274, "Longitude": -122.29518258, "Location1": "(47.61346274, -122.29518258)" }, "geometry": { "type": "Point", "coordinates": [ -122.2951826, 47.6134627 ] } },
{ "type": "Feature", "properties": { "PermitNum": "6829962-DM", "HousingUnitsRemoved": "0", "IssuedDate": "2022-02-19", "Latitude": 47.63894918, "Longitude": -122.39159435000001, "Location1": "(47.63894918, -122.39159435)" }, "geometry": { "type": "Point", "coordinates": [ -122.3915944, 47.6389492 ] } },
{ "type": "Feature", "properties": { "PermitNum": "6830096-DM", "HousingUnitsRemoved": "1", "IssuedDate": "2022-05-06", "Latitude": 47.61613703, "Longitude": -122.31460346, "Location1": "(47.61613703, -122.31460346)" }, "geometry": { "type": "Point", "coordinates": [ -122.3146035, 47.616137 ] } },
{ "type": "Feature", "properties": { "PermitNum": "6830377-DM", "HousingUnitsRemoved": "", "IssuedDate": "2021-08-31", "Latitude": 47.65034085, "Longitude": -122.33721191, "Location1": "(47.65034085, -122.33721191)" }, "geometry": { "type": "Point", "coordinates": [ -122.3372119, 47.6503408 ] } },
{ "type": "Feature", "properties": { "PermitNum": "6832431-DM", "HousingUnitsRemoved": "1", "IssuedDate": "2021-07-12", "Latitude": 47.50940089, "Longitude": -122.38465425, "Location1": "(47.50940089, -122.38465425)" }, "geometry": { "type": "Point", "coordinates": [ -122.3846542, 47.5094009 ] } },
{ "type": "Feature", "properties": { "PermitNum": "6832803-DM", "HousingUnitsRemoved": "2", "IssuedDate": "2022-04-04", "Latitude": 47.6754999, "Longitude": -122.3852029, "Location1": "(47.6754999, -122.3852029)" }, "geometry": { "type": "Point", "coordinates": [ -122.3852029, 47.6754999 ] } },
{ "type": "Feature", "properties": { "PermitNum": "6879846-DM", "HousingUnitsRemoved": "", "IssuedDate": "2022-03-03", "Latitude": 47.61244391, "Longitude": -122.29912543, "Location1": "(47.61244391, -122.29912543)" }, "geometry": { "type": "Point", "coordinates": [ -122.2991254, 47.6124439 ] } },
{ "type": "Feature", "properties": { "PermitNum": "6880515-DM", "HousingUnitsRemoved": "1", "IssuedDate": "2022-05-05", "Latitude": 47.69012208, "Longitude": -122.39061929, "Location1": "(47.69012208, -122.39061929)" }, "geometry": { "type": "Point", "coordinates": [ -122.3906193, 47.6901221 ] } },
{ "type": "Feature", "properties": { "PermitNum": "6938374-DM", "HousingUnitsRemoved": "", "IssuedDate": "2022-12-22", "Latitude": 47.66969766, "Longitude": -122.36753029, "Location1": "(47.66969766, -122.36753029)" }, "geometry": { "type": "Point", "coordinates": [ -122.3675303, 47.6696977 ] } },
{ "type": "Feature", "properties": { "PermitNum": "6775255-DM", "HousingUnitsRemoved": "", "IssuedDate": "2020-10-06", "Latitude": 47.60297273, "Longitude": -122.31728287, "Location1": "(47.60297273, -122.31728287)" }, "geometry": { "type": "Point", "coordinates": [ -122.3172829, 47.6029727 ] } },
{ "type": "Feature", "properties": { "PermitNum": "6775953-DM", "HousingUnitsRemoved": "1", "IssuedDate": "2020-03-13", "Latitude": 47.56892229, "Longitude": -122.28425255000001, "Location1": "(47.56892229, -122.28425255)" }, "geometry": { "type": "Point", "coordinates": [ -122.2842526, 47.5689223 ] } },
{ "type": "Feature", "properties": { "PermitNum": "6777662-DM", "HousingUnitsRemoved": "1", "IssuedDate": "2020-10-23", "Latitude": 47.69343677, "Longitude": -122.30928106, "Location1": "(47.69343677, -122.30928106)" }, "geometry": { "type": "Point", "coordinates": [ -122.3092811, 47.6934368 ] } },
{ "type": "Feature", "properties": { "PermitNum": "6778612-DM", "HousingUnitsRemoved": "1", "IssuedDate": "2020-07-21", "Latitude": 47.65674719, "Longitude": -122.35608547, "Location1": "(47.65674719, -122.35608547)" }, "geometry": { "type": "Point", "coordinates": [ -122.3560855, 47.6567472 ] } },
{ "type": "Feature", "properties": { "PermitNum": "6827506-DM", "HousingUnitsRemoved": "1", "IssuedDate": "2021-12-06", "Latitude": 47.65499594, "Longitude": -122.40257138, "Location1": "(47.65499594, -122.40257138)" }, "geometry": { "type": "Point", "coordinates": [ -122.4025714, 47.6549959 ] } },
{ "type": "Feature", "properties": { "PermitNum": "6827571-DM", "HousingUnitsRemoved": "0", "IssuedDate": "2021-06-22", "Latitude": 47.68662202, "Longitude": -122.33016146, "Location1": "(47.68662202, -122.33016146)" }, "geometry": { "type": "Point", "coordinates": [ -122.3301615, 47.686622 ] } },
{ "type": "Feature", "properties": { "PermitNum": "6875662-DM", "HousingUnitsRemoved": "1", "IssuedDate": "2022-08-27", "Latitude": 47.7034925, "Longitude": -122.34300501, "Location1": "(47.7034925, -122.34300501)" }, "geometry": { "type": "Point", "coordinates": [ -122.343005, 47.7034925 ] } },
{ "type": "Feature", "properties": { "PermitNum": "6878472-DM", "HousingUnitsRemoved": "1", "IssuedDate": "2022-10-26", "Latitude": 47.65368494, "Longitude": -122.33895216000001, "Location1": "(47.65368494, -122.33895216)" }, "geometry": { "type": "Point", "coordinates": [ -122.3389522, 47.6536849 ] } },
{ "type": "Feature", "properties": { "PermitNum": "6683582-DM", "HousingUnitsRemoved": "", "IssuedDate": "2018-11-07", "Latitude": 47.67091997, "Longitude": -122.29541147, "Location1": "(47.67091997, -122.29541147)" }, "geometry": { "type": "Point", "coordinates": [ -122.2954115, 47.67092 ] } },
{ "type": "Feature", "properties": { "PermitNum": "6683642-DM", "HousingUnitsRemoved": "", "IssuedDate": "2019-10-18", "Latitude": 47.59688392, "Longitude": -122.31029317, "Location1": "(47.59688392, -122.31029317)" }, "geometry": { "type": "Point", "coordinates": [ -122.3102932, 47.5968839 ] } },
{ "type": "Feature", "properties": { "PermitNum": "6685804-DM", "HousingUnitsRemoved": "", "IssuedDate": "2019-03-22", "Latitude": 47.68550196, "Longitude": -122.32093304, "Location1": "(47.68550196, -122.32093304)" }, "geometry": { "type": "Point", "coordinates": [ -122.320933, 47.685502 ] } },
{ "type": "Feature", "properties": { "PermitNum": "6722078-DM", "HousingUnitsRemoved": "1", "IssuedDate": "2019-12-11", "Latitude": 47.68286063, "Longitude": -122.33119603, "Location1": "(47.68286063, -122.33119603)" }, "geometry": { "type": "Point", "coordinates": [ -122.331196, 47.6828606 ] } },
{ "type": "Feature", "properties": { "PermitNum": "6722678-DM", "HousingUnitsRemoved": "5", "IssuedDate": "2019-12-11", "Latitude": 47.64170088, "Longitude": -122.32442152, "Location1": "(47.64170088, -122.32442152)" }, "geometry": { "type": "Point", "coordinates": [ -122.3244215, 47.6417009 ] } },
{ "type": "Feature", "properties": { "PermitNum": "6722929-DM", "HousingUnitsRemoved": "", "IssuedDate": "2020-09-09", "Latitude": 47.66703974, "Longitude": -122.28422424, "Location1": "(47.66703974, -122.28422424)" }, "geometry": { "type": "Point", "coordinates": [ -122.2842242, 47.6670397 ] } },
{ "type": "Feature", "properties": { "PermitNum": "6723872-DM", "HousingUnitsRemoved": "1", "IssuedDate": "2020-03-25", "Latitude": 47.55988388, "Longitude": -122.29177764000001, "Location1": "(47.55988388, -122.29177764)" }, "geometry": { "type": "Point", "coordinates": [ -122.2917776, 47.5598839 ] } },
{ "type": "Feature", "properties": { "PermitNum": "6725614-DM", "HousingUnitsRemoved": "1", "IssuedDate": "2020-06-02", "Latitude": 47.68170707, "Longitude": -122.29186574000001, "Location1": "(47.68170707, -122.29186574)" }, "geometry": { "type": "Point", "coordinates": [ -122.2918657, 47.6817071 ] } },
{ "type": "Feature", "properties": { "PermitNum": "6769391-DM", "HousingUnitsRemoved": "1", "IssuedDate": "2022-09-11", "Latitude": 47.68010183, "Longitude": -122.28853306000001, "Location1": "(47.68010183, -122.28853306)" }, "geometry": { "type": "Point", "coordinates": [ -122.2885331, 47.6801018 ] } },
{ "type": "Feature", "properties": { "PermitNum": "6770005-DM", "HousingUnitsRemoved": "", "IssuedDate": "2020-04-08", "Latitude": 47.56741966, "Longitude": -122.3690997, "Location1": "(47.56741966, -122.3690997)" }, "geometry": { "type": "Point", "coordinates": [ -122.3690997, 47.5674197 ] } },
{ "type": "Feature", "properties": { "PermitNum": "6771326-DM", "HousingUnitsRemoved": "1", "IssuedDate": "2021-08-20", "Latitude": 47.56530984, "Longitude": -122.36584542, "Location1": "(47.56530984, -122.36584542)" }, "geometry": { "type": "Point", "coordinates": [ -122.3658454, 47.5653098 ] } },
{ "type": "Feature", "properties": { "PermitNum": "6771358-DM", "HousingUnitsRemoved": "1", "IssuedDate": "2021-05-17", "Latitude": 47.5449945, "Longitude": -122.38478669, "Location1": "(47.5449945, -122.38478669)" }, "geometry": { "type": "Point", "coordinates": [ -122.3847867, 47.5449945 ] } },
{ "type": "Feature", "properties": { "PermitNum": "6771766-DM", "HousingUnitsRemoved": "", "IssuedDate": "2020-09-28", "Latitude": 47.61900771, "Longitude": -122.32190049, "Location1": "(47.61900771, -122.32190049)" }, "geometry": { "type": "Point", "coordinates": [ -122.3219005, 47.6190077 ] } },
{ "type": "Feature", "properties": { "PermitNum": "6771775-DM", "HousingUnitsRemoved": "", "IssuedDate": "2020-09-28", "Latitude": 47.61910801, "Longitude": -122.3219332, "Location1": "(47.61910801, -122.3219332)" }, "geometry": { "type": "Point", "coordinates": [ -122.3219332, 47.619108 ] } },
{ "type": "Feature", "properties": { "PermitNum": "6771880-DM", "HousingUnitsRemoved": "1", "IssuedDate": "2020-11-23", "Latitude": 47.66813034, "Longitude": -122.31446303, "Location1": "(47.66813034, -122.31446303)" }, "geometry": { "type": "Point", "coordinates": [ -122.314463, 47.6681303 ] } },
{ "type": "Feature", "properties": { "PermitNum": "6772823-DM", "HousingUnitsRemoved": "", "IssuedDate": "2021-10-13", "Latitude": 47.66944489, "Longitude": -122.29599429, "Location1": "(47.66944489, -122.29599429)" }, "geometry": { "type": "Point", "coordinates": [ -122.2959943, 47.6694449 ] } },
{ "type": "Feature", "properties": { "PermitNum": "6772830-DM", "HousingUnitsRemoved": "", "IssuedDate": "2020-10-28", "Latitude": 47.63681492, "Longitude": -122.36396083, "Location1": "(47.63681492, -122.36396083)" }, "geometry": { "type": "Point", "coordinates": [ -122.3639608, 47.6368149 ] } },
{ "type": "Feature", "properties": { "PermitNum": "6815909-DM", "HousingUnitsRemoved": "", "IssuedDate": "2021-07-20", "Latitude": 47.71832956, "Longitude": -122.36332238, "Location1": "(47.71832956, -122.36332238)" }, "geometry": { "type": "Point", "coordinates": [ -122.3633224, 47.7183296 ] } },
{ "type": "Feature", "properties": { "PermitNum": "6817374-DM", "HousingUnitsRemoved": "", "IssuedDate": "2021-03-10", "Latitude": 47.65044332, "Longitude": -122.345503, "Location1": "(47.65044332, -122.345503)" }, "geometry": { "type": "Point", "coordinates": [ -122.345503, 47.6504433 ] } },
{ "type": "Feature", "properties": { "PermitNum": "6685770-DM", "HousingUnitsRemoved": "", "IssuedDate": "2019-02-19", "Latitude": 47.52634269, "Longitude": -122.32680804, "Location1": "(47.52634269, -122.32680804)" }, "geometry": { "type": "Point", "coordinates": [ -122.326808, 47.5263427 ] } },
{ "type": "Feature", "properties": { "PermitNum": "6687164-DM", "HousingUnitsRemoved": "", "IssuedDate": "2019-01-07", "Latitude": 47.55215904, "Longitude": -122.28778758, "Location1": "(47.55215904, -122.28778758)" }, "geometry": { "type": "Point", "coordinates": [ -122.2877876, 47.552159 ] } },
{ "type": "Feature", "properties": { "PermitNum": "6723789-DM", "HousingUnitsRemoved": "1", "IssuedDate": "2020-03-06", "Latitude": 47.61329324, "Longitude": -122.30467075, "Location1": "(47.61329324, -122.30467075)" }, "geometry": { "type": "Point", "coordinates": [ -122.3046707, 47.6132932 ] } },
{ "type": "Feature", "properties": { "PermitNum": "6724353-DM", "HousingUnitsRemoved": "0", "IssuedDate": "2020-04-13", "Latitude": 47.65139375, "Longitude": -122.32031483, "Location1": "(47.65139375, -122.32031483)" }, "geometry": { "type": "Point", "coordinates": [ -122.3203148, 47.6513937 ] } },
{ "type": "Feature", "properties": { "PermitNum": "6724863-DM", "HousingUnitsRemoved": "", "IssuedDate": "2020-01-30", "Latitude": 47.61627403, "Longitude": -122.31246383, "Location1": "(47.61627403, -122.31246383)" }, "geometry": { "type": "Point", "coordinates": [ -122.3124638, 47.616274 ] } },
{ "type": "Feature", "properties": { "PermitNum": "6725444-DM", "HousingUnitsRemoved": "", "IssuedDate": "2020-06-22", "Latitude": 47.70506937, "Longitude": -122.37959898, "Location1": "(47.70506937, -122.37959898)" }, "geometry": { "type": "Point", "coordinates": [ -122.379599, 47.7050694 ] } },
{ "type": "Feature", "properties": { "PermitNum": "6725740-DM", "HousingUnitsRemoved": "", "IssuedDate": "2020-01-22", "Latitude": 47.64075452, "Longitude": -122.34415564, "Location1": "(47.64075452, -122.34415564)" }, "geometry": { "type": "Point", "coordinates": [ -122.3441556, 47.6407545 ] } },
{ "type": "Feature", "properties": { "PermitNum": "6726101-DM", "HousingUnitsRemoved": "1", "IssuedDate": "2019-08-18", "Latitude": 47.71245427, "Longitude": -122.32708108, "Location1": "(47.71245427, -122.32708108)" }, "geometry": { "type": "Point", "coordinates": [ -122.3270811, 47.7124543 ] } },
{ "type": "Feature", "properties": { "PermitNum": "6726346-DM", "HousingUnitsRemoved": "2", "IssuedDate": "2019-08-28", "Latitude": 47.71386269, "Longitude": -122.32632265, "Location1": "(47.71386269, -122.32632265)" }, "geometry": { "type": "Point", "coordinates": [ -122.3263226, 47.7138627 ] } },
{ "type": "Feature", "properties": { "PermitNum": "6727434-DM", "HousingUnitsRemoved": "0", "IssuedDate": "2021-05-04", "Latitude": 47.53853449, "Longitude": -122.35699922000001, "Location1": "(47.53853449, -122.35699922)" }, "geometry": { "type": "Point", "coordinates": [ -122.3569992, 47.5385345 ] } },
{ "type": "Feature", "properties": { "PermitNum": "6727450-DM", "HousingUnitsRemoved": "3", "IssuedDate": "2020-02-26", "Latitude": 47.63889401, "Longitude": -122.37119949, "Location1": "(47.63889401, -122.37119949)" }, "geometry": { "type": "Point", "coordinates": [ -122.3711995, 47.638894 ] } },
{ "type": "Feature", "properties": { "PermitNum": "6728243-DM", "HousingUnitsRemoved": "1", "IssuedDate": "2019-08-18", "Latitude": 47.71717657, "Longitude": -122.32399538, "Location1": "(47.71717657, -122.32399538)" }, "geometry": { "type": "Point", "coordinates": [ -122.3239954, 47.7171766 ] } },
{ "type": "Feature", "properties": { "PermitNum": "6769045-DM", "HousingUnitsRemoved": "1", "IssuedDate": "2020-09-21", "Latitude": 47.70918478, "Longitude": -122.35254334, "Location1": "(47.70918478, -122.35254334)" }, "geometry": { "type": "Point", "coordinates": [ -122.3525433, 47.7091848 ] } },
{ "type": "Feature", "properties": { "PermitNum": "6769388-DM", "HousingUnitsRemoved": "1", "IssuedDate": "2020-10-03", "Latitude": 47.68349314, "Longitude": -122.3491166, "Location1": "(47.68349314, -122.3491166)" }, "geometry": { "type": "Point", "coordinates": [ -122.3491166, 47.6834931 ] } },
{ "type": "Feature", "properties": { "PermitNum": "6770673-DM", "HousingUnitsRemoved": "0", "IssuedDate": "2022-07-05", "Latitude": 47.62573815, "Longitude": -122.35497739, "Location1": "(47.62573815, -122.35497739)" }, "geometry": { "type": "Point", "coordinates": [ -122.3549774, 47.6257381 ] } },
{ "type": "Feature", "properties": { "PermitNum": "6771508-DM", "HousingUnitsRemoved": "1", "IssuedDate": "2020-05-11", "Latitude": 47.67260357, "Longitude": -122.25879485, "Location1": "(47.67260357, -122.25879485)" }, "geometry": { "type": "Point", "coordinates": [ -122.2587949, 47.6726036 ] } },
{ "type": "Feature", "properties": { "PermitNum": "6771726-DM", "HousingUnitsRemoved": "", "IssuedDate": "2020-09-25", "Latitude": 47.61890767, "Longitude": -122.32188446000001, "Location1": "(47.61890767, -122.32188446)" }, "geometry": { "type": "Point", "coordinates": [ -122.3218845, 47.6189077 ] } },
{ "type": "Feature", "properties": { "PermitNum": "6821130-DM", "HousingUnitsRemoved": "", "IssuedDate": "2021-01-14", "Latitude": 47.7062114, "Longitude": -122.35498804, "Location1": "(47.7062114, -122.35498804)" }, "geometry": { "type": "Point", "coordinates": [ -122.354988, 47.7062114 ] } },
{ "type": "Feature", "properties": { "PermitNum": "6870415-DM", "HousingUnitsRemoved": "2", "IssuedDate": "2021-11-24", "Latitude": 47.60396742, "Longitude": -122.30163392, "Location1": "(47.60396742, -122.30163392)" }, "geometry": { "type": "Point", "coordinates": [ -122.3016339, 47.6039674 ] } },
{ "type": "Feature", "properties": { "PermitNum": "6871402-DM", "HousingUnitsRemoved": "1", "IssuedDate": "2022-11-21", "Latitude": 47.69838066, "Longitude": -122.31921234000001, "Location1": "(47.69838066, -122.31921234)" }, "geometry": { "type": "Point", "coordinates": [ -122.3192123, 47.6983807 ] } },
{ "type": "Feature", "properties": { "PermitNum": "6922219-DM", "HousingUnitsRemoved": "", "IssuedDate": "2022-12-01", "Latitude": 47.65929801, "Longitude": -122.33297689, "Location1": "(47.65929801, -122.33297689)" }, "geometry": { "type": "Point", "coordinates": [ -122.3329769, 47.659298 ] } },
{ "type": "Feature", "properties": { "PermitNum": "6675752-DM", "HousingUnitsRemoved": "", "IssuedDate": "2019-08-08", "Latitude": 47.6630819, "Longitude": -122.34777821, "Location1": "(47.6630819, -122.34777821)" }, "geometry": { "type": "Point", "coordinates": [ -122.3477782, 47.6630819 ] } },
{ "type": "Feature", "properties": { "PermitNum": "6675939-DM", "HousingUnitsRemoved": "", "IssuedDate": "2021-02-10", "Latitude": 47.65357971, "Longitude": -122.37330733, "Location1": "(47.65357971, -122.37330733)" }, "geometry": { "type": "Point", "coordinates": [ -122.3733073, 47.6535797 ] } },
{ "type": "Feature", "properties": { "PermitNum": "6676331-DM", "HousingUnitsRemoved": "", "IssuedDate": "2020-07-21", "Latitude": 47.61263693, "Longitude": -122.29971608, "Location1": "(47.61263693, -122.29971608)" }, "geometry": { "type": "Point", "coordinates": [ -122.2997161, 47.6126369 ] } },
{ "type": "Feature", "properties": { "PermitNum": "6677670-DM", "HousingUnitsRemoved": "", "IssuedDate": "2020-07-31", "Latitude": 47.71637253, "Longitude": -122.32114008000001, "Location1": "(47.71637253, -122.32114008)" }, "geometry": { "type": "Point", "coordinates": [ -122.3211401, 47.7163725 ] } },
{ "type": "Feature", "properties": { "PermitNum": "6679070-DM", "HousingUnitsRemoved": "", "IssuedDate": "2019-04-08", "Latitude": 47.60191626, "Longitude": -122.29974391, "Location1": "(47.60191626, -122.29974391)" }, "geometry": { "type": "Point", "coordinates": [ -122.2997439, 47.6019163 ] } },
{ "type": "Feature", "properties": { "PermitNum": "6680072-DM", "HousingUnitsRemoved": "", "IssuedDate": "2018-11-09", "Latitude": 47.66327096, "Longitude": -122.31871532, "Location1": "(47.66327096, -122.31871532)" }, "geometry": { "type": "Point", "coordinates": [ -122.3187153, 47.663271 ] } },
{ "type": "Feature", "properties": { "PermitNum": "6680544-DM", "HousingUnitsRemoved": "", "IssuedDate": "2019-10-23", "Latitude": 47.66236686, "Longitude": -122.34816765, "Location1": "(47.66236686, -122.34816765)" }, "geometry": { "type": "Point", "coordinates": [ -122.3481676, 47.6623669 ] } },
{ "type": "Feature", "properties": { "PermitNum": "6716987-DM", "HousingUnitsRemoved": "1", "IssuedDate": "2019-08-19", "Latitude": 47.66271476, "Longitude": -122.35253367, "Location1": "(47.66271476, -122.35253367)" }, "geometry": { "type": "Point", "coordinates": [ -122.3525337, 47.6627148 ] } },
{ "type": "Feature", "properties": { "PermitNum": "6717906-DM", "HousingUnitsRemoved": "", "IssuedDate": "2021-08-22", "Latitude": 47.5327513, "Longitude": -122.27895499, "Location1": "(47.5327513, -122.27895499)" }, "geometry": { "type": "Point", "coordinates": [ -122.278955, 47.5327513 ] } },
{ "type": "Feature", "properties": { "PermitNum": "6719295-DM", "HousingUnitsRemoved": "1", "IssuedDate": "2021-10-22", "Latitude": 47.71576491, "Longitude": -122.29510092, "Location1": "(47.71576491, -122.29510092)" }, "geometry": { "type": "Point", "coordinates": [ -122.2951009, 47.7157649 ] } },
{ "type": "Feature", "properties": { "PermitNum": "6677642-DM", "HousingUnitsRemoved": "", "IssuedDate": "2018-10-31", "Latitude": 47.6774454, "Longitude": -122.38670071, "Location1": "(47.6774454, -122.38670071)" }, "geometry": { "type": "Point", "coordinates": [ -122.3867007, 47.6774454 ] } },
{ "type": "Feature", "properties": { "PermitNum": "6678439-DM", "HousingUnitsRemoved": "", "IssuedDate": "2019-11-18", "Latitude": 47.58599545, "Longitude": -122.31390378, "Location1": "(47.58599545, -122.31390378)" }, "geometry": { "type": "Point", "coordinates": [ -122.3139038, 47.5859954 ] } },
{ "type": "Feature", "properties": { "PermitNum": "6678577-DM", "HousingUnitsRemoved": "", "IssuedDate": "2019-01-12", "Latitude": 47.53532541, "Longitude": -122.35002346, "Location1": "(47.53532541, -122.35002346)" }, "geometry": { "type": "Point", "coordinates": [ -122.3500235, 47.5353254 ] } },
{ "type": "Feature", "properties": { "PermitNum": "6717900-DM", "HousingUnitsRemoved": "", "IssuedDate": "2020-07-01", "Latitude": 47.66350501, "Longitude": -122.3198636, "Location1": "(47.66350501, -122.3198636)" }, "geometry": { "type": "Point", "coordinates": [ -122.3198636, 47.663505 ] } },
{ "type": "Feature", "properties": { "PermitNum": "6719657-DM", "HousingUnitsRemoved": "", "IssuedDate": "2020-07-09", "Latitude": 47.53402354, "Longitude": -122.38809997, "Location1": "(47.53402354, -122.38809997)" }, "geometry": { "type": "Point", "coordinates": [ -122.3881, 47.5340235 ] } },
{ "type": "Feature", "properties": { "PermitNum": "6720664-DM", "HousingUnitsRemoved": "5", "IssuedDate": "2020-02-05", "Latitude": 47.64844432, "Longitude": -122.36037361, "Location1": "(47.64844432, -122.36037361)" }, "geometry": { "type": "Point", "coordinates": [ -122.3603736, 47.6484443 ] } },
{ "type": "Feature", "properties": { "PermitNum": "6721105-DM", "HousingUnitsRemoved": "1", "IssuedDate": "2021-04-07", "Latitude": 47.62526453, "Longitude": -122.31603659, "Location1": "(47.62526453, -122.31603659)" }, "geometry": { "type": "Point", "coordinates": [ -122.3160366, 47.6252645 ] } },
{ "type": "Feature", "properties": { "PermitNum": "6721154-DM", "HousingUnitsRemoved": "0", "IssuedDate": "2019-07-02", "Latitude": 47.63842382, "Longitude": -122.4040827, "Location1": "(47.63842382, -122.4040827)" }, "geometry": { "type": "Point", "coordinates": [ -122.4040827, 47.6384238 ] } },
{ "type": "Feature", "properties": { "PermitNum": "6721664-DM", "HousingUnitsRemoved": "", "IssuedDate": "2020-06-04", "Latitude": 47.69051571, "Longitude": -122.30589448000001, "Location1": "(47.69051571, -122.30589448)" }, "geometry": { "type": "Point", "coordinates": [ -122.3058945, 47.6905157 ] } },
{ "type": "Feature", "properties": { "PermitNum": "6721819-DM", "HousingUnitsRemoved": "1", "IssuedDate": "2021-02-02", "Latitude": 47.53494779, "Longitude": -122.27881804, "Location1": "(47.53494779, -122.27881804)" }, "geometry": { "type": "Point", "coordinates": [ -122.278818, 47.5349478 ] } },
{ "type": "Feature", "properties": { "PermitNum": "6722044-DM", "HousingUnitsRemoved": "3", "IssuedDate": "2021-02-22", "Latitude": 47.6325582, "Longitude": -122.35354706, "Location1": "(47.6325582, -122.35354706)" }, "geometry": { "type": "Point", "coordinates": [ -122.3535471, 47.6325582 ] } },
{ "type": "Feature", "properties": { "PermitNum": "6722115-DM", "HousingUnitsRemoved": "1", "IssuedDate": "2019-08-26", "Latitude": 47.68583457, "Longitude": -122.38183346, "Location1": "(47.68583457, -122.38183346)" }, "geometry": { "type": "Point", "coordinates": [ -122.3818335, 47.6858346 ] } },
{ "type": "Feature", "properties": { "PermitNum": "6763934-DM", "HousingUnitsRemoved": "", "IssuedDate": "2021-02-16", "Latitude": 47.68690851, "Longitude": -122.39469856, "Location1": "(47.68690851, -122.39469856)" }, "geometry": { "type": "Point", "coordinates": [ -122.3946986, 47.6869085 ] } },
{ "type": "Feature", "properties": { "PermitNum": "6764128-DM", "HousingUnitsRemoved": "2", "IssuedDate": "2020-06-17", "Latitude": 47.57634514, "Longitude": -122.41566863, "Location1": "(47.57634514, -122.41566863)" }, "geometry": { "type": "Point", "coordinates": [ -122.4156686, 47.5763451 ] } },
{ "type": "Feature", "properties": { "PermitNum": "6765696-DM", "HousingUnitsRemoved": "", "IssuedDate": "2020-01-07", "Latitude": 47.52682399, "Longitude": -122.36079347, "Location1": "(47.52682399, -122.36079347)" }, "geometry": { "type": "Point", "coordinates": [ -122.3607935, 47.526824 ] } },
{ "type": "Feature", "properties": { "PermitNum": "6766467-DM", "HousingUnitsRemoved": "1", "IssuedDate": "2021-02-27", "Latitude": 47.68718312, "Longitude": -122.37760678, "Location1": "(47.68718312, -122.37760678)" }, "geometry": { "type": "Point", "coordinates": [ -122.3776068, 47.6871831 ] } },
{ "type": "Feature", "properties": { "PermitNum": "6767351-DM", "HousingUnitsRemoved": "2", "IssuedDate": "2021-06-03", "Latitude": 47.58788599, "Longitude": -122.30813974, "Location1": "(47.58788599, -122.30813974)" }, "geometry": { "type": "Point", "coordinates": [ -122.3081397, 47.587886 ] } },
{ "type": "Feature", "properties": { "PermitNum": "6812297-DM", "HousingUnitsRemoved": "1", "IssuedDate": "2021-06-28", "Latitude": 47.6955514, "Longitude": -122.29938337, "Location1": "(47.6955514, -122.29938337)" }, "geometry": { "type": "Point", "coordinates": [ -122.2993834, 47.6955514 ] } },
{ "type": "Feature", "properties": { "PermitNum": "6814623-DM", "HousingUnitsRemoved": "3", "IssuedDate": "2021-04-12", "Latitude": 47.67595507, "Longitude": -122.28781791, "Location1": "(47.67595507, -122.28781791)" }, "geometry": { "type": "Point", "coordinates": [ -122.2878179, 47.6759551 ] } },
{ "type": "Feature", "properties": { "PermitNum": "6815013-DM", "HousingUnitsRemoved": "2", "IssuedDate": "2021-04-12", "Latitude": 47.51853224, "Longitude": -122.27094788, "Location1": "(47.51853224, -122.27094788)" }, "geometry": { "type": "Point", "coordinates": [ -122.2709479, 47.5185322 ] } },
{ "type": "Feature", "properties": { "PermitNum": "6815614-DM", "HousingUnitsRemoved": "1", "IssuedDate": "2021-02-16", "Latitude": 47.61472768, "Longitude": -122.30722446, "Location1": "(47.61472768, -122.30722446)" }, "geometry": { "type": "Point", "coordinates": [ -122.3072245, 47.6147277 ] } },
{ "type": "Feature", "properties": { "PermitNum": "6815616-DM", "HousingUnitsRemoved": "", "IssuedDate": "2022-06-09", "Latitude": 47.69334827, "Longitude": -122.36109258, "Location1": "(47.69334827, -122.36109258)" }, "geometry": { "type": "Point", "coordinates": [ -122.3610926, 47.6933483 ] } },
{ "type": "Feature", "properties": { "PermitNum": "6816082-DM", "HousingUnitsRemoved": "", "IssuedDate": "2021-01-14", "Latitude": 47.68361158, "Longitude": -122.35189053000001, "Location1": "(47.68361158, -122.35189053)" }, "geometry": { "type": "Point", "coordinates": [ -122.3518905, 47.6836116 ] } },
{ "type": "Feature", "properties": { "PermitNum": "6816274-DM", "HousingUnitsRemoved": "1", "IssuedDate": "2021-08-25", "Latitude": 47.69981211, "Longitude": -122.34649662, "Location1": "(47.69981211, -122.34649662)" }, "geometry": { "type": "Point", "coordinates": [ -122.3464966, 47.6998121 ] } },
{ "type": "Feature", "properties": { "PermitNum": "6816298-DM", "HousingUnitsRemoved": "1", "IssuedDate": "2022-02-07", "Latitude": 47.51216115, "Longitude": -122.37768294, "Location1": "(47.51216115, -122.37768294)" }, "geometry": { "type": "Point", "coordinates": [ -122.3776829, 47.5121611 ] } },
{ "type": "Feature", "properties": { "PermitNum": "6816605-DM", "HousingUnitsRemoved": "1", "IssuedDate": "2021-06-18", "Latitude": 47.68450208, "Longitude": -122.38950874, "Location1": "(47.68450208, -122.38950874)" }, "geometry": { "type": "Point", "coordinates": [ -122.3895087, 47.6845021 ] } },
{ "type": "Feature", "properties": { "PermitNum": "6862647-DM", "HousingUnitsRemoved": "1", "IssuedDate": "2022-06-23", "Latitude": 47.69455501, "Longitude": -122.32056842, "Location1": "(47.69455501, -122.32056842)" }, "geometry": { "type": "Point", "coordinates": [ -122.3205684, 47.694555 ] } },
{ "type": "Feature", "properties": { "PermitNum": "6862746-DM", "HousingUnitsRemoved": "1", "IssuedDate": "2022-03-25", "Latitude": 47.68607385, "Longitude": -122.29517774, "Location1": "(47.68607385, -122.29517774)" }, "geometry": { "type": "Point", "coordinates": [ -122.2951777, 47.6860738 ] } },
{ "type": "Feature", "properties": { "PermitNum": "6864580-DM", "HousingUnitsRemoved": "1", "IssuedDate": "2022-04-14", "Latitude": 47.59636798, "Longitude": -122.29783241, "Location1": "(47.59636798, -122.29783241)" }, "geometry": { "type": "Point", "coordinates": [ -122.2978324, 47.596368 ] } },
{ "type": "Feature", "properties": { "PermitNum": "6865846-DM", "HousingUnitsRemoved": "", "IssuedDate": "2022-07-07", "Latitude": 47.69878413, "Longitude": -122.33917889, "Location1": "(47.69878413, -122.33917889)" }, "geometry": { "type": "Point", "coordinates": [ -122.3391789, 47.6987841 ] } },
{ "type": "Feature", "properties": { "PermitNum": "6909928-DM", "HousingUnitsRemoved": "1", "IssuedDate": "2022-09-27", "Latitude": 47.70104004, "Longitude": -122.31257645, "Location1": "(47.70104004, -122.31257645)" }, "geometry": { "type": "Point", "coordinates": [ -122.3125764, 47.70104 ] } },
{ "type": "Feature", "properties": { "PermitNum": "6911288-DM", "HousingUnitsRemoved": "", "IssuedDate": "2022-09-22", "Latitude": 47.68235906, "Longitude": -122.31619424, "Location1": "(47.68235906, -122.31619424)" }, "geometry": { "type": "Point", "coordinates": [ -122.3161942, 47.6823591 ] } },
{ "type": "Feature", "properties": { "PermitNum": "6912122-DM", "HousingUnitsRemoved": "", "IssuedDate": "2022-10-13", "Latitude": 47.69319516, "Longitude": -122.34872535, "Location1": "(47.69319516, -122.34872535)" }, "geometry": { "type": "Point", "coordinates": [ -122.3487253, 47.6931952 ] } },
{ "type": "Feature", "properties": { "PermitNum": "6912879-DM", "HousingUnitsRemoved": "", "IssuedDate": "2022-08-16", "Latitude": 47.6915733, "Longitude": -122.36276626, "Location1": "(47.6915733, -122.36276626)" }, "geometry": { "type": "Point", "coordinates": [ -122.3627663, 47.6915733 ] } },
{ "type": "Feature", "properties": { "PermitNum": "6914821-DM", "HousingUnitsRemoved": "", "IssuedDate": "2022-10-13", "Latitude": 47.67532958, "Longitude": -122.27056578, "Location1": "(47.67532958, -122.27056578)" }, "geometry": { "type": "Point", "coordinates": [ -122.2705658, 47.6753296 ] } },
{ "type": "Feature", "properties": { "PermitNum": "6671026-DM", "HousingUnitsRemoved": "", "IssuedDate": "2018-10-30", "Latitude": 47.65326781, "Longitude": -122.40326705, "Location1": "(47.65326781, -122.40326705)" }, "geometry": { "type": "Point", "coordinates": [ -122.403267, 47.6532678 ] } },
{ "type": "Feature", "properties": { "PermitNum": "6674562-DM", "HousingUnitsRemoved": "", "IssuedDate": "2020-02-06", "Latitude": 47.51942582, "Longitude": -122.37716581, "Location1": "(47.51942582, -122.37716581)" }, "geometry": { "type": "Point", "coordinates": [ -122.3771658, 47.5194258 ] } },
{ "type": "Feature", "properties": { "PermitNum": "6711083-DM", "HousingUnitsRemoved": "1", "IssuedDate": "2020-04-30", "Latitude": 47.63821599, "Longitude": -122.38866428, "Location1": "(47.63821599, -122.38866428)" }, "geometry": { "type": "Point", "coordinates": [ -122.3886643, 47.638216 ] } },
{ "type": "Feature", "properties": { "PermitNum": "6712765-DM", "HousingUnitsRemoved": "1", "IssuedDate": "2019-08-05", "Latitude": 47.54128433, "Longitude": -122.39553797000001, "Location1": "(47.54128433, -122.39553797)" }, "geometry": { "type": "Point", "coordinates": [ -122.395538, 47.5412843 ] } },
{ "type": "Feature", "properties": { "PermitNum": "6712791-DM", "HousingUnitsRemoved": "", "IssuedDate": "2019-05-13", "Latitude": 47.64449713, "Longitude": -122.40802817, "Location1": "(47.64449713, -122.40802817)" }, "geometry": { "type": "Point", "coordinates": [ -122.4080282, 47.6444971 ] } },
{ "type": "Feature", "properties": { "PermitNum": "6712806-DM", "HousingUnitsRemoved": "1", "IssuedDate": "2020-01-04", "Latitude": 47.67907031, "Longitude": -122.27338523, "Location1": "(47.67907031, -122.27338523)" }, "geometry": { "type": "Point", "coordinates": [ -122.2733852, 47.6790703 ] } },
{ "type": "Feature", "properties": { "PermitNum": "6713352-DM", "HousingUnitsRemoved": "1", "IssuedDate": "2019-10-22", "Latitude": 47.69416482, "Longitude": -122.29784057000001, "Location1": "(47.69416482, -122.29784057)" }, "geometry": { "type": "Point", "coordinates": [ -122.2978406, 47.6941648 ] } },
{ "type": "Feature", "properties": { "PermitNum": "6713701-DM", "HousingUnitsRemoved": "", "IssuedDate": "2020-04-21", "Latitude": 47.56717215, "Longitude": -122.28930684, "Location1": "(47.56717215, -122.28930684)" }, "geometry": { "type": "Point", "coordinates": [ -122.2893068, 47.5671721 ] } },
{ "type": "Feature", "properties": { "PermitNum": "6714398-DM", "HousingUnitsRemoved": "", "IssuedDate": "2019-03-30", "Latitude": 47.60732932, "Longitude": -122.30453229, "Location1": "(47.60732932, -122.30453229)" }, "geometry": { "type": "Point", "coordinates": [ -122.3045323, 47.6073293 ] } },
{ "type": "Feature", "properties": { "PermitNum": "6715222-DM", "HousingUnitsRemoved": "1", "IssuedDate": "2020-02-11", "Latitude": 47.69084643, "Longitude": -122.32465984, "Location1": "(47.69084643, -122.32465984)" }, "geometry": { "type": "Point", "coordinates": [ -122.3246598, 47.6908464 ] } },
{ "type": "Feature", "properties": { "PermitNum": "6798050-DM", "HousingUnitsRemoved": "1", "IssuedDate": "2021-09-09", "Latitude": 47.66965009, "Longitude": -122.36951533, "Location1": "(47.66965009, -122.36951533)" }, "geometry": { "type": "Point", "coordinates": [ -122.3695153, 47.6696501 ] } },
{ "type": "Feature", "properties": { "PermitNum": "6800846-DM", "HousingUnitsRemoved": "", "IssuedDate": "2021-04-21", "Latitude": 47.59309038, "Longitude": -122.29712147, "Location1": "(47.59309038, -122.29712147)" }, "geometry": { "type": "Point", "coordinates": [ -122.2971215, 47.5930904 ] } },
{ "type": "Feature", "properties": { "PermitNum": "6801651-DM", "HousingUnitsRemoved": "", "IssuedDate": "2020-09-29", "Latitude": 47.67460874, "Longitude": -122.3647375, "Location1": "(47.67460874, -122.3647375)" }, "geometry": { "type": "Point", "coordinates": [ -122.3647375, 47.6746087 ] } },
{ "type": "Feature", "properties": { "PermitNum": "6845472-DM", "HousingUnitsRemoved": "0", "IssuedDate": "2022-01-03", "Latitude": 47.54181231, "Longitude": -122.39497966, "Location1": "(47.54181231, -122.39497966)" }, "geometry": { "type": "Point", "coordinates": [ -122.3949797, 47.5418123 ] } },
{ "type": "Feature", "properties": { "PermitNum": "6847229-DM", "HousingUnitsRemoved": "", "IssuedDate": "2021-10-12", "Latitude": 47.67775913, "Longitude": -122.30004106, "Location1": "(47.67775913, -122.30004106)" }, "geometry": { "type": "Point", "coordinates": [ -122.3000411, 47.6777591 ] } },
{ "type": "Feature", "properties": { "PermitNum": "6848379-DM", "HousingUnitsRemoved": "", "IssuedDate": "2022-03-02", "Latitude": 47.68923661, "Longitude": -122.37198626, "Location1": "(47.68923661, -122.37198626)" }, "geometry": { "type": "Point", "coordinates": [ -122.3719863, 47.6892366 ] } },
{ "type": "Feature", "properties": { "PermitNum": "6848647-DM", "HousingUnitsRemoved": "1", "IssuedDate": "2022-01-12", "Latitude": 47.6806247, "Longitude": -122.2917706, "Location1": "(47.6806247, -122.2917706)" }, "geometry": { "type": "Point", "coordinates": [ -122.2917706, 47.6806247 ] } },
{ "type": "Feature", "properties": { "PermitNum": "6900518-DM", "HousingUnitsRemoved": "0", "IssuedDate": "2022-11-03", "Latitude": 47.65730181, "Longitude": -122.34440827, "Location1": "(47.65730181, -122.34440827)" }, "geometry": { "type": "Point", "coordinates": [ -122.3444083, 47.6573018 ] } },
{ "type": "Feature", "properties": { "PermitNum": "6902356-DM", "HousingUnitsRemoved": "", "IssuedDate": "2022-06-02", "Latitude": 47.58000024, "Longitude": -122.40376198, "Location1": "(47.58000024, -122.40376198)" }, "geometry": { "type": "Point", "coordinates": [ -122.403762, 47.5800002 ] } },
{ "type": "Feature", "properties": { "PermitNum": "6903181-DM", "HousingUnitsRemoved": "", "IssuedDate": "2022-06-27", "Latitude": 47.71510883, "Longitude": -122.28423812, "Location1": "(47.71510883, -122.28423812)" }, "geometry": { "type": "Point", "coordinates": [ -122.2842381, 47.7151088 ] } },
{ "type": "Feature", "properties": { "PermitNum": "6699193-DM", "HousingUnitsRemoved": "0", "IssuedDate": "2020-01-09", "Latitude": 47.69602691, "Longitude": -122.31730094, "Location1": "(47.69602691, -122.31730094)" }, "geometry": { "type": "Point", "coordinates": [ -122.3173009, 47.6960269 ] } },
{ "type": "Feature", "properties": { "PermitNum": "6701160-DM", "HousingUnitsRemoved": "1", "IssuedDate": "2019-12-12", "Latitude": 47.54969976, "Longitude": -122.3827013, "Location1": "(47.54969976, -122.3827013)" }, "geometry": { "type": "Point", "coordinates": [ -122.3827013, 47.5496998 ] } },
{ "type": "Feature", "properties": { "PermitNum": "6702095-DM", "HousingUnitsRemoved": "0", "IssuedDate": "2019-10-28", "Latitude": 47.52009207, "Longitude": -122.26505776, "Location1": "(47.52009207, -122.26505776)" }, "geometry": { "type": "Point", "coordinates": [ -122.2650578, 47.5200921 ] } },
{ "type": "Feature", "properties": { "PermitNum": "6703408-DM", "HousingUnitsRemoved": "1", "IssuedDate": "2020-11-25", "Latitude": 47.57042153, "Longitude": -122.40894608000001, "Location1": "(47.57042153, -122.40894608)" }, "geometry": { "type": "Point", "coordinates": [ -122.4089461, 47.5704215 ] } },
{ "type": "Feature", "properties": { "PermitNum": "6741448-DM", "HousingUnitsRemoved": "1", "IssuedDate": "2021-02-01", "Latitude": 47.62637874, "Longitude": -122.3245492, "Location1": "(47.62637874, -122.3245492)" }, "geometry": { "type": "Point", "coordinates": [ -122.3245492, 47.6263787 ] } },
{ "type": "Feature", "properties": { "PermitNum": "6741632-DM", "HousingUnitsRemoved": "", "IssuedDate": "2020-02-14", "Latitude": 47.68949074, "Longitude": -122.32055523, "Location1": "(47.68949074, -122.32055523)" }, "geometry": { "type": "Point", "coordinates": [ -122.3205552, 47.6894907 ] } },
{ "type": "Feature", "properties": { "PermitNum": "6742760-DM", "HousingUnitsRemoved": "1", "IssuedDate": "2019-07-19", "Latitude": 47.66460182, "Longitude": -122.3506631, "Location1": "(47.66460182, -122.3506631)" }, "geometry": { "type": "Point", "coordinates": [ -122.3506631, 47.6646018 ] } },
{ "type": "Feature", "properties": { "PermitNum": "6743336-DM", "HousingUnitsRemoved": "1", "IssuedDate": "2019-09-05", "Latitude": 47.66809271, "Longitude": -122.36723129000001, "Location1": "(47.66809271, -122.36723129)" }, "geometry": { "type": "Point", "coordinates": [ -122.3672313, 47.6680927 ] } },
{ "type": "Feature", "properties": { "PermitNum": "6743714-DM", "HousingUnitsRemoved": "", "IssuedDate": "2020-02-25", "Latitude": 47.54025657, "Longitude": -122.28327332000001, "Location1": "(47.54025657, -122.28327332)" }, "geometry": { "type": "Point", "coordinates": [ -122.2832733, 47.5402566 ] } },
{ "type": "Feature", "properties": { "PermitNum": "6743849-DM", "HousingUnitsRemoved": "2", "IssuedDate": "2021-07-28", "Latitude": 47.5479094, "Longitude": -122.38662003, "Location1": "(47.5479094, -122.38662003)" }, "geometry": { "type": "Point", "coordinates": [ -122.38662, 47.5479094 ] } },
{ "type": "Feature", "properties": { "PermitNum": "6744750-DM", "HousingUnitsRemoved": "0", "IssuedDate": "2019-05-15", "Latitude": 47.69170417, "Longitude": -122.3246348, "Location1": "(47.69170417, -122.3246348)" }, "geometry": { "type": "Point", "coordinates": [ -122.3246348, 47.6917042 ] } },
{ "type": "Feature", "properties": { "PermitNum": "6787815-DM", "HousingUnitsRemoved": "", "IssuedDate": "2020-06-22", "Latitude": 47.60315941, "Longitude": -122.31531656, "Location1": "(47.60315941, -122.31531656)" }, "geometry": { "type": "Point", "coordinates": [ -122.3153166, 47.6031594 ] } },
{ "type": "Feature", "properties": { "PermitNum": "6787947-DM", "HousingUnitsRemoved": "", "IssuedDate": "2021-09-02", "Latitude": 47.67742037, "Longitude": -122.27055167, "Location1": "(47.67742037, -122.27055167)" }, "geometry": { "type": "Point", "coordinates": [ -122.2705517, 47.6774204 ] } },
{ "type": "Feature", "properties": { "PermitNum": "6789339-DM", "HousingUnitsRemoved": "", "IssuedDate": "2020-06-05", "Latitude": 47.60332475, "Longitude": -122.31540495, "Location1": "(47.60332475, -122.31540495)" }, "geometry": { "type": "Point", "coordinates": [ -122.315405, 47.6033247 ] } },
{ "type": "Feature", "properties": { "PermitNum": "6791102-DM", "HousingUnitsRemoved": "1", "IssuedDate": "2020-09-08", "Latitude": 47.65766021, "Longitude": -122.34328575000001, "Location1": "(47.65766021, -122.34328575)" }, "geometry": { "type": "Point", "coordinates": [ -122.3432858, 47.6576602 ] } },
{ "type": "Feature", "properties": { "PermitNum": "6836094-DM", "HousingUnitsRemoved": "1", "IssuedDate": "2021-08-11", "Latitude": 47.6885239, "Longitude": -122.28201599, "Location1": "(47.6885239, -122.28201599)" }, "geometry": { "type": "Point", "coordinates": [ -122.282016, 47.6885239 ] } },
{ "type": "Feature", "properties": { "PermitNum": "6836590-DM", "HousingUnitsRemoved": "1", "IssuedDate": "2022-09-06", "Latitude": 47.57650786, "Longitude": -122.31709217, "Location1": "(47.57650786, -122.31709217)" }, "geometry": { "type": "Point", "coordinates": [ -122.3170922, 47.5765079 ] } },
{ "type": "Feature", "properties": { "PermitNum": "6836668-DM", "HousingUnitsRemoved": "", "IssuedDate": "2021-05-17", "Latitude": 47.54688403, "Longitude": -122.27516768, "Location1": "(47.54688403, -122.27516768)" }, "geometry": { "type": "Point", "coordinates": [ -122.2751677, 47.546884 ] } },
{ "type": "Feature", "properties": { "PermitNum": "6836718-DM", "HousingUnitsRemoved": "", "IssuedDate": "2021-05-06", "Latitude": 47.61442544, "Longitude": -122.29386189, "Location1": "(47.61442544, -122.29386189)" }, "geometry": { "type": "Point", "coordinates": [ -122.2938619, 47.6144254 ] } },
{ "type": "Feature", "properties": { "PermitNum": "6836725-DM", "HousingUnitsRemoved": "1", "IssuedDate": "2022-03-22", "Latitude": 47.70237195, "Longitude": -122.37041564, "Location1": "(47.70237195, -122.37041564)" }, "geometry": { "type": "Point", "coordinates": [ -122.3704156, 47.7023719 ] } },
{ "type": "Feature", "properties": { "PermitNum": "6837346-DM", "HousingUnitsRemoved": "", "IssuedDate": "2021-05-17", "Latitude": 47.65753163, "Longitude": -122.33665845, "Location1": "(47.65753163, -122.33665845)" }, "geometry": { "type": "Point", "coordinates": [ -122.3366585, 47.6575316 ] } },
{ "type": "Feature", "properties": { "PermitNum": "6838015-DM", "HousingUnitsRemoved": "1", "IssuedDate": "2021-09-01", "Latitude": 47.55312356, "Longitude": -122.26903271, "Location1": "(47.55312356, -122.26903271)" }, "geometry": { "type": "Point", "coordinates": [ -122.2690327, 47.5531236 ] } },
{ "type": "Feature", "properties": { "PermitNum": "6838581-DM", "HousingUnitsRemoved": "1", "IssuedDate": "2021-09-20", "Latitude": 47.65860236, "Longitude": -122.34107069, "Location1": "(47.65860236, -122.34107069)" }, "geometry": { "type": "Point", "coordinates": [ -122.3410707, 47.6586024 ] } },
{ "type": "Feature", "properties": { "PermitNum": "6840610-DM", "HousingUnitsRemoved": "", "IssuedDate": "2021-08-18", "Latitude": 47.52207738, "Longitude": -122.3242103, "Location1": "(47.52207738, -122.3242103)" }, "geometry": { "type": "Point", "coordinates": [ -122.3242103, 47.5220774 ] } },
{ "type": "Feature", "properties": { "PermitNum": "6695508-DM", "HousingUnitsRemoved": "", "IssuedDate": "2019-07-22", "Latitude": 47.64783162, "Longitude": -122.40547461, "Location1": "(47.64783162, -122.40547461)" }, "geometry": { "type": "Point", "coordinates": [ -122.4054746, 47.6478316 ] } },
{ "type": "Feature", "properties": { "PermitNum": "6696364-DM", "HousingUnitsRemoved": "", "IssuedDate": "2019-09-09", "Latitude": 47.53044277, "Longitude": -122.26452268, "Location1": "(47.53044277, -122.26452268)" }, "geometry": { "type": "Point", "coordinates": [ -122.2645227, 47.5304428 ] } },
{ "type": "Feature", "properties": { "PermitNum": "6696504-DM", "HousingUnitsRemoved": "0", "IssuedDate": "2019-04-08", "Latitude": 47.62015048, "Longitude": -122.30976644, "Location1": "(47.62015048, -122.30976644)" }, "geometry": { "type": "Point", "coordinates": [ -122.3097664, 47.6201505 ] } },
{ "type": "Feature", "properties": { "PermitNum": "6697193-DM", "HousingUnitsRemoved": "", "IssuedDate": "2019-06-28", "Latitude": 47.6834415, "Longitude": -122.32876385, "Location1": "(47.6834415, -122.32876385)" }, "geometry": { "type": "Point", "coordinates": [ -122.3287639, 47.6834415 ] } },
{ "type": "Feature", "properties": { "PermitNum": "6697380-DM", "HousingUnitsRemoved": "", "IssuedDate": "2019-04-23", "Latitude": 47.62171256, "Longitude": -122.3139387, "Location1": "(47.62171256, -122.3139387)" }, "geometry": { "type": "Point", "coordinates": [ -122.3139387, 47.6217126 ] } },
{ "type": "Feature", "properties": { "PermitNum": "6736344-DM", "HousingUnitsRemoved": "1", "IssuedDate": "2020-05-21", "Latitude": 47.65493877, "Longitude": -122.38629182, "Location1": "(47.65493877, -122.38629182)" }, "geometry": { "type": "Point", "coordinates": [ -122.3862918, 47.6549388 ] } },
{ "type": "Feature", "properties": { "PermitNum": "6736388-DM", "HousingUnitsRemoved": "", "IssuedDate": "2022-12-21", "Latitude": 47.66999203, "Longitude": -122.38150069, "Location1": "(47.66999203, -122.38150069)" }, "geometry": { "type": "Point", "coordinates": [ -122.3815007, 47.669992 ] } },
{ "type": "Feature", "properties": { "PermitNum": "6738479-DM", "HousingUnitsRemoved": "1", "IssuedDate": "2021-03-02", "Latitude": 47.6674034, "Longitude": -122.31160249, "Location1": "(47.6674034, -122.31160249)" }, "geometry": { "type": "Point", "coordinates": [ -122.3116025, 47.6674034 ] } },
{ "type": "Feature", "properties": { "PermitNum": "6738655-DM", "HousingUnitsRemoved": "", "IssuedDate": "2021-01-14", "Latitude": 47.66398417, "Longitude": -122.30695422, "Location1": "(47.66398417, -122.30695422)" }, "geometry": { "type": "Point", "coordinates": [ -122.3069542, 47.6639842 ] } },
{ "type": "Feature", "properties": { "PermitNum": "6738744-DM", "HousingUnitsRemoved": "", "IssuedDate": "2019-12-07", "Latitude": 47.62628195, "Longitude": -122.314934, "Location1": "(47.62628195, -122.314934)" }, "geometry": { "type": "Point", "coordinates": [ -122.314934, 47.6262819 ] } },
{ "type": "Feature", "properties": { "PermitNum": "6739661-DM", "HousingUnitsRemoved": "0", "IssuedDate": "2022-01-31", "Latitude": 47.54621928, "Longitude": -122.25846979000001, "Location1": "(47.54621928, -122.25846979)" }, "geometry": { "type": "Point", "coordinates": [ -122.2584698, 47.5462193 ] } },
{ "type": "Feature", "properties": { "PermitNum": "6739918-DM", "HousingUnitsRemoved": "", "IssuedDate": "2020-04-27", "Latitude": 47.66624959, "Longitude": -122.37031522, "Location1": "(47.66624959, -122.37031522)" }, "geometry": { "type": "Point", "coordinates": [ -122.3703152, 47.6662496 ] } },
{ "type": "Feature", "properties": { "PermitNum": "6780630-DM", "HousingUnitsRemoved": "0", "IssuedDate": "2020-10-06", "Latitude": 47.54012977, "Longitude": -122.26488638, "Location1": "(47.54012977, -122.26488638)" }, "geometry": { "type": "Point", "coordinates": [ -122.2648864, 47.5401298 ] } },
{ "type": "Feature", "properties": { "PermitNum": "6781115-DM", "HousingUnitsRemoved": "1", "IssuedDate": "2022-06-23", "Latitude": 47.53742909, "Longitude": -122.39636654, "Location1": "(47.53742909, -122.39636654)" }, "geometry": { "type": "Point", "coordinates": [ -122.3963665, 47.5374291 ] } },
{ "type": "Feature", "properties": { "PermitNum": "6781426-DM", "HousingUnitsRemoved": "1", "IssuedDate": "2021-07-26", "Latitude": 47.67833075, "Longitude": -122.30088425, "Location1": "(47.67833075, -122.30088425)" }, "geometry": { "type": "Point", "coordinates": [ -122.3008842, 47.6783308 ] } },
{ "type": "Feature", "properties": { "PermitNum": "6781950-DM", "HousingUnitsRemoved": "0", "IssuedDate": "2020-10-30", "Latitude": 47.54030164, "Longitude": -122.26492822, "Location1": "(47.54030164, -122.26492822)" }, "geometry": { "type": "Point", "coordinates": [ -122.2649282, 47.5403016 ] } },
{ "type": "Feature", "properties": { "PermitNum": "6781981-DM", "HousingUnitsRemoved": "", "IssuedDate": "2021-11-01", "Latitude": 47.68892366, "Longitude": -122.37175618000001, "Location1": "(47.68892366, -122.37175618)" }, "geometry": { "type": "Point", "coordinates": [ -122.3717562, 47.6889237 ] } },
{ "type": "Feature", "properties": { "PermitNum": "6782502-DM", "HousingUnitsRemoved": "0", "IssuedDate": "2020-05-12", "Latitude": 47.64684499, "Longitude": -122.37331624, "Location1": "(47.64684499, -122.37331624)" }, "geometry": { "type": "Point", "coordinates": [ -122.3733162, 47.646845 ] } },
{ "type": "Feature", "properties": { "PermitNum": "6786328-DM", "HousingUnitsRemoved": "", "IssuedDate": "2020-07-10", "Latitude": 47.61872858, "Longitude": -122.295614, "Location1": "(47.61872858, -122.295614)" }, "geometry": { "type": "Point", "coordinates": [ -122.295614, 47.6187286 ] } },
{ "type": "Feature", "properties": { "PermitNum": "6786742-DM", "HousingUnitsRemoved": "1", "IssuedDate": "2020-11-02", "Latitude": 47.68303364, "Longitude": -122.38245533, "Location1": "(47.68303364, -122.38245533)" }, "geometry": { "type": "Point", "coordinates": [ -122.3824553, 47.6830336 ] } },
{ "type": "Feature", "properties": { "PermitNum": "6786749-DM", "HousingUnitsRemoved": "1", "IssuedDate": "2020-12-15", "Latitude": 47.6734345, "Longitude": -122.36040931, "Location1": "(47.6734345, -122.36040931)" }, "geometry": { "type": "Point", "coordinates": [ -122.3604093, 47.6734345 ] } },
{ "type": "Feature", "properties": { "PermitNum": "6787597-DM", "HousingUnitsRemoved": "", "IssuedDate": "2020-08-04", "Latitude": 47.65889944, "Longitude": -122.34344104, "Location1": "(47.65889944, -122.34344104)" }, "geometry": { "type": "Point", "coordinates": [ -122.343441, 47.6588994 ] } },
{ "type": "Feature", "properties": { "PermitNum": "6832813-DM", "HousingUnitsRemoved": "1", "IssuedDate": "2021-07-09", "Latitude": 47.67673669, "Longitude": -122.33036315, "Location1": "(47.67673669, -122.33036315)" }, "geometry": { "type": "Point", "coordinates": [ -122.3303631, 47.6767367 ] } },
{ "type": "Feature", "properties": { "PermitNum": "6833676-DM", "HousingUnitsRemoved": "", "IssuedDate": "2022-02-10", "Latitude": 47.69492281, "Longitude": -122.36176538, "Location1": "(47.69492281, -122.36176538)" }, "geometry": { "type": "Point", "coordinates": [ -122.3617654, 47.6949228 ] } },
{ "type": "Feature", "properties": { "PermitNum": "6834206-DM", "HousingUnitsRemoved": "", "IssuedDate": "2021-04-27", "Latitude": 47.63840019, "Longitude": -122.40013979, "Location1": "(47.63840019, -122.40013979)" }, "geometry": { "type": "Point", "coordinates": [ -122.4001398, 47.6384002 ] } },
{ "type": "Feature", "properties": { "PermitNum": "6877326-DM", "HousingUnitsRemoved": "", "IssuedDate": "2022-03-15", "Latitude": 47.685273, "Longitude": -122.39546029, "Location1": "(47.685273, -122.39546029)" }, "geometry": { "type": "Point", "coordinates": [ -122.3954603, 47.685273 ] } },
{ "type": "Feature", "properties": { "PermitNum": "6877640-DM", "HousingUnitsRemoved": "", "IssuedDate": "2022-03-01", "Latitude": 47.64788933, "Longitude": -122.39128057000001, "Location1": "(47.64788933, -122.39128057)" }, "geometry": { "type": "Point", "coordinates": [ -122.3912806, 47.6478893 ] } },
{ "type": "Feature", "properties": { "PermitNum": "6878493-DM", "HousingUnitsRemoved": "", "IssuedDate": "2022-11-03", "Latitude": 47.59404533, "Longitude": -122.30302348, "Location1": "(47.59404533, -122.30302348)" }, "geometry": { "type": "Point", "coordinates": [ -122.3030235, 47.5940453 ] } },
{ "type": "Feature", "properties": { "PermitNum": "6880130-DM", "HousingUnitsRemoved": "", "IssuedDate": "2022-02-02", "Latitude": 47.57175766, "Longitude": -122.37636985, "Location1": "(47.57175766, -122.37636985)" }, "geometry": { "type": "Point", "coordinates": [ -122.3763699, 47.5717577 ] } },
{ "type": "Feature", "properties": { "PermitNum": "6880518-DM", "HousingUnitsRemoved": "1", "IssuedDate": "2022-04-20", "Latitude": 47.73318485, "Longitude": -122.33670321, "Location1": "(47.73318485, -122.33670321)" }, "geometry": { "type": "Point", "coordinates": [ -122.3367032, 47.7331849 ] } },
{ "type": "Feature", "properties": { "PermitNum": "6881938-DM", "HousingUnitsRemoved": "1", "IssuedDate": "2022-06-07", "Latitude": 47.66483609, "Longitude": -122.34771101, "Location1": "(47.66483609, -122.34771101)" }, "geometry": { "type": "Point", "coordinates": [ -122.347711, 47.6648361 ] } },
{ "type": "Feature", "properties": { "PermitNum": "6685394-DM", "HousingUnitsRemoved": "1", "IssuedDate": "2018-10-14", "Latitude": 47.59351856, "Longitude": -122.38972206, "Location1": "(47.59351856, -122.38972206)" }, "geometry": { "type": "Point", "coordinates": [ -122.3897221, 47.5935186 ] } },
{ "type": "Feature", "properties": { "PermitNum": "6685771-DM", "HousingUnitsRemoved": "", "IssuedDate": "2019-02-19", "Latitude": 47.5263393, "Longitude": -122.32643575, "Location1": "(47.5263393, -122.32643575)" }, "geometry": { "type": "Point", "coordinates": [ -122.3264358, 47.5263393 ] } },
{ "type": "Feature", "properties": { "PermitNum": "6686923-DM", "HousingUnitsRemoved": "1", "IssuedDate": "2018-09-05", "Latitude": 47.59985283, "Longitude": -122.30546999000001, "Location1": "(47.59985283, -122.30546999)" }, "geometry": { "type": "Point", "coordinates": [ -122.30547, 47.5998528 ] } },
{ "type": "Feature", "properties": { "PermitNum": "6687902-DM", "HousingUnitsRemoved": "", "IssuedDate": "2020-03-20", "Latitude": 47.67231222, "Longitude": -122.26707661, "Location1": "(47.67231222, -122.26707661)" }, "geometry": { "type": "Point", "coordinates": [ -122.2670766, 47.6723122 ] } },
{ "type": "Feature", "properties": { "PermitNum": "6688572-DM", "HousingUnitsRemoved": "", "IssuedDate": "2020-03-31", "Latitude": 47.65154002, "Longitude": -122.36509469000001, "Location1": "(47.65154002, -122.36509469)" }, "geometry": { "type": "Point", "coordinates": [ -122.3650947, 47.65154 ] } },
{ "type": "Feature", "properties": { "PermitNum": "6688747-DM", "HousingUnitsRemoved": "", "IssuedDate": "2018-09-14", "Latitude": 47.70316868, "Longitude": -122.35871877, "Location1": "(47.70316868, -122.35871877)" }, "geometry": { "type": "Point", "coordinates": [ -122.3587188, 47.7031687 ] } },
{ "type": "Feature", "properties": { "PermitNum": "6689796-DM", "HousingUnitsRemoved": "", "IssuedDate": "2020-06-18", "Latitude": 47.67005402, "Longitude": -122.39032317, "Location1": "(47.67005402, -122.39032317)" }, "geometry": { "type": "Point", "coordinates": [ -122.3903232, 47.670054 ] } },
{ "type": "Feature", "properties": { "PermitNum": "6726301-DM", "HousingUnitsRemoved": "1", "IssuedDate": "2022-03-10", "Latitude": 47.70014762, "Longitude": -122.36430336, "Location1": "(47.70014762, -122.36430336)" }, "geometry": { "type": "Point", "coordinates": [ -122.3643034, 47.7001476 ] } },
{ "type": "Feature", "properties": { "PermitNum": "6726345-DM", "HousingUnitsRemoved": "1", "IssuedDate": "2019-08-28", "Latitude": 47.71336929, "Longitude": -122.32657194, "Location1": "(47.71336929, -122.32657194)" }, "geometry": { "type": "Point", "coordinates": [ -122.3265719, 47.7133693 ] } },
{ "type": "Feature", "properties": { "PermitNum": "6727468-DM", "HousingUnitsRemoved": "", "IssuedDate": "2021-05-04", "Latitude": 47.62263809, "Longitude": -122.32430697, "Location1": "(47.62263809, -122.32430697)" }, "geometry": { "type": "Point", "coordinates": [ -122.324307, 47.6226381 ] } },
{ "type": "Feature", "properties": { "PermitNum": "6727470-DM", "HousingUnitsRemoved": "1", "IssuedDate": "2020-10-22", "Latitude": 47.6039484, "Longitude": -122.3039779, "Location1": "(47.6039484, -122.3039779)" }, "geometry": { "type": "Point", "coordinates": [ -122.3039779, 47.6039484 ] } },
{ "type": "Feature", "properties": { "PermitNum": "6728249-DM", "HousingUnitsRemoved": "1", "IssuedDate": "2019-08-18", "Latitude": 47.7174837, "Longitude": -122.32400287, "Location1": "(47.7174837, -122.32400287)" }, "geometry": { "type": "Point", "coordinates": [ -122.3240029, 47.7174837 ] } },
{ "type": "Feature", "properties": { "PermitNum": "6728711-DM", "HousingUnitsRemoved": "1", "IssuedDate": "2020-11-23", "Latitude": 47.6879064, "Longitude": -122.37576803, "Location1": "(47.6879064, -122.37576803)" }, "geometry": { "type": "Point", "coordinates": [ -122.375768, 47.6879064 ] } },
{ "type": "Feature", "properties": { "PermitNum": "6731116-DM", "HousingUnitsRemoved": "1", "IssuedDate": "2020-11-19", "Latitude": 47.6936132, "Longitude": -122.37440852, "Location1": "(47.6936132, -122.37440852)" }, "geometry": { "type": "Point", "coordinates": [ -122.3744085, 47.6936132 ] } },
{ "type": "Feature", "properties": { "PermitNum": "6732323-DM", "HousingUnitsRemoved": "", "IssuedDate": "2019-12-10", "Latitude": 47.62539803, "Longitude": -122.28308636, "Location1": "(47.62539803, -122.28308636)" }, "geometry": { "type": "Point", "coordinates": [ -122.2830864, 47.625398 ] } },
{ "type": "Feature", "properties": { "PermitNum": "6698243-DM", "HousingUnitsRemoved": "", "IssuedDate": "2019-09-06", "Latitude": 47.68510612, "Longitude": -122.39333872, "Location1": "(47.68510612, -122.39333872)" }, "geometry": { "type": "Point", "coordinates": [ -122.3933387, 47.6851061 ] } },
{ "type": "Feature", "properties": { "PermitNum": "6698312-DM", "HousingUnitsRemoved": "2", "IssuedDate": "2019-10-23", "Latitude": 47.66763586, "Longitude": -122.31394605, "Location1": "(47.66763586, -122.31394605)" }, "geometry": { "type": "Point", "coordinates": [ -122.313946, 47.6676359 ] } },
{ "type": "Feature", "properties": { "PermitNum": "6698427-DM", "HousingUnitsRemoved": "", "IssuedDate": "2019-08-01", "Latitude": 47.55532876, "Longitude": -122.2847596, "Location1": "(47.55532876, -122.2847596)" }, "geometry": { "type": "Point", "coordinates": [ -122.2847596, 47.5553288 ] } },
{ "type": "Feature", "properties": { "PermitNum": "6698658-DM", "HousingUnitsRemoved": "", "IssuedDate": "2020-03-23", "Latitude": 47.65088814, "Longitude": -122.3855224, "Location1": "(47.65088814, -122.3855224)" }, "geometry": { "type": "Point", "coordinates": [ -122.3855224, 47.6508881 ] } },
{ "type": "Feature", "properties": { "PermitNum": "6698923-DM", "HousingUnitsRemoved": "1", "IssuedDate": "2019-09-12", "Latitude": 47.6715023, "Longitude": -122.39764598, "Location1": "(47.6715023, -122.39764598)" }, "geometry": { "type": "Point", "coordinates": [ -122.397646, 47.6715023 ] } },
{ "type": "Feature", "properties": { "PermitNum": "6699485-DM", "HousingUnitsRemoved": "", "IssuedDate": "2019-03-13", "Latitude": 47.66331824, "Longitude": -122.3275358, "Location1": "(47.66331824, -122.3275358)" }, "geometry": { "type": "Point", "coordinates": [ -122.3275358, 47.6633182 ] } },
{ "type": "Feature", "properties": { "PermitNum": "6699695-DM", "HousingUnitsRemoved": "", "IssuedDate": "2019-12-31", "Latitude": 47.56568748, "Longitude": -122.3660817, "Location1": "(47.56568748, -122.3660817)" }, "geometry": { "type": "Point", "coordinates": [ -122.3660817, 47.5656875 ] } },
{ "type": "Feature", "properties": { "PermitNum": "6699792-DM", "HousingUnitsRemoved": "", "IssuedDate": "2019-06-03", "Latitude": 47.64706629, "Longitude": -122.35970621, "Location1": "(47.64706629, -122.35970621)" }, "geometry": { "type": "Point", "coordinates": [ -122.3597062, 47.6470663 ] } },
{ "type": "Feature", "properties": { "PermitNum": "6701085-DM", "HousingUnitsRemoved": "6", "IssuedDate": "2019-07-15", "Latitude": 47.6397907, "Longitude": -122.34391294, "Location1": "(47.6397907, -122.34391294)" }, "geometry": { "type": "Point", "coordinates": [ -122.3439129, 47.6397907 ] } },
{ "type": "Feature", "properties": { "PermitNum": "6741096-DM", "HousingUnitsRemoved": "2", "IssuedDate": "2019-08-02", "Latitude": 47.73381047, "Longitude": -122.34269512, "Location1": "(47.73381047, -122.34269512)" }, "geometry": { "type": "Point", "coordinates": [ -122.3426951, 47.7338105 ] } },
{ "type": "Feature", "properties": { "PermitNum": "6742715-DM", "HousingUnitsRemoved": "1", "IssuedDate": "2019-12-06", "Latitude": 47.68156556, "Longitude": -122.29727343, "Location1": "(47.68156556, -122.29727343)" }, "geometry": { "type": "Point", "coordinates": [ -122.2972734, 47.6815656 ] } },
{ "type": "Feature", "properties": { "PermitNum": "6743251-DM", "HousingUnitsRemoved": "1", "IssuedDate": "2019-09-26", "Latitude": 47.69827967, "Longitude": -122.37105585, "Location1": "(47.69827967, -122.37105585)" }, "geometry": { "type": "Point", "coordinates": [ -122.3710559, 47.6982797 ] } },
{ "type": "Feature", "properties": { "PermitNum": "6743377-DM", "HousingUnitsRemoved": "1", "IssuedDate": "2020-01-23", "Latitude": 47.6589996, "Longitude": -122.33480754, "Location1": "(47.6589996, -122.33480754)" }, "geometry": { "type": "Point", "coordinates": [ -122.3348075, 47.6589996 ] } },
{ "type": "Feature", "properties": { "PermitNum": "6744716-DM", "HousingUnitsRemoved": "", "IssuedDate": "2021-08-10", "Latitude": 47.6699239, "Longitude": -122.37308078, "Location1": "(47.6699239, -122.37308078)" }, "geometry": { "type": "Point", "coordinates": [ -122.3730808, 47.6699239 ] } },
{ "type": "Feature", "properties": { "PermitNum": "6783887-DM", "HousingUnitsRemoved": "1", "IssuedDate": "2020-09-18", "Latitude": 47.57635873, "Longitude": -122.41630548000001, "Location1": "(47.57635873, -122.41630548)" }, "geometry": { "type": "Point", "coordinates": [ -122.4163055, 47.5763587 ] } },
{ "type": "Feature", "properties": { "PermitNum": "6785551-DM", "HousingUnitsRemoved": "", "IssuedDate": "2020-12-03", "Latitude": 47.62263173, "Longitude": -122.30836134, "Location1": "(47.62263173, -122.30836134)" }, "geometry": { "type": "Point", "coordinates": [ -122.3083613, 47.6226317 ] } },
{ "type": "Feature", "properties": { "PermitNum": "6788850-DM", "HousingUnitsRemoved": "", "IssuedDate": "2021-08-04", "Latitude": 47.66844247, "Longitude": -122.37035488, "Location1": "(47.66844247, -122.37035488)" }, "geometry": { "type": "Point", "coordinates": [ -122.3703549, 47.6684425 ] } },
{ "type": "Feature", "properties": { "PermitNum": "6831399-DM", "HousingUnitsRemoved": "0", "IssuedDate": "2021-07-01", "Latitude": 47.54778139, "Longitude": -122.3862228, "Location1": "(47.54778139, -122.3862228)" }, "geometry": { "type": "Point", "coordinates": [ -122.3862228, 47.5477814 ] } },
{ "type": "Feature", "properties": { "PermitNum": "6835158-DM", "HousingUnitsRemoved": "", "IssuedDate": "2021-11-10", "Latitude": 47.52265273, "Longitude": -122.27842948, "Location1": "(47.52265273, -122.27842948)" }, "geometry": { "type": "Point", "coordinates": [ -122.2784295, 47.5226527 ] } },
{ "type": "Feature", "properties": { "PermitNum": "6835161-DM", "HousingUnitsRemoved": "1", "IssuedDate": "2021-09-14", "Latitude": 47.61102639, "Longitude": -122.30682744000001, "Location1": "(47.61102639, -122.30682744)" }, "geometry": { "type": "Point", "coordinates": [ -122.3068274, 47.6110264 ] } },
{ "type": "Feature", "properties": { "PermitNum": "6836545-DM", "HousingUnitsRemoved": "1", "IssuedDate": "2021-07-06", "Latitude": 47.63631319, "Longitude": -122.36534651, "Location1": "(47.63631319, -122.36534651)" }, "geometry": { "type": "Point", "coordinates": [ -122.3653465, 47.6363132 ] } },
{ "type": "Feature", "properties": { "PermitNum": "6836587-DM", "HousingUnitsRemoved": "1", "IssuedDate": "2022-07-18", "Latitude": 47.70474219, "Longitude": -122.31954966000001, "Location1": "(47.70474219, -122.31954966)" }, "geometry": { "type": "Point", "coordinates": [ -122.3195497, 47.7047422 ] } },
{ "type": "Feature", "properties": { "PermitNum": "6883646-DM", "HousingUnitsRemoved": "", "IssuedDate": "2022-08-01", "Latitude": 47.69633883, "Longitude": -122.3584024, "Location1": "(47.69633883, -122.3584024)" }, "geometry": { "type": "Point", "coordinates": [ -122.3584024, 47.6963388 ] } },
{ "type": "Feature", "properties": { "PermitNum": "6889732-DM", "HousingUnitsRemoved": "", "IssuedDate": "2022-07-14", "Latitude": 47.68416704, "Longitude": -122.39060726, "Location1": "(47.68416704, -122.39060726)" }, "geometry": { "type": "Point", "coordinates": [ -122.3906073, 47.684167 ] } },
{ "type": "Feature", "properties": { "PermitNum": "6689418-DM", "HousingUnitsRemoved": "", "IssuedDate": "2019-10-19", "Latitude": 47.57079407, "Longitude": -122.31457674000001, "Location1": "(47.57079407, -122.31457674)" }, "geometry": { "type": "Point", "coordinates": [ -122.3145767, 47.5707941 ] } },
{ "type": "Feature", "properties": { "PermitNum": "6689698-DM", "HousingUnitsRemoved": "", "IssuedDate": "2019-06-27", "Latitude": 47.65186586, "Longitude": -122.3939224, "Location1": "(47.65186586, -122.3939224)" }, "geometry": { "type": "Point", "coordinates": [ -122.3939224, 47.6518659 ] } },
{ "type": "Feature", "properties": { "PermitNum": "6690190-DM", "HousingUnitsRemoved": "", "IssuedDate": "2019-07-23", "Latitude": 47.55099799, "Longitude": -122.3234989, "Location1": "(47.55099799, -122.3234989)" }, "geometry": { "type": "Point", "coordinates": [ -122.3234989, 47.550998 ] } },
{ "type": "Feature", "properties": { "PermitNum": "6690654-DM", "HousingUnitsRemoved": "", "IssuedDate": "2019-10-09", "Latitude": 47.67257042, "Longitude": -122.38874982, "Location1": "(47.67257042, -122.38874982)" }, "geometry": { "type": "Point", "coordinates": [ -122.3887498, 47.6725704 ] } },
{ "type": "Feature", "properties": { "PermitNum": "6690895-DM", "HousingUnitsRemoved": "1", "IssuedDate": "2021-04-05", "Latitude": 47.59852611, "Longitude": -122.31003384, "Location1": "(47.59852611, -122.31003384)" }, "geometry": { "type": "Point", "coordinates": [ -122.3100338, 47.5985261 ] } },
{ "type": "Feature", "properties": { "PermitNum": "6691019-DM", "HousingUnitsRemoved": "1", "IssuedDate": "2019-03-08", "Latitude": 47.57664052, "Longitude": -122.38760194, "Location1": "(47.57664052, -122.38760194)" }, "geometry": { "type": "Point", "coordinates": [ -122.3876019, 47.5766405 ] } },
{ "type": "Feature", "properties": { "PermitNum": "6692600-DM", "HousingUnitsRemoved": "3", "IssuedDate": "2019-08-30", "Latitude": 47.66559675, "Longitude": -122.28167603, "Location1": "(47.66559675, -122.28167603)" }, "geometry": { "type": "Point", "coordinates": [ -122.281676, 47.6655967 ] } },
{ "type": "Feature", "properties": { "PermitNum": "6692794-DM", "HousingUnitsRemoved": "", "IssuedDate": "2018-10-09", "Latitude": 47.6813454, "Longitude": -122.32352893, "Location1": "(47.6813454, -122.32352893)" }, "geometry": { "type": "Point", "coordinates": [ -122.3235289, 47.6813454 ] } },
{ "type": "Feature", "properties": { "PermitNum": "6826275-DM", "HousingUnitsRemoved": "", "IssuedDate": "2021-09-08", "Latitude": 47.61277483, "Longitude": -122.28257841, "Location1": "(47.61277483, -122.28257841)" }, "geometry": { "type": "Point", "coordinates": [ -122.2825784, 47.6127748 ] } },
{ "type": "Feature", "properties": { "PermitNum": "6827502-DM", "HousingUnitsRemoved": "", "IssuedDate": "2021-04-09", "Latitude": 47.61236157, "Longitude": -122.29291857, "Location1": "(47.61236157, -122.29291857)" }, "geometry": { "type": "Point", "coordinates": [ -122.2929186, 47.6123616 ] } },
{ "type": "Feature", "properties": { "PermitNum": "6827574-DM", "HousingUnitsRemoved": "1", "IssuedDate": "2021-06-23", "Latitude": 47.53528438, "Longitude": -122.35886155, "Location1": "(47.53528438, -122.35886155)" }, "geometry": { "type": "Point", "coordinates": [ -122.3588616, 47.5352844 ] } },
{ "type": "Feature", "properties": { "PermitNum": "6828088-DM", "HousingUnitsRemoved": "", "IssuedDate": "2021-10-13", "Latitude": 47.6321304, "Longitude": -122.34576205, "Location1": "(47.6321304, -122.34576205)" }, "geometry": { "type": "Point", "coordinates": [ -122.3457621, 47.6321304 ] } },
{ "type": "Feature", "properties": { "PermitNum": "6829411-DM", "HousingUnitsRemoved": "1", "IssuedDate": "2022-01-27", "Latitude": 47.67618781, "Longitude": -122.37974956, "Location1": "(47.67618781, -122.37974956)" }, "geometry": { "type": "Point", "coordinates": [ -122.3797496, 47.6761878 ] } },
{ "type": "Feature", "properties": { "PermitNum": "6829862-DM", "HousingUnitsRemoved": "", "IssuedDate": "2021-04-12", "Latitude": 47.68038761, "Longitude": -122.37713014000001, "Location1": "(47.68038761, -122.37713014)" }, "geometry": { "type": "Point", "coordinates": [ -122.3771301, 47.6803876 ] } },
{ "type": "Feature", "properties": { "PermitNum": "6831150-DM", "HousingUnitsRemoved": "0", "IssuedDate": "2022-07-13", "Latitude": 47.61076116, "Longitude": -122.31445006, "Location1": "(47.61076116, -122.31445006)" }, "geometry": { "type": "Point", "coordinates": [ -122.3144501, 47.6107612 ] } },
{ "type": "Feature", "properties": { "PermitNum": "6878072-DM", "HousingUnitsRemoved": "2", "IssuedDate": "2022-07-21", "Latitude": 47.66270598, "Longitude": -122.34939166, "Location1": "(47.66270598, -122.34939166)" }, "geometry": { "type": "Point", "coordinates": [ -122.3493917, 47.662706 ] } },
{ "type": "Feature", "properties": { "PermitNum": "6878939-DM", "HousingUnitsRemoved": "", "IssuedDate": "2022-02-15", "Latitude": 47.6444961, "Longitude": -122.35793952, "Location1": "(47.6444961, -122.35793952)" }, "geometry": { "type": "Point", "coordinates": [ -122.3579395, 47.6444961 ] } },
{ "type": "Feature", "properties": { "PermitNum": "6882582-DM", "HousingUnitsRemoved": "", "IssuedDate": "2022-05-06", "Latitude": 47.55432462, "Longitude": -122.33321003, "Location1": "(47.55432462, -122.33321003)" }, "geometry": { "type": "Point", "coordinates": [ -122.33321, 47.5543246 ] } },
{ "type": "Feature", "properties": { "PermitNum": "6684764-DM", "HousingUnitsRemoved": "", "IssuedDate": "2019-07-23", "Latitude": 47.69326379, "Longitude": -122.38823608, "Location1": "(47.69326379, -122.38823608)" }, "geometry": { "type": "Point", "coordinates": [ -122.3882361, 47.6932638 ] } },
{ "type": "Feature", "properties": { "PermitNum": "6685247-DM", "HousingUnitsRemoved": "", "IssuedDate": "2019-01-31", "Latitude": 47.59112253, "Longitude": -122.31566719, "Location1": "(47.59112253, -122.31566719)" }, "geometry": { "type": "Point", "coordinates": [ -122.3156672, 47.5911225 ] } },
{ "type": "Feature", "properties": { "PermitNum": "6685426-DM", "HousingUnitsRemoved": "", "IssuedDate": "2019-10-16", "Latitude": 47.56887935, "Longitude": -122.40885811, "Location1": "(47.56887935, -122.40885811)" }, "geometry": { "type": "Point", "coordinates": [ -122.4088581, 47.5688794 ] } },
{ "type": "Feature", "properties": { "PermitNum": "6685642-DM", "HousingUnitsRemoved": "1", "IssuedDate": "2019-01-03", "Latitude": 47.67713377, "Longitude": -122.39718443, "Location1": "(47.67713377, -122.39718443)" }, "geometry": { "type": "Point", "coordinates": [ -122.3971844, 47.6771338 ] } },
{ "type": "Feature", "properties": { "PermitNum": "6727389-DM", "HousingUnitsRemoved": "", "IssuedDate": "2019-10-16", "Latitude": 47.64731361, "Longitude": -122.3959146, "Location1": "(47.64731361, -122.3959146)" }, "geometry": { "type": "Point", "coordinates": [ -122.3959146, 47.6473136 ] } },
{ "type": "Feature", "properties": { "PermitNum": "6727518-DM", "HousingUnitsRemoved": "0", "IssuedDate": "2020-09-15", "Latitude": 47.61203174, "Longitude": -122.30856358, "Location1": "(47.61203174, -122.30856358)" }, "geometry": { "type": "Point", "coordinates": [ -122.3085636, 47.6120317 ] } },
{ "type": "Feature", "properties": { "PermitNum": "6728242-DM", "HousingUnitsRemoved": "1", "IssuedDate": "2019-08-18", "Latitude": 47.71652344, "Longitude": -122.32443875, "Location1": "(47.71652344, -122.32443875)" }, "geometry": { "type": "Point", "coordinates": [ -122.3244387, 47.7165234 ] } },
{ "type": "Feature", "properties": { "PermitNum": "6728704-DM", "HousingUnitsRemoved": "1", "IssuedDate": "2021-01-29", "Latitude": 47.68810952, "Longitude": -122.37578587, "Location1": "(47.68810952, -122.37578587)" }, "geometry": { "type": "Point", "coordinates": [ -122.3757859, 47.6881095 ] } },
{ "type": "Feature", "properties": { "PermitNum": "6729216-DM", "HousingUnitsRemoved": "", "IssuedDate": "2020-02-04", "Latitude": 47.67240091, "Longitude": -122.28827138, "Location1": "(47.67240091, -122.28827138)" }, "geometry": { "type": "Point", "coordinates": [ -122.2882714, 47.6724009 ] } },
{ "type": "Feature", "properties": { "PermitNum": "6818584-DM", "HousingUnitsRemoved": "", "IssuedDate": "2021-03-16", "Latitude": 47.70200331, "Longitude": -122.35636498, "Location1": "(47.70200331, -122.35636498)" }, "geometry": { "type": "Point", "coordinates": [ -122.356365, 47.7020033 ] } },
{ "type": "Feature", "properties": { "PermitNum": "6819135-DM", "HousingUnitsRemoved": "", "IssuedDate": "2021-07-09", "Latitude": 47.55960828, "Longitude": -122.38993171, "Location1": "(47.55960828, -122.38993171)" }, "geometry": { "type": "Point", "coordinates": [ -122.3899317, 47.5596083 ] } },
{ "type": "Feature", "properties": { "PermitNum": "6822065-DM", "HousingUnitsRemoved": "", "IssuedDate": "2021-02-04", "Latitude": 47.6860975, "Longitude": -122.2871332, "Location1": "(47.6860975, -122.2871332)" }, "geometry": { "type": "Point", "coordinates": [ -122.2871332, 47.6860975 ] } },
{ "type": "Feature", "properties": { "PermitNum": "6869200-DM", "HousingUnitsRemoved": "", "IssuedDate": "2021-11-18", "Latitude": 47.64795284, "Longitude": -122.35937729, "Location1": "(47.64795284, -122.35937729)" }, "geometry": { "type": "Point", "coordinates": [ -122.3593773, 47.6479528 ] } },
{ "type": "Feature", "properties": { "PermitNum": "6870634-DM", "HousingUnitsRemoved": "1", "IssuedDate": "2022-03-01", "Latitude": 47.67971505, "Longitude": -122.30201333, "Location1": "(47.67971505, -122.30201333)" }, "geometry": { "type": "Point", "coordinates": [ -122.3020133, 47.679715 ] } },
{ "type": "Feature", "properties": { "PermitNum": "6688573-DM", "HousingUnitsRemoved": "", "IssuedDate": "2020-03-31", "Location1": "" }, "geometry": null },
{ "type": "Feature", "properties": { "PermitNum": "6688745-DM", "HousingUnitsRemoved": "", "IssuedDate": "2018-09-14", "Latitude": 47.70316868, "Longitude": -122.35871877, "Location1": "(47.70316868, -122.35871877)" }, "geometry": { "type": "Point", "coordinates": [ -122.3587188, 47.7031687 ] } },
{ "type": "Feature", "properties": { "PermitNum": "6689622-DM", "HousingUnitsRemoved": "", "IssuedDate": "2018-11-28", "Latitude": 47.59821028, "Longitude": -122.31359375, "Location1": "(47.59821028, -122.31359375)" }, "geometry": { "type": "Point", "coordinates": [ -122.3135937, 47.5982103 ] } },
{ "type": "Feature", "properties": { "PermitNum": "6690365-DM", "HousingUnitsRemoved": "1", "IssuedDate": "2019-07-30", "Latitude": 47.6139342, "Longitude": -122.30172311, "Location1": "(47.6139342, -122.30172311)" }, "geometry": { "type": "Point", "coordinates": [ -122.3017231, 47.6139342 ] } },
{ "type": "Feature", "properties": { "PermitNum": "6691035-DM", "HousingUnitsRemoved": "1", "IssuedDate": "2019-08-02", "Latitude": 47.56972468, "Longitude": -122.37168103, "Location1": "(47.56972468, -122.37168103)" }, "geometry": { "type": "Point", "coordinates": [ -122.371681, 47.5697247 ] } },
{ "type": "Feature", "properties": { "PermitNum": "6729670-DM", "HousingUnitsRemoved": "", "IssuedDate": "2020-12-21", "Latitude": 47.58647098, "Longitude": -122.39714625000001, "Location1": "(47.58647098, -122.39714625)" }, "geometry": { "type": "Point", "coordinates": [ -122.3971463, 47.586471 ] } },
{ "type": "Feature", "properties": { "PermitNum": "6732335-DM", "HousingUnitsRemoved": "1", "IssuedDate": "2019-12-17", "Latitude": 47.67547149, "Longitude": -122.38935263, "Location1": "(47.67547149, -122.38935263)" }, "geometry": { "type": "Point", "coordinates": [ -122.3893526, 47.6754715 ] } },
{ "type": "Feature", "properties": { "PermitNum": "6732750-DM", "HousingUnitsRemoved": "", "IssuedDate": "2019-09-25", "Latitude": 47.67291112, "Longitude": -122.38934631, "Location1": "(47.67291112, -122.38934631)" }, "geometry": { "type": "Point", "coordinates": [ -122.3893463, 47.6729111 ] } },
{ "type": "Feature", "properties": { "PermitNum": "6734898-DM", "HousingUnitsRemoved": "1", "IssuedDate": "2020-05-10", "Latitude": 47.67907272, "Longitude": -122.28581315, "Location1": "(47.67907272, -122.28581315)" }, "geometry": { "type": "Point", "coordinates": [ -122.2858131, 47.6790727 ] } },
{ "type": "Feature", "properties": { "PermitNum": "6773655-DM", "HousingUnitsRemoved": "", "IssuedDate": "2020-09-17", "Latitude": 47.64963588, "Longitude": -122.40725475000001, "Location1": "(47.64963588, -122.40725475)" }, "geometry": { "type": "Point", "coordinates": [ -122.4072548, 47.6496359 ] } },
{ "type": "Feature", "properties": { "PermitNum": "6774893-DM", "HousingUnitsRemoved": "0", "IssuedDate": "2021-03-12", "Latitude": 47.55480843, "Longitude": -122.28269763, "Location1": "(47.55480843, -122.28269763)" }, "geometry": { "type": "Point", "coordinates": [ -122.2826976, 47.5548084 ] } },
{ "type": "Feature", "properties": { "PermitNum": "6777582-DM", "HousingUnitsRemoved": "", "IssuedDate": "2021-08-26", "Latitude": 47.61368792, "Longitude": -122.30173161, "Location1": "(47.61368792, -122.30173161)" }, "geometry": { "type": "Point", "coordinates": [ -122.3017316, 47.6136879 ] } },
{ "type": "Feature", "properties": { "PermitNum": "6777632-DM", "HousingUnitsRemoved": "", "IssuedDate": "2021-02-23", "Latitude": 47.64746767, "Longitude": -122.37397664, "Location1": "(47.64746767, -122.37397664)" }, "geometry": { "type": "Point", "coordinates": [ -122.3739766, 47.6474677 ] } },
{ "type": "Feature", "properties": { "PermitNum": "6777972-DM", "HousingUnitsRemoved": "1", "IssuedDate": "2021-08-10", "Latitude": 47.61548673, "Longitude": -122.3054829, "Location1": "(47.61548673, -122.3054829)" }, "geometry": { "type": "Point", "coordinates": [ -122.3054829, 47.6154867 ] } },
{ "type": "Feature", "properties": { "PermitNum": "6778330-DM", "HousingUnitsRemoved": "1", "IssuedDate": "2021-03-09", "Latitude": 47.60825395, "Longitude": -122.31344897, "Location1": "(47.60825395, -122.31344897)" }, "geometry": { "type": "Point", "coordinates": [ -122.313449, 47.6082539 ] } },
{ "type": "Feature", "properties": { "PermitNum": "6778430-DM", "HousingUnitsRemoved": "", "IssuedDate": "2020-09-09", "Latitude": 47.57048228, "Longitude": -122.28805099, "Location1": "(47.57048228, -122.28805099)" }, "geometry": { "type": "Point", "coordinates": [ -122.288051, 47.5704823 ] } },
{ "type": "Feature", "properties": { "PermitNum": "6821850-DM", "HousingUnitsRemoved": "", "IssuedDate": "2022-02-17", "Latitude": 47.67217709, "Longitude": -122.37204367, "Location1": "(47.67217709, -122.37204367)" }, "geometry": { "type": "Point", "coordinates": [ -122.3720437, 47.6721771 ] } },
{ "type": "Feature", "properties": { "PermitNum": "6823572-DM", "HousingUnitsRemoved": "1", "IssuedDate": "2021-08-11", "Latitude": 47.67623201, "Longitude": -122.34869491000001, "Location1": "(47.67623201, -122.34869491)" }, "geometry": { "type": "Point", "coordinates": [ -122.3486949, 47.676232 ] } },
{ "type": "Feature", "properties": { "PermitNum": "6823834-DM", "HousingUnitsRemoved": "0", "IssuedDate": "2021-06-25", "Latitude": 47.59686468, "Longitude": -122.29606929000001, "Location1": "(47.59686468, -122.29606929)" }, "geometry": { "type": "Point", "coordinates": [ -122.2960693, 47.5968647 ] } },
{ "type": "Feature", "properties": { "PermitNum": "6872782-DM", "HousingUnitsRemoved": "1", "IssuedDate": "2022-09-22", "Latitude": 47.6437359, "Longitude": -122.39747797, "Location1": "(47.6437359, -122.39747797)" }, "geometry": { "type": "Point", "coordinates": [ -122.397478, 47.6437359 ] } },
{ "type": "Feature", "properties": { "PermitNum": "6874588-DM", "HousingUnitsRemoved": "", "IssuedDate": "2022-08-30", "Latitude": 47.54833458, "Longitude": -122.3860365, "Location1": "(47.54833458, -122.3860365)" }, "geometry": { "type": "Point", "coordinates": [ -122.3860365, 47.5483346 ] } },
{ "type": "Feature", "properties": { "PermitNum": "6875630-DM", "HousingUnitsRemoved": "", "IssuedDate": "2022-09-21", "Latitude": 47.58277352, "Longitude": -122.38304846, "Location1": "(47.58277352, -122.38304846)" }, "geometry": { "type": "Point", "coordinates": [ -122.3830485, 47.5827735 ] } },
{ "type": "Feature", "properties": { "PermitNum": "6876116-DM", "HousingUnitsRemoved": "1", "IssuedDate": "2022-05-27", "Latitude": 47.72570295, "Longitude": -122.32969559, "Location1": "(47.72570295, -122.32969559)" }, "geometry": { "type": "Point", "coordinates": [ -122.3296956, 47.7257029 ] } },
{ "type": "Feature", "properties": { "PermitNum": "6677427-DM", "HousingUnitsRemoved": "", "IssuedDate": "2019-01-17", "Latitude": 47.62440312, "Longitude": -122.31957454, "Location1": "(47.62440312, -122.31957454)" }, "geometry": { "type": "Point", "coordinates": [ -122.3195745, 47.6244031 ] } },
{ "type": "Feature", "properties": { "PermitNum": "6681043-DM", "HousingUnitsRemoved": "1", "IssuedDate": "2019-07-16", "Latitude": 47.69579945, "Longitude": -122.3483343, "Location1": "(47.69579945, -122.3483343)" }, "geometry": { "type": "Point", "coordinates": [ -122.3483343, 47.6957995 ] } },
{ "type": "Feature", "properties": { "PermitNum": "6681683-DM", "HousingUnitsRemoved": "", "IssuedDate": "2019-11-26", "Latitude": 47.59179967, "Longitude": -122.29320262, "Location1": "(47.59179967, -122.29320262)" }, "geometry": { "type": "Point", "coordinates": [ -122.2932026, 47.5917997 ] } },
{ "type": "Feature", "properties": { "PermitNum": "6682215-DM", "HousingUnitsRemoved": "1", "IssuedDate": "2019-10-29", "Latitude": 47.55579456, "Longitude": -122.38195917, "Location1": "(47.55579456, -122.38195917)" }, "geometry": { "type": "Point", "coordinates": [ -122.3819592, 47.5557946 ] } },
{ "type": "Feature", "properties": { "PermitNum": "6719186-DM", "HousingUnitsRemoved": "1", "IssuedDate": "2020-01-15", "Latitude": 47.66479319, "Longitude": -122.34163603, "Location1": "(47.66479319, -122.34163603)" }, "geometry": { "type": "Point", "coordinates": [ -122.341636, 47.6647932 ] } },
{ "type": "Feature", "properties": { "PermitNum": "6719790-DM", "HousingUnitsRemoved": "", "IssuedDate": "2019-12-10", "Latitude": 47.65231122, "Longitude": -122.34158329, "Location1": "(47.65231122, -122.34158329)" }, "geometry": { "type": "Point", "coordinates": [ -122.3415833, 47.6523112 ] } },
{ "type": "Feature", "properties": { "PermitNum": "6721631-DM", "HousingUnitsRemoved": "5", "IssuedDate": "2020-05-25", "Latitude": 47.69054096, "Longitude": -122.3053327, "Location1": "(47.69054096, -122.3053327)" }, "geometry": { "type": "Point", "coordinates": [ -122.3053327, 47.690541 ] } },
{ "type": "Feature", "properties": { "PermitNum": "6721895-DM", "HousingUnitsRemoved": "1", "IssuedDate": "2020-01-02", "Latitude": 47.61984347, "Longitude": -122.29833051, "Location1": "(47.61984347, -122.29833051)" }, "geometry": { "type": "Point", "coordinates": [ -122.2983305, 47.6198435 ] } },
{ "type": "Feature", "properties": { "PermitNum": "6722087-DM", "HousingUnitsRemoved": "1", "IssuedDate": "2020-02-23", "Latitude": 47.67220185, "Longitude": -122.3893342, "Location1": "(47.67220185, -122.3893342)" }, "geometry": { "type": "Point", "coordinates": [ -122.3893342, 47.6722019 ] } },
{ "type": "Feature", "properties": { "PermitNum": "6722613-DM", "HousingUnitsRemoved": "4", "IssuedDate": "2019-04-16", "Latitude": 47.66010705, "Longitude": -122.40009642, "Location1": "(47.66010705, -122.40009642)" }, "geometry": { "type": "Point", "coordinates": [ -122.4000964, 47.6601071 ] } },
{ "type": "Feature", "properties": { "PermitNum": "6722943-DM", "HousingUnitsRemoved": "4", "IssuedDate": "2019-11-08", "Latitude": 47.65075776, "Longitude": -122.38635068000001, "Location1": "(47.65075776, -122.38635068)" }, "geometry": { "type": "Point", "coordinates": [ -122.3863507, 47.6507578 ] } },
{ "type": "Feature", "properties": { "PermitNum": "6723265-DM", "HousingUnitsRemoved": "0", "IssuedDate": "2020-06-04", "Latitude": 47.69057753, "Longitude": -122.30568896, "Location1": "(47.69057753, -122.30568896)" }, "geometry": { "type": "Point", "coordinates": [ -122.305689, 47.6905775 ] } },
{ "type": "Feature", "properties": { "PermitNum": "6862602-DM", "HousingUnitsRemoved": "1", "IssuedDate": "2022-05-25", "Latitude": 47.62049514, "Longitude": -122.3192793, "Location1": "(47.62049514, -122.3192793)" }, "geometry": { "type": "Point", "coordinates": [ -122.3192793, 47.6204951 ] } },
{ "type": "Feature", "properties": { "PermitNum": "6862816-DM", "HousingUnitsRemoved": "1", "IssuedDate": "2022-01-27", "Latitude": 47.68687789, "Longitude": -122.29288696, "Location1": "(47.68687789, -122.29288696)" }, "geometry": { "type": "Point", "coordinates": [ -122.292887, 47.6868779 ] } },
{ "type": "Feature", "properties": { "PermitNum": "6867267-DM", "HousingUnitsRemoved": "1", "IssuedDate": "2022-10-13", "Latitude": 47.71441786, "Longitude": -122.30480181, "Location1": "(47.71441786, -122.30480181)" }, "geometry": { "type": "Point", "coordinates": [ -122.3048018, 47.7144179 ] } },
{ "type": "Feature", "properties": { "PermitNum": "6920031-DM", "HousingUnitsRemoved": "1", "IssuedDate": "2022-10-17", "Latitude": 47.67000392, "Longitude": -122.3816191, "Location1": "(47.67000392, -122.3816191)" }, "geometry": { "type": "Point", "coordinates": [ -122.3816191, 47.6700039 ] } },
{ "type": "Feature", "properties": { "PermitNum": "6674520-DM", "HousingUnitsRemoved": "", "IssuedDate": "2018-09-25", "Latitude": 47.66409622, "Longitude": -122.32034237000001, "Location1": "(47.66409622, -122.32034237)" }, "geometry": { "type": "Point", "coordinates": [ -122.3203424, 47.6640962 ] } },
{ "type": "Feature", "properties": { "PermitNum": "6675934-DM", "HousingUnitsRemoved": "", "IssuedDate": "2020-10-22", "Latitude": 47.61255996, "Longitude": -122.29971771, "Location1": "(47.61255996, -122.29971771)" }, "geometry": { "type": "Point", "coordinates": [ -122.2997177, 47.61256 ] } },
{ "type": "Feature", "properties": { "PermitNum": "6676335-DM", "HousingUnitsRemoved": "", "IssuedDate": "2019-12-16", "Latitude": 47.65948705, "Longitude": -122.34914277, "Location1": "(47.65948705, -122.34914277)" }, "geometry": { "type": "Point", "coordinates": [ -122.3491428, 47.6594871 ] } },
{ "type": "Feature", "properties": { "PermitNum": "6713886-DM", "HousingUnitsRemoved": "", "IssuedDate": "2019-10-17", "Latitude": 47.68010751, "Longitude": -122.35507437, "Location1": "(47.68010751, -122.35507437)" }, "geometry": { "type": "Point", "coordinates": [ -122.3550744, 47.6801075 ] } },
{ "type": "Feature", "properties": { "PermitNum": "6714823-DM", "HousingUnitsRemoved": "", "IssuedDate": "2020-01-24", "Latitude": 47.61843048, "Longitude": -122.31464147, "Location1": "(47.61843048, -122.31464147)" }, "geometry": { "type": "Point", "coordinates": [ -122.3146415, 47.6184305 ] } },
{ "type": "Feature", "properties": { "PermitNum": "6715061-DM", "HousingUnitsRemoved": "1", "IssuedDate": "2020-05-29", "Latitude": 47.61480929, "Longitude": -122.2972189, "Location1": "(47.61480929, -122.2972189)" }, "geometry": { "type": "Point", "coordinates": [ -122.2972189, 47.6148093 ] } },
{ "type": "Feature", "properties": { "PermitNum": "6715814-DM", "HousingUnitsRemoved": "", "IssuedDate": "2019-08-12", "Latitude": 47.65669292, "Longitude": -122.34009919, "Location1": "(47.65669292, -122.34009919)" }, "geometry": { "type": "Point", "coordinates": [ -122.3400992, 47.6566929 ] } },
{ "type": "Feature", "properties": { "PermitNum": "6716294-DM", "HousingUnitsRemoved": "", "IssuedDate": "2020-09-08", "Latitude": 47.70479739, "Longitude": -122.36581517, "Location1": "(47.70479739, -122.36581517)" }, "geometry": { "type": "Point", "coordinates": [ -122.3658152, 47.7047974 ] } },
{ "type": "Feature", "properties": { "PermitNum": "6717238-DM", "HousingUnitsRemoved": "1", "IssuedDate": "2019-11-05", "Latitude": 47.63799426, "Longitude": -122.3534803, "Location1": "(47.63799426, -122.3534803)" }, "geometry": { "type": "Point", "coordinates": [ -122.3534803, 47.6379943 ] } },
{ "type": "Feature", "properties": { "PermitNum": "6718061-DM", "HousingUnitsRemoved": "1", "IssuedDate": "2021-06-28", "Latitude": 47.66233714, "Longitude": -122.33536738, "Location1": "(47.66233714, -122.33536738)" }, "geometry": { "type": "Point", "coordinates": [ -122.3353674, 47.6623371 ] } },
{ "type": "Feature", "properties": { "PermitNum": "6760503-DM", "HousingUnitsRemoved": "1", "IssuedDate": "2021-04-02", "Latitude": 47.52735162, "Longitude": -122.36229835, "Location1": "(47.52735162, -122.36229835)" }, "geometry": { "type": "Point", "coordinates": [ -122.3622984, 47.5273516 ] } },
{ "type": "Feature", "properties": { "PermitNum": "6761088-DM", "HousingUnitsRemoved": "", "IssuedDate": "2021-07-28", "Latitude": 47.54439293, "Longitude": -122.39578072, "Location1": "(47.54439293, -122.39578072)" }, "geometry": { "type": "Point", "coordinates": [ -122.3957807, 47.5443929 ] } },
{ "type": "Feature", "properties": { "PermitNum": "6761776-DM", "HousingUnitsRemoved": "1", "IssuedDate": "2020-05-29", "Latitude": 47.69438824, "Longitude": -122.39403117000001, "Location1": "(47.69438824, -122.39403117)" }, "geometry": { "type": "Point", "coordinates": [ -122.3940312, 47.6943882 ] } },
{ "type": "Feature", "properties": { "PermitNum": "6763576-DM", "HousingUnitsRemoved": "1", "IssuedDate": "2020-01-23", "Latitude": 47.55532831, "Longitude": -122.30528409, "Location1": "(47.55532831, -122.30528409)" }, "geometry": { "type": "Point", "coordinates": [ -122.3052841, 47.5553283 ] } },
{ "type": "Feature", "properties": { "PermitNum": "6763928-DM", "HousingUnitsRemoved": "1", "IssuedDate": "2021-02-24", "Latitude": 47.65672447, "Longitude": -122.35736301, "Location1": "(47.65672447, -122.35736301)" }, "geometry": { "type": "Point", "coordinates": [ -122.357363, 47.6567245 ] } },
{ "type": "Feature", "properties": { "PermitNum": "6806575-DM", "HousingUnitsRemoved": "", "IssuedDate": "2021-06-08", "Latitude": 47.68361086, "Longitude": -122.39267626, "Location1": "(47.68361086, -122.39267626)" }, "geometry": { "type": "Point", "coordinates": [ -122.3926763, 47.6836109 ] } },
{ "type": "Feature", "properties": { "PermitNum": "6807027-DM", "HousingUnitsRemoved": "", "IssuedDate": "2022-06-01", "Latitude": 47.52984238, "Longitude": -122.27628131, "Location1": "(47.52984238, -122.27628131)" }, "geometry": { "type": "Point", "coordinates": [ -122.2762813, 47.5298424 ] } },
{ "type": "Feature", "properties": { "PermitNum": "6807515-DM", "HousingUnitsRemoved": "1", "IssuedDate": "2022-08-18", "Latitude": 47.51989694, "Longitude": -122.35891812, "Location1": "(47.51989694, -122.35891812)" }, "geometry": { "type": "Point", "coordinates": [ -122.3589181, 47.5198969 ] } },
{ "type": "Feature", "properties": { "PermitNum": "6808361-DM", "HousingUnitsRemoved": "1", "IssuedDate": "2021-02-18", "Latitude": 47.68384808, "Longitude": -122.3586326, "Location1": "(47.68384808, -122.3586326)" }, "geometry": { "type": "Point", "coordinates": [ -122.3586326, 47.6838481 ] } },
{ "type": "Feature", "properties": { "PermitNum": "6808678-DM", "HousingUnitsRemoved": "", "IssuedDate": "2021-03-24", "Latitude": 47.6525686, "Longitude": -122.39793759, "Location1": "(47.6525686, -122.39793759)" }, "geometry": { "type": "Point", "coordinates": [ -122.3979376, 47.6525686 ] } },
{ "type": "Feature", "properties": { "PermitNum": "6810650-DM", "HousingUnitsRemoved": "1", "IssuedDate": "2021-07-12", "Latitude": 47.63070474, "Longitude": -122.35536347, "Location1": "(47.63070474, -122.35536347)" }, "geometry": { "type": "Point", "coordinates": [ -122.3553635, 47.6307047 ] } },
{ "type": "Feature", "properties": { "PermitNum": "6853577-DM", "HousingUnitsRemoved": "1", "IssuedDate": "2022-02-11", "Latitude": 47.70047183, "Longitude": -122.35715647000001, "Location1": "(47.70047183, -122.35715647)" }, "geometry": { "type": "Point", "coordinates": [ -122.3571565, 47.7004718 ] } },
{ "type": "Feature", "properties": { "PermitNum": "6854995-DM", "HousingUnitsRemoved": "1", "IssuedDate": "2022-06-24", "Latitude": 47.59128994, "Longitude": -122.28824286, "Location1": "(47.59128994, -122.28824286)" }, "geometry": { "type": "Point", "coordinates": [ -122.2882429, 47.5912899 ] } },
{ "type": "Feature", "properties": { "PermitNum": "6857477-DM", "HousingUnitsRemoved": "", "IssuedDate": "2021-10-20", "Latitude": 47.68016048, "Longitude": -122.30259867, "Location1": "(47.68016048, -122.30259867)" }, "geometry": { "type": "Point", "coordinates": [ -122.3025987, 47.6801605 ] } },
{ "type": "Feature", "properties": { "PermitNum": "6858540-DM", "HousingUnitsRemoved": "1", "IssuedDate": "2022-05-16", "Latitude": 47.57509665, "Longitude": -122.28699197, "Location1": "(47.57509665, -122.28699197)" }, "geometry": { "type": "Point", "coordinates": [ -122.286992, 47.5750966 ] } },
{ "type": "Feature", "properties": { "PermitNum": "6907747-DM", "HousingUnitsRemoved": "1", "IssuedDate": "2022-08-29", "Latitude": 47.68061022, "Longitude": -122.36638013, "Location1": "(47.68061022, -122.36638013)" }, "geometry": { "type": "Point", "coordinates": [ -122.3663801, 47.6806102 ] } },
{ "type": "Feature", "properties": { "PermitNum": "6908792-DM", "HousingUnitsRemoved": "", "IssuedDate": "2022-07-18", "Latitude": 47.69253538, "Longitude": -122.30710603, "Location1": "(47.69253538, -122.30710603)" }, "geometry": { "type": "Point", "coordinates": [ -122.307106, 47.6925354 ] } },
{ "type": "Feature", "properties": { "PermitNum": "6909683-DM", "HousingUnitsRemoved": "", "IssuedDate": "2022-11-02", "Latitude": 47.67524122, "Longitude": -122.28182912, "Location1": "(47.67524122, -122.28182912)" }, "geometry": { "type": "Point", "coordinates": [ -122.2818291, 47.6752412 ] } },
{ "type": "Feature", "properties": { "PermitNum": "6911318-DM", "HousingUnitsRemoved": "", "IssuedDate": "2022-09-08", "Latitude": 47.55615192, "Longitude": -122.36461264, "Location1": "(47.55615192, -122.36461264)" }, "geometry": { "type": "Point", "coordinates": [ -122.3646126, 47.5561519 ] } },
{ "type": "Feature", "properties": { "PermitNum": "6762595-DM", "HousingUnitsRemoved": "", "IssuedDate": "2020-01-03", "Latitude": 47.70052274, "Longitude": -122.27839784, "Location1": "(47.70052274, -122.27839784)" }, "geometry": { "type": "Point", "coordinates": [ -122.2783978, 47.7005227 ] } },
{ "type": "Feature", "properties": { "PermitNum": "6810647-DM", "HousingUnitsRemoved": "", "IssuedDate": "2020-12-29", "Latitude": 47.69796319, "Longitude": -122.33734937, "Location1": "(47.69796319, -122.33734937)" }, "geometry": { "type": "Point", "coordinates": [ -122.3373494, 47.6979632 ] } },
{ "type": "Feature", "properties": { "PermitNum": "6812682-DM", "HousingUnitsRemoved": "1", "IssuedDate": "2022-01-22", "Latitude": 47.597121, "Longitude": -122.29970626, "Location1": "(47.597121, -122.29970626)" }, "geometry": { "type": "Point", "coordinates": [ -122.2997063, 47.597121 ] } },
{ "type": "Feature", "properties": { "PermitNum": "6856804-DM", "HousingUnitsRemoved": "", "IssuedDate": "2022-11-18", "Latitude": 47.56337666, "Longitude": -122.29113563, "Location1": "(47.56337666, -122.29113563)" }, "geometry": { "type": "Point", "coordinates": [ -122.2911356, 47.5633767 ] } },
{ "type": "Feature", "properties": { "PermitNum": "6857054-DM", "HousingUnitsRemoved": "1", "IssuedDate": "2022-07-22", "Latitude": 47.5551588, "Longitude": -122.39470622, "Location1": "(47.5551588, -122.39470622)" }, "geometry": { "type": "Point", "coordinates": [ -122.3947062, 47.5551588 ] } },
{ "type": "Feature", "properties": { "PermitNum": "6857314-DM", "HousingUnitsRemoved": "1", "IssuedDate": "2022-03-24", "Latitude": 47.5442328, "Longitude": -122.38290093000001, "Location1": "(47.5442328, -122.38290093)" }, "geometry": { "type": "Point", "coordinates": [ -122.3829009, 47.5442328 ] } },
{ "type": "Feature", "properties": { "PermitNum": "6857706-DM", "HousingUnitsRemoved": "", "IssuedDate": "2021-11-10", "Latitude": 47.65154726, "Longitude": -122.39981527, "Location1": "(47.65154726, -122.39981527)" }, "geometry": { "type": "Point", "coordinates": [ -122.3998153, 47.6515473 ] } },
{ "type": "Feature", "properties": { "PermitNum": "6860411-DM", "HousingUnitsRemoved": "", "IssuedDate": "2021-10-04", "Latitude": 47.69867672, "Longitude": -122.39922268, "Location1": "(47.69867672, -122.39922268)" }, "geometry": { "type": "Point", "coordinates": [ -122.3992227, 47.6986767 ] } },
{ "type": "Feature", "properties": { "PermitNum": "6916727-DM", "HousingUnitsRemoved": "", "IssuedDate": "2022-11-14", "Latitude": 47.69224733, "Longitude": -122.36191415, "Location1": "(47.69224733, -122.36191415)" }, "geometry": { "type": "Point", "coordinates": [ -122.3619142, 47.6922473 ] } },
{ "type": "Feature", "properties": { "PermitNum": "6917123-DM", "HousingUnitsRemoved": "1", "IssuedDate": "2022-10-18", "Latitude": 47.66522184, "Longitude": -122.35898914000001, "Location1": "(47.66522184, -122.35898914)" }, "geometry": { "type": "Point", "coordinates": [ -122.3589891, 47.6652218 ] } },
{ "type": "Feature", "properties": { "PermitNum": "6666651-DM", "HousingUnitsRemoved": "", "IssuedDate": "2018-08-29", "Latitude": 47.68630741, "Longitude": -122.28021683, "Location1": "(47.68630741, -122.28021683)" }, "geometry": { "type": "Point", "coordinates": [ -122.2802168, 47.6863074 ] } },
{ "type": "Feature", "properties": { "PermitNum": "6666911-DM", "HousingUnitsRemoved": "", "IssuedDate": "2020-06-23", "Latitude": 47.52666468, "Longitude": -122.32151569, "Location1": "(47.52666468, -122.32151569)" }, "geometry": { "type": "Point", "coordinates": [ -122.3215157, 47.5266647 ] } },
{ "type": "Feature", "properties": { "PermitNum": "6667604-DM", "HousingUnitsRemoved": "", "IssuedDate": "2018-10-10", "Latitude": 47.66049551, "Longitude": -122.35289091, "Location1": "(47.66049551, -122.35289091)" }, "geometry": { "type": "Point", "coordinates": [ -122.3528909, 47.6604955 ] } },
{ "type": "Feature", "properties": { "PermitNum": "6670321-DM", "HousingUnitsRemoved": "1", "IssuedDate": "2019-05-02", "Latitude": 47.71151846, "Longitude": -122.30658877, "Location1": "(47.71151846, -122.30658877)" }, "geometry": { "type": "Point", "coordinates": [ -122.3065888, 47.7115185 ] } },
{ "type": "Feature", "properties": { "PermitNum": "6709064-DM", "HousingUnitsRemoved": "1", "IssuedDate": "2022-11-09", "Latitude": 47.73138271, "Longitude": -122.37132465000001, "Location1": "(47.73138271, -122.37132465)" }, "geometry": { "type": "Point", "coordinates": [ -122.3713247, 47.7313827 ] } },
{ "type": "Feature", "properties": { "PermitNum": "6709340-DM", "HousingUnitsRemoved": "1", "IssuedDate": "2019-07-19", "Latitude": 47.66392045, "Longitude": -122.31552531, "Location1": "(47.66392045, -122.31552531)" }, "geometry": { "type": "Point", "coordinates": [ -122.3155253, 47.6639204 ] } },
{ "type": "Feature", "properties": { "PermitNum": "6754335-DM", "HousingUnitsRemoved": "1", "IssuedDate": "2019-12-30", "Latitude": 47.67802608, "Longitude": -122.35102853, "Location1": "(47.67802608, -122.35102853)" }, "geometry": { "type": "Point", "coordinates": [ -122.3510285, 47.6780261 ] } },
{ "type": "Feature", "properties": { "PermitNum": "6755298-DM", "HousingUnitsRemoved": "0", "IssuedDate": "2022-01-20", "Latitude": 47.67607702, "Longitude": -122.32714517, "Location1": "(47.67607702, -122.32714517)" }, "geometry": { "type": "Point", "coordinates": [ -122.3271452, 47.676077 ] } },
{ "type": "Feature", "properties": { "PermitNum": "6756745-DM", "HousingUnitsRemoved": "", "IssuedDate": "2019-11-04", "Latitude": 47.61452492, "Longitude": -122.32756387000001, "Location1": "(47.61452492, -122.32756387)" }, "geometry": { "type": "Point", "coordinates": [ -122.3275639, 47.6145249 ] } },
{ "type": "Feature", "properties": { "PermitNum": "6756866-DM", "HousingUnitsRemoved": "", "IssuedDate": "2020-01-22", "Latitude": 47.67895262, "Longitude": -122.3195531, "Location1": "(47.67895262, -122.3195531)" }, "geometry": { "type": "Point", "coordinates": [ -122.3195531, 47.6789526 ] } },
{ "type": "Feature", "properties": { "PermitNum": "6757490-DM", "HousingUnitsRemoved": "", "IssuedDate": "2020-04-16", "Latitude": 47.54048023, "Longitude": -122.3617063, "Location1": "(47.54048023, -122.3617063)" }, "geometry": { "type": "Point", "coordinates": [ -122.3617063, 47.5404802 ] } },
{ "type": "Feature", "properties": { "PermitNum": "6757492-DM", "HousingUnitsRemoved": "", "IssuedDate": "2020-04-16", "Latitude": 47.54033379, "Longitude": -122.36108771000001, "Location1": "(47.54033379, -122.36108771)" }, "geometry": { "type": "Point", "coordinates": [ -122.3610877, 47.5403338 ] } },
{ "type": "Feature", "properties": { "PermitNum": "6757514-DM", "HousingUnitsRemoved": "", "IssuedDate": "2020-11-03", "Latitude": 47.69615139, "Longitude": -122.30073067, "Location1": "(47.69615139, -122.30073067)" }, "geometry": { "type": "Point", "coordinates": [ -122.3007307, 47.6961514 ] } },
{ "type": "Feature", "properties": { "PermitNum": "6757587-DM", "HousingUnitsRemoved": "1", "IssuedDate": "2021-03-02", "Latitude": 47.68374812, "Longitude": -122.29237666, "Location1": "(47.68374812, -122.29237666)" }, "geometry": { "type": "Point", "coordinates": [ -122.2923767, 47.6837481 ] } },
{ "type": "Feature", "properties": { "PermitNum": "6758670-DM", "HousingUnitsRemoved": "1", "IssuedDate": "2020-07-06", "Latitude": 47.63604991, "Longitude": -122.27937902, "Location1": "(47.63604991, -122.27937902)" }, "geometry": { "type": "Point", "coordinates": [ -122.279379, 47.6360499 ] } },
{ "type": "Feature", "properties": { "PermitNum": "6801265-DM", "HousingUnitsRemoved": "1", "IssuedDate": "2021-06-13", "Latitude": 47.6045206, "Longitude": -122.31099324, "Location1": "(47.6045206, -122.31099324)" }, "geometry": { "type": "Point", "coordinates": [ -122.3109932, 47.6045206 ] } },
{ "type": "Feature", "properties": { "PermitNum": "6801491-DM", "HousingUnitsRemoved": "1", "IssuedDate": "2021-08-16", "Latitude": 47.70454233, "Longitude": -122.33513012, "Location1": "(47.70454233, -122.33513012)" }, "geometry": { "type": "Point", "coordinates": [ -122.3351301, 47.7045423 ] } },
{ "type": "Feature", "properties": { "PermitNum": "6801777-DM", "HousingUnitsRemoved": "0", "IssuedDate": "2021-09-22", "Latitude": 47.73265097, "Longitude": -122.29296095, "Location1": "(47.73265097, -122.29296095)" }, "geometry": { "type": "Point", "coordinates": [ -122.2929609, 47.732651 ] } },
{ "type": "Feature", "properties": { "PermitNum": "6801969-DM", "HousingUnitsRemoved": "0", "IssuedDate": "2021-01-19", "Latitude": 47.64269545, "Longitude": -122.34473002, "Location1": "(47.64269545, -122.34473002)" }, "geometry": { "type": "Point", "coordinates": [ -122.34473, 47.6426954 ] } },
{ "type": "Feature", "properties": { "PermitNum": "6803740-DM", "HousingUnitsRemoved": "1", "IssuedDate": "2021-01-06", "Latitude": 47.64238826, "Longitude": -122.36981572000001, "Location1": "(47.64238826, -122.36981572)" }, "geometry": { "type": "Point", "coordinates": [ -122.3698157, 47.6423883 ] } },
{ "type": "Feature", "properties": { "PermitNum": "6804912-DM", "HousingUnitsRemoved": "1", "IssuedDate": "2021-03-09", "Latitude": 47.70108882, "Longitude": -122.31684308, "Location1": "(47.70108882, -122.31684308)" }, "geometry": { "type": "Point", "coordinates": [ -122.3168431, 47.7010888 ] } },
{ "type": "Feature", "properties": { "PermitNum": "6757689-DM", "HousingUnitsRemoved": "", "IssuedDate": "2022-01-28", "Latitude": 47.67706387, "Longitude": -122.32647463000001, "Location1": "(47.67706387, -122.32647463)" }, "geometry": { "type": "Point", "coordinates": [ -122.3264746, 47.6770639 ] } },
{ "type": "Feature", "properties": { "PermitNum": "6758262-DM", "HousingUnitsRemoved": "", "IssuedDate": "2020-01-08", "Latitude": 47.63343818, "Longitude": -122.3492653, "Location1": "(47.63343818, -122.3492653)" }, "geometry": { "type": "Point", "coordinates": [ -122.3492653, 47.6334382 ] } },
{ "type": "Feature", "properties": { "PermitNum": "6758718-DM", "HousingUnitsRemoved": "", "IssuedDate": "2019-11-15", "Latitude": 47.73130382, "Longitude": -122.33562628, "Location1": "(47.73130382, -122.33562628)" }, "geometry": { "type": "Point", "coordinates": [ -122.3356263, 47.7313038 ] } },
{ "type": "Feature", "properties": { "PermitNum": "6759384-DM", "HousingUnitsRemoved": "", "IssuedDate": "2020-06-02", "Latitude": 47.62929044, "Longitude": -122.28921916, "Location1": "(47.62929044, -122.28921916)" }, "geometry": { "type": "Point", "coordinates": [ -122.2892192, 47.6292904 ] } },
{ "type": "Feature", "properties": { "PermitNum": "6759796-DM", "HousingUnitsRemoved": "1", "IssuedDate": "2020-03-31", "Latitude": 47.67067953, "Longitude": -122.39594661, "Location1": "(47.67067953, -122.39594661)" }, "geometry": { "type": "Point", "coordinates": [ -122.3959466, 47.6706795 ] } },
{ "type": "Feature", "properties": { "PermitNum": "6761703-DM", "HousingUnitsRemoved": "1", "IssuedDate": "2020-01-08", "Latitude": 47.67824144, "Longitude": -122.30725438, "Location1": "(47.67824144, -122.30725438)" }, "geometry": { "type": "Point", "coordinates": [ -122.3072544, 47.6782414 ] } },
{ "type": "Feature", "properties": { "PermitNum": "6803586-DM", "HousingUnitsRemoved": "1", "IssuedDate": "2021-05-27", "Latitude": 47.51192911, "Longitude": -122.24668561, "Location1": "(47.51192911, -122.24668561)" }, "geometry": { "type": "Point", "coordinates": [ -122.2466856, 47.5119291 ] } },
{ "type": "Feature", "properties": { "PermitNum": "6803738-DM", "HousingUnitsRemoved": "1", "IssuedDate": "2021-05-03", "Latitude": 47.63854115, "Longitude": -122.30108062, "Location1": "(47.63854115, -122.30108062)" }, "geometry": { "type": "Point", "coordinates": [ -122.3010806, 47.6385412 ] } },
{ "type": "Feature", "properties": { "PermitNum": "6804521-DM", "HousingUnitsRemoved": "0", "IssuedDate": "2021-03-04", "Latitude": 47.70164504, "Longitude": -122.34649004000001, "Location1": "(47.70164504, -122.34649004)" }, "geometry": { "type": "Point", "coordinates": [ -122.34649, 47.701645 ] } },
{ "type": "Feature", "properties": { "PermitNum": "6805413-DM", "HousingUnitsRemoved": "", "IssuedDate": "2021-01-28", "Latitude": 47.68220619, "Longitude": -122.28669418, "Location1": "(47.68220619, -122.28669418)" }, "geometry": { "type": "Point", "coordinates": [ -122.2866942, 47.6822062 ] } },
{ "type": "Feature", "properties": { "PermitNum": "6806040-DM", "HousingUnitsRemoved": "", "IssuedDate": "2022-01-20", "Latitude": 47.7230164, "Longitude": -122.33552016, "Location1": "(47.7230164, -122.33552016)" }, "geometry": { "type": "Point", "coordinates": [ -122.3355202, 47.7230164 ] } },
{ "type": "Feature", "properties": { "PermitNum": "6806141-DM", "HousingUnitsRemoved": "1", "IssuedDate": "2020-10-27", "Latitude": 47.72318088, "Longitude": -122.30044029, "Location1": "(47.72318088, -122.30044029)" }, "geometry": { "type": "Point", "coordinates": [ -122.3004403, 47.7231809 ] } },
{ "type": "Feature", "properties": { "PermitNum": "6807009-DM", "HousingUnitsRemoved": "", "IssuedDate": "2020-12-07", "Latitude": 47.66900542, "Longitude": -122.36325926000001, "Location1": "(47.66900542, -122.36325926)" }, "geometry": { "type": "Point", "coordinates": [ -122.3632593, 47.6690054 ] } },
{ "type": "Feature", "properties": { "PermitNum": "6807147-DM", "HousingUnitsRemoved": "1", "IssuedDate": "2021-01-12", "Latitude": 47.52877629, "Longitude": -122.34384938, "Location1": "(47.52877629, -122.34384938)" }, "geometry": { "type": "Point", "coordinates": [ -122.3438494, 47.5287763 ] } },
{ "type": "Feature", "properties": { "PermitNum": "6853388-DM", "HousingUnitsRemoved": "", "IssuedDate": "2022-01-04", "Latitude": 47.66923125, "Longitude": -122.36911636000001, "Location1": "(47.66923125, -122.36911636)" }, "geometry": { "type": "Point", "coordinates": [ -122.3691164, 47.6692313 ] } },
{ "type": "Feature", "properties": { "PermitNum": "6854375-DM", "HousingUnitsRemoved": "1", "IssuedDate": "2021-08-23", "Latitude": 47.54595151, "Longitude": -122.38422565, "Location1": "(47.54595151, -122.38422565)" }, "geometry": { "type": "Point", "coordinates": [ -122.3842257, 47.5459515 ] } },
{ "type": "Feature", "properties": { "PermitNum": "6856237-DM", "HousingUnitsRemoved": "1", "IssuedDate": "2022-03-02", "Latitude": 47.66053499, "Longitude": -122.32488089, "Location1": "(47.66053499, -122.32488089)" }, "geometry": { "type": "Point", "coordinates": [ -122.3248809, 47.660535 ] } },
{ "type": "Feature", "properties": { "PermitNum": "6906943-DM", "HousingUnitsRemoved": "", "IssuedDate": "2022-08-12", "Latitude": 47.63855288, "Longitude": -122.39989047, "Location1": "(47.63855288, -122.39989047)" }, "geometry": { "type": "Point", "coordinates": [ -122.3998905, 47.6385529 ] } },
{ "type": "Feature", "properties": { "PermitNum": "6907706-DM", "HousingUnitsRemoved": "", "IssuedDate": "2022-08-26", "Latitude": 47.68268693, "Longitude": -122.38404856, "Location1": "(47.68268693, -122.38404856)" }, "geometry": { "type": "Point", "coordinates": [ -122.3840486, 47.6826869 ] } },
{ "type": "Feature", "properties": { "PermitNum": "6911028-DM", "HousingUnitsRemoved": "1", "IssuedDate": "2022-10-26", "Latitude": 47.69213791, "Longitude": -122.28581072, "Location1": "(47.69213791, -122.28581072)" }, "geometry": { "type": "Point", "coordinates": [ -122.2858107, 47.6921379 ] } },
{ "type": "Feature", "properties": { "PermitNum": "6704482-DM", "HousingUnitsRemoved": "1", "IssuedDate": "2019-08-19", "Latitude": 47.66848361, "Longitude": -122.33901047000001, "Location1": "(47.66848361, -122.33901047)" }, "geometry": { "type": "Point", "coordinates": [ -122.3390105, 47.6684836 ] } },
{ "type": "Feature", "properties": { "PermitNum": "6706156-DM", "HousingUnitsRemoved": "", "IssuedDate": "2019-01-03", "Latitude": 47.53178341, "Longitude": -122.32160522, "Location1": "(47.53178341, -122.32160522)" }, "geometry": { "type": "Point", "coordinates": [ -122.3216052, 47.5317834 ] } },
{ "type": "Feature", "properties": { "PermitNum": "6706586-DM", "HousingUnitsRemoved": "1", "IssuedDate": "2019-11-14", "Latitude": 47.61365881, "Longitude": -122.30113141, "Location1": "(47.61365881, -122.30113141)" }, "geometry": { "type": "Point", "coordinates": [ -122.3011314, 47.6136588 ] } },
{ "type": "Feature", "properties": { "PermitNum": "6706991-DM", "HousingUnitsRemoved": "2", "IssuedDate": "2019-10-23", "Latitude": 47.67638472, "Longitude": -122.31919739, "Location1": "(47.67638472, -122.31919739)" }, "geometry": { "type": "Point", "coordinates": [ -122.3191974, 47.6763847 ] } },
{ "type": "Feature", "properties": { "PermitNum": "6707064-DM", "HousingUnitsRemoved": "", "IssuedDate": "2021-07-07", "Latitude": 47.66812524, "Longitude": -122.37101074, "Location1": "(47.66812524, -122.37101074)" }, "geometry": { "type": "Point", "coordinates": [ -122.3710107, 47.6681252 ] } },
{ "type": "Feature", "properties": { "PermitNum": "6707863-DM", "HousingUnitsRemoved": "0", "IssuedDate": "2021-04-16", "Latitude": 47.62038875, "Longitude": -122.34196209, "Location1": "(47.62038875, -122.34196209)" }, "geometry": { "type": "Point", "coordinates": [ -122.3419621, 47.6203887 ] } },
{ "type": "Feature", "properties": { "PermitNum": "6708721-DM", "HousingUnitsRemoved": "", "IssuedDate": "2019-08-01", "Latitude": 47.6662632, "Longitude": -122.37101852000001, "Location1": "(47.6662632, -122.37101852)" }, "geometry": { "type": "Point", "coordinates": [ -122.3710185, 47.6662632 ] } },
{ "type": "Feature", "properties": { "PermitNum": "6748545-DM", "HousingUnitsRemoved": "1", "IssuedDate": "2020-02-13", "Latitude": 47.62113519, "Longitude": -122.30442061, "Location1": "(47.62113519, -122.30442061)" }, "geometry": { "type": "Point", "coordinates": [ -122.3044206, 47.6211352 ] } },
{ "type": "Feature", "properties": { "PermitNum": "6748820-DM", "HousingUnitsRemoved": "2", "IssuedDate": "2021-03-16", "Latitude": 47.69414294, "Longitude": -122.38080896, "Location1": "(47.69414294, -122.38080896)" }, "geometry": { "type": "Point", "coordinates": [ -122.380809, 47.6941429 ] } },
{ "type": "Feature", "properties": { "PermitNum": "6749286-DM", "HousingUnitsRemoved": "1", "IssuedDate": "2020-01-21", "Latitude": 47.67736995, "Longitude": -122.27006015000001, "Location1": "(47.67736995, -122.27006015)" }, "geometry": { "type": "Point", "coordinates": [ -122.2700602, 47.6773699 ] } },
{ "type": "Feature", "properties": { "PermitNum": "6751354-DM", "HousingUnitsRemoved": "1", "IssuedDate": "2020-03-31", "Latitude": 47.6696268, "Longitude": -122.36911629, "Location1": "(47.6696268, -122.36911629)" }, "geometry": { "type": "Point", "coordinates": [ -122.3691163, 47.6696268 ] } },
{ "type": "Feature", "properties": { "PermitNum": "6795017-DM", "HousingUnitsRemoved": "", "IssuedDate": "2020-08-13", "Latitude": 47.54000167, "Longitude": -122.26488418, "Location1": "(47.54000167, -122.26488418)" }, "geometry": { "type": "Point", "coordinates": [ -122.2648842, 47.5400017 ] } },
{ "type": "Feature", "properties": { "PermitNum": "6795985-DM", "HousingUnitsRemoved": "1", "IssuedDate": "2020-10-22", "Latitude": 47.67734533, "Longitude": -122.33026547, "Location1": "(47.67734533, -122.33026547)" }, "geometry": { "type": "Point", "coordinates": [ -122.3302655, 47.6773453 ] } },
{ "type": "Feature", "properties": { "PermitNum": "6797835-DM", "HousingUnitsRemoved": "", "IssuedDate": "2021-05-26", "Latitude": 47.66995504, "Longitude": -122.36837885, "Location1": "(47.66995504, -122.36837885)" }, "geometry": { "type": "Point", "coordinates": [ -122.3683788, 47.669955 ] } },
{ "type": "Feature", "properties": { "PermitNum": "6886715-DM", "HousingUnitsRemoved": "1", "IssuedDate": "2022-05-11", "Latitude": 47.65501818, "Longitude": -122.33111398, "Location1": "(47.65501818, -122.33111398)" }, "geometry": { "type": "Point", "coordinates": [ -122.331114, 47.6550182 ] } },
{ "type": "Feature", "properties": { "PermitNum": "6887824-DM", "HousingUnitsRemoved": "1", "IssuedDate": "2022-12-15", "Latitude": 47.73183921, "Longitude": -122.35694488, "Location1": "(47.73183921, -122.35694488)" }, "geometry": { "type": "Point", "coordinates": [ -122.3569449, 47.7318392 ] } },
{ "type": "Feature", "properties": { "PermitNum": "6889139-DM", "HousingUnitsRemoved": "0", "IssuedDate": "2022-10-06", "Latitude": 47.64406106, "Longitude": -122.32434932, "Location1": "(47.64406106, -122.32434932)" }, "geometry": { "type": "Point", "coordinates": [ -122.3243493, 47.6440611 ] } },
{ "type": "Feature", "properties": { "PermitNum": "6691000-DM", "HousingUnitsRemoved": "", "IssuedDate": "2020-02-05", "Latitude": 47.65529018, "Longitude": -122.40331146, "Location1": "(47.65529018, -122.40331146)" }, "geometry": { "type": "Point", "coordinates": [ -122.4033115, 47.6552902 ] } },
{ "type": "Feature", "properties": { "PermitNum": "6691186-DM", "HousingUnitsRemoved": "", "IssuedDate": "2019-01-14", "Latitude": 47.58848729, "Longitude": -122.39136142, "Location1": "(47.58848729, -122.39136142)" }, "geometry": { "type": "Point", "coordinates": [ -122.3913614, 47.5884873 ] } },
{ "type": "Feature", "properties": { "PermitNum": "6691351-DM", "HousingUnitsRemoved": "", "IssuedDate": "2020-05-22", "Latitude": 47.61771797, "Longitude": -122.30664858, "Location1": "(47.61771797, -122.30664858)" }, "geometry": { "type": "Point", "coordinates": [ -122.3066486, 47.617718 ] } },
{ "type": "Feature", "properties": { "PermitNum": "6692588-DM", "HousingUnitsRemoved": "", "IssuedDate": "2020-02-03", "Latitude": 47.72928858, "Longitude": -122.29141739000001, "Location1": "(47.72928858, -122.29141739)" }, "geometry": { "type": "Point", "coordinates": [ -122.2914174, 47.7292886 ] } },
{ "type": "Feature", "properties": { "PermitNum": "6692680-DM", "HousingUnitsRemoved": "1", "IssuedDate": "2019-07-31", "Latitude": 47.6940283, "Longitude": -122.36758801000001, "Location1": "(47.6940283, -122.36758801)" }, "geometry": { "type": "Point", "coordinates": [ -122.367588, 47.6940283 ] } },
{ "type": "Feature", "properties": { "PermitNum": "6733769-DM", "HousingUnitsRemoved": "", "IssuedDate": "2019-06-19", "Latitude": 47.54631889, "Longitude": -122.38363279, "Location1": "(47.54631889, -122.38363279)" }, "geometry": { "type": "Point", "coordinates": [ -122.3836328, 47.5463189 ] } },
{ "type": "Feature", "properties": { "PermitNum": "6733982-DM", "HousingUnitsRemoved": "", "IssuedDate": "2020-08-05", "Latitude": 47.66690388, "Longitude": -122.33901479, "Location1": "(47.66690388, -122.33901479)" }, "geometry": { "type": "Point", "coordinates": [ -122.3390148, 47.6669039 ] } },
{ "type": "Feature", "properties": { "PermitNum": "6735553-DM", "HousingUnitsRemoved": "1", "IssuedDate": "2019-10-21", "Latitude": 47.68236234, "Longitude": -122.30315936, "Location1": "(47.68236234, -122.30315936)" }, "geometry": { "type": "Point", "coordinates": [ -122.3031594, 47.6823623 ] } },
{ "type": "Feature", "properties": { "PermitNum": "6735746-DM", "HousingUnitsRemoved": "1", "IssuedDate": "2019-09-17", "Latitude": 47.67370153, "Longitude": -122.29403227, "Location1": "(47.67370153, -122.29403227)" }, "geometry": { "type": "Point", "coordinates": [ -122.2940323, 47.6737015 ] } },
{ "type": "Feature", "properties": { "PermitNum": "6735803-DM", "HousingUnitsRemoved": "1", "IssuedDate": "2021-10-26", "Latitude": 47.65170313, "Longitude": -122.34574574, "Location1": "(47.65170313, -122.34574574)" }, "geometry": { "type": "Point", "coordinates": [ -122.3457457, 47.6517031 ] } },
{ "type": "Feature", "properties": { "PermitNum": "6736093-DM", "HousingUnitsRemoved": "0", "IssuedDate": "2020-08-04", "Latitude": 47.67831894, "Longitude": -122.32700391, "Location1": "(47.67831894, -122.32700391)" }, "geometry": { "type": "Point", "coordinates": [ -122.3270039, 47.6783189 ] } },
{ "type": "Feature", "properties": { "PermitNum": "6738379-DM", "HousingUnitsRemoved": "1", "IssuedDate": "2019-10-14", "Latitude": 47.66007666, "Longitude": -122.33827939, "Location1": "(47.66007666, -122.33827939)" }, "geometry": { "type": "Point", "coordinates": [ -122.3382794, 47.6600767 ] } },
{ "type": "Feature", "properties": { "PermitNum": "6779809-DM", "HousingUnitsRemoved": "1", "IssuedDate": "2020-04-30", "Latitude": 47.67079567, "Longitude": -122.25846352000001, "Location1": "(47.67079567, -122.25846352)" }, "geometry": { "type": "Point", "coordinates": [ -122.2584635, 47.6707957 ] } },
{ "type": "Feature", "properties": { "PermitNum": "6781704-DM", "HousingUnitsRemoved": "", "IssuedDate": "2020-06-16", "Latitude": 47.62462848, "Longitude": -122.31911038, "Location1": "(47.62462848, -122.31911038)" }, "geometry": { "type": "Point", "coordinates": [ -122.3191104, 47.6246285 ] } },
{ "type": "Feature", "properties": { "PermitNum": "6781778-DM", "HousingUnitsRemoved": "", "IssuedDate": "2020-08-06", "Latitude": 47.61212999, "Longitude": -122.29285303, "Location1": "(47.61212999, -122.29285303)" }, "geometry": { "type": "Point", "coordinates": [ -122.292853, 47.61213 ] } },
{ "type": "Feature", "properties": { "PermitNum": "6783419-DM", "HousingUnitsRemoved": "", "IssuedDate": "2022-04-28", "Latitude": 47.67041266, "Longitude": -122.27582228, "Location1": "(47.67041266, -122.27582228)" }, "geometry": { "type": "Point", "coordinates": [ -122.2758223, 47.6704127 ] } },
{ "type": "Feature", "properties": { "PermitNum": "6825689-DM", "HousingUnitsRemoved": "1", "IssuedDate": "2022-10-20", "Latitude": 47.61614615, "Longitude": -122.2878716, "Location1": "(47.61614615, -122.2878716)" }, "geometry": { "type": "Point", "coordinates": [ -122.2878716, 47.6161461 ] } },
{ "type": "Feature", "properties": { "PermitNum": "6826021-DM", "HousingUnitsRemoved": "", "IssuedDate": "2022-03-29", "Latitude": 47.64762986, "Longitude": -122.40055938, "Location1": "(47.64762986, -122.40055938)" }, "geometry": { "type": "Point", "coordinates": [ -122.4005594, 47.6476299 ] } },
{ "type": "Feature", "properties": { "PermitNum": "6827569-DM", "HousingUnitsRemoved": "0", "IssuedDate": "2021-09-08", "Latitude": 47.67502015, "Longitude": -122.3799192, "Location1": "(47.67502015, -122.3799192)" }, "geometry": { "type": "Point", "coordinates": [ -122.3799192, 47.6750202 ] } },
{ "type": "Feature", "properties": { "PermitNum": "6828085-DM", "HousingUnitsRemoved": "", "IssuedDate": "2021-04-08", "Latitude": 47.68200436, "Longitude": -122.3431538, "Location1": "(47.68200436, -122.3431538)" }, "geometry": { "type": "Point", "coordinates": [ -122.3431538, 47.6820044 ] } },
{ "type": "Feature", "properties": { "PermitNum": "6828170-DM", "HousingUnitsRemoved": "1", "IssuedDate": "2021-05-10", "Latitude": 47.72560946, "Longitude": -122.33008396, "Location1": "(47.72560946, -122.33008396)" }, "geometry": { "type": "Point", "coordinates": [ -122.330084, 47.7256095 ] } },
{ "type": "Feature", "properties": { "PermitNum": "6828248-DM", "HousingUnitsRemoved": "1", "IssuedDate": "2021-08-06", "Latitude": 47.63042762, "Longitude": -122.27893169, "Location1": "(47.63042762, -122.27893169)" }, "geometry": { "type": "Point", "coordinates": [ -122.2789317, 47.6304276 ] } },
{ "type": "Feature", "properties": { "PermitNum": "6875399-DM", "HousingUnitsRemoved": "1", "IssuedDate": "2022-04-19", "Latitude": 47.59230811, "Longitude": -122.29307436000001, "Location1": "(47.59230811, -122.29307436)" }, "geometry": { "type": "Point", "coordinates": [ -122.2930744, 47.5923081 ] } },
{ "type": "Feature", "properties": { "PermitNum": "6875692-DM", "HousingUnitsRemoved": "", "IssuedDate": "2022-01-06", "Latitude": 47.63684693, "Longitude": -122.35411712, "Location1": "(47.63684693, -122.35411712)" }, "geometry": { "type": "Point", "coordinates": [ -122.3541171, 47.6368469 ] } },
{ "type": "Feature", "properties": { "PermitNum": "6876362-DM", "HousingUnitsRemoved": "0", "IssuedDate": "2022-08-30", "Latitude": 47.5059767, "Longitude": -122.38700834, "Location1": "(47.5059767, -122.38700834)" }, "geometry": { "type": "Point", "coordinates": [ -122.3870083, 47.5059767 ] } },
{ "type": "Feature", "properties": { "PermitNum": "6877610-DM", "HousingUnitsRemoved": "", "IssuedDate": "2022-09-19", "Latitude": 47.67582684, "Longitude": -122.38013882, "Location1": "(47.67582684, -122.38013882)" }, "geometry": { "type": "Point", "coordinates": [ -122.3801388, 47.6758268 ] } },
{ "type": "Feature", "properties": { "PermitNum": "6878616-DM", "HousingUnitsRemoved": "", "IssuedDate": "2022-05-16", "Latitude": 47.6939087, "Longitude": -122.32054921, "Location1": "(47.6939087, -122.32054921)" }, "geometry": { "type": "Point", "coordinates": [ -122.3205492, 47.6939087 ] } },
{ "type": "Feature", "properties": { "PermitNum": "6879109-DM", "HousingUnitsRemoved": "1", "IssuedDate": "2022-02-22", "Latitude": 47.68122129, "Longitude": -122.34727937, "Location1": "(47.68122129, -122.34727937)" }, "geometry": { "type": "Point", "coordinates": [ -122.3472794, 47.6812213 ] } },
{ "type": "Feature", "properties": { "PermitNum": "6881355-DM", "HousingUnitsRemoved": "1", "IssuedDate": "2022-09-16", "Latitude": 47.6509246, "Longitude": -122.36610382000001, "Location1": "(47.6509246, -122.36610382)" }, "geometry": { "type": "Point", "coordinates": [ -122.3661038, 47.6509246 ] } },
{ "type": "Feature", "properties": { "PermitNum": "6931594-DM", "HousingUnitsRemoved": "1", "IssuedDate": "2022-12-21", "Latitude": 47.56062024, "Longitude": -122.38915571, "Location1": "(47.56062024, -122.38915571)" }, "geometry": { "type": "Point", "coordinates": [ -122.3891557, 47.5606202 ] } },
{ "type": "Feature", "properties": { "PermitNum": "6933950-DM", "HousingUnitsRemoved": "", "IssuedDate": "2022-11-17", "Latitude": 47.72230607, "Longitude": -122.36475779, "Location1": "(47.72230607, -122.36475779)" }, "geometry": { "type": "Point", "coordinates": [ -122.3647578, 47.7223061 ] } },
{ "type": "Feature", "properties": { "PermitNum": "6777176-DM", "HousingUnitsRemoved": "", "IssuedDate": "2021-12-28", "Latitude": 47.7117045, "Longitude": -122.30366026, "Location1": "(47.7117045, -122.30366026)" }, "geometry": { "type": "Point", "coordinates": [ -122.3036603, 47.7117045 ] } },
{ "type": "Feature", "properties": { "PermitNum": "6777650-DM", "HousingUnitsRemoved": "1", "IssuedDate": "2020-08-31", "Latitude": 47.60303287, "Longitude": -122.29305014000001, "Location1": "(47.60303287, -122.29305014)" }, "geometry": { "type": "Point", "coordinates": [ -122.2930501, 47.6030329 ] } },
{ "type": "Feature", "properties": { "PermitNum": "6778019-DM", "HousingUnitsRemoved": "", "IssuedDate": "2021-06-23", "Latitude": 47.53845121, "Longitude": -122.27442839, "Location1": "(47.53845121, -122.27442839)" }, "geometry": { "type": "Point", "coordinates": [ -122.2744284, 47.5384512 ] } },
{ "type": "Feature", "properties": { "PermitNum": "6778458-DM", "HousingUnitsRemoved": "", "IssuedDate": "2020-04-29", "Latitude": 47.63040582, "Longitude": -122.30068222, "Location1": "(47.63040582, -122.30068222)" }, "geometry": { "type": "Point", "coordinates": [ -122.3006822, 47.6304058 ] } },
{ "type": "Feature", "properties": { "PermitNum": "6778674-DM", "HousingUnitsRemoved": "1", "IssuedDate": "2021-08-26", "Latitude": 47.61359969, "Longitude": -122.3017157, "Location1": "(47.61359969, -122.3017157)" }, "geometry": { "type": "Point", "coordinates": [ -122.3017157, 47.6135997 ] } },
{ "type": "Feature", "properties": { "PermitNum": "6778894-DM", "HousingUnitsRemoved": "", "IssuedDate": "2020-07-07", "Latitude": 47.60254393, "Longitude": -122.3007258, "Location1": "(47.60254393, -122.3007258)" }, "geometry": { "type": "Point", "coordinates": [ -122.3007258, 47.6025439 ] } },
{ "type": "Feature", "properties": { "PermitNum": "6778918-DM", "HousingUnitsRemoved": "0", "IssuedDate": "2020-10-27", "Latitude": 47.68932603, "Longitude": -122.37307388000001, "Location1": "(47.68932603, -122.37307388)" }, "geometry": { "type": "Point", "coordinates": [ -122.3730739, 47.689326 ] } },
{ "type": "Feature", "properties": { "PermitNum": "6779203-DM", "HousingUnitsRemoved": "2", "IssuedDate": "2020-08-18", "Latitude": 47.66551205, "Longitude": -122.36725971, "Location1": "(47.66551205, -122.36725971)" }, "geometry": { "type": "Point", "coordinates": [ -122.3672597, 47.665512 ] } },
{ "type": "Feature", "properties": { "PermitNum": "6820135-DM", "HousingUnitsRemoved": "", "IssuedDate": "2021-06-22", "Latitude": 47.69291919, "Longitude": -122.34640825, "Location1": "(47.69291919, -122.34640825)" }, "geometry": { "type": "Point", "coordinates": [ -122.3464082, 47.6929192 ] } },
{ "type": "Feature", "properties": { "PermitNum": "6821131-DM", "HousingUnitsRemoved": "", "IssuedDate": "2021-01-14", "Latitude": 47.70641121, "Longitude": -122.35505685, "Location1": "(47.70641121, -122.35505685)" }, "geometry": { "type": "Point", "coordinates": [ -122.3550568, 47.7064112 ] } },
{ "type": "Feature", "properties": { "PermitNum": "6821891-DM", "HousingUnitsRemoved": "1", "IssuedDate": "2021-11-23", "Latitude": 47.6401265, "Longitude": -122.28849178, "Location1": "(47.6401265, -122.28849178)" }, "geometry": { "type": "Point", "coordinates": [ -122.2884918, 47.6401265 ] } },
{ "type": "Feature", "properties": { "PermitNum": "6822979-DM", "HousingUnitsRemoved": "1", "IssuedDate": "2021-08-02", "Latitude": 47.66907215, "Longitude": -122.28599361000001, "Location1": "(47.66907215, -122.28599361)" }, "geometry": { "type": "Point", "coordinates": [ -122.2859936, 47.6690721 ] } },
{ "type": "Feature", "properties": { "PermitNum": "6823081-DM", "HousingUnitsRemoved": "1", "IssuedDate": "2021-02-23", "Latitude": 47.68551808, "Longitude": -122.28769017, "Location1": "(47.68551808, -122.28769017)" }, "geometry": { "type": "Point", "coordinates": [ -122.2876902, 47.6855181 ] } },
{ "type": "Feature", "properties": { "PermitNum": "6823832-DM", "HousingUnitsRemoved": "0", "IssuedDate": "2022-02-15", "Latitude": 47.54391863, "Longitude": -122.36056991, "Location1": "(47.54391863, -122.36056991)" }, "geometry": { "type": "Point", "coordinates": [ -122.3605699, 47.5439186 ] } },
{ "type": "Feature", "properties": { "PermitNum": "6869436-DM", "HousingUnitsRemoved": "1", "IssuedDate": "2022-05-02", "Latitude": 47.69619351, "Longitude": -122.32225739, "Location1": "(47.69619351, -122.32225739)" }, "geometry": { "type": "Point", "coordinates": [ -122.3222574, 47.6961935 ] } },
{ "type": "Feature", "properties": { "PermitNum": "6869482-DM", "HousingUnitsRemoved": "1", "IssuedDate": "2022-06-09", "Latitude": 47.68655347, "Longitude": -122.39008892, "Location1": "(47.68655347, -122.39008892)" }, "geometry": { "type": "Point", "coordinates": [ -122.3900889, 47.6865535 ] } },
{ "type": "Feature", "properties": { "PermitNum": "6870553-DM", "HousingUnitsRemoved": "", "IssuedDate": "2021-12-10", "Latitude": 47.68490423, "Longitude": -122.35177398, "Location1": "(47.68490423, -122.35177398)" }, "geometry": { "type": "Point", "coordinates": [ -122.351774, 47.6849042 ] } },
{ "type": "Feature", "properties": { "PermitNum": "6872107-DM", "HousingUnitsRemoved": "", "IssuedDate": "2022-05-31", "Latitude": 47.68950904, "Longitude": -122.37198145000001, "Location1": "(47.68950904, -122.37198145)" }, "geometry": { "type": "Point", "coordinates": [ -122.3719815, 47.689509 ] } },
{ "type": "Feature", "properties": { "PermitNum": "6874723-DM", "HousingUnitsRemoved": "1", "IssuedDate": "2022-04-05", "Latitude": 47.68585528, "Longitude": -122.28140721, "Location1": "(47.68585528, -122.28140721)" }, "geometry": { "type": "Point", "coordinates": [ -122.2814072, 47.6858553 ] } },
{ "type": "Feature", "properties": { "PermitNum": "6929138-DM", "HousingUnitsRemoved": "", "IssuedDate": "2022-11-08", "Latitude": 47.58749944, "Longitude": -122.39096416, "Location1": "(47.58749944, -122.39096416)" }, "geometry": { "type": "Point", "coordinates": [ -122.3909642, 47.5874994 ] } },
{ "type": "Feature", "properties": { "PermitNum": "6691135-DM", "HousingUnitsRemoved": "", "IssuedDate": "2020-07-21", "Latitude": 47.61263341, "Longitude": -122.29935842, "Location1": "(47.61263341, -122.29935842)" }, "geometry": { "type": "Point", "coordinates": [ -122.2993584, 47.6126334 ] } },
{ "type": "Feature", "properties": { "PermitNum": "6691880-DM", "HousingUnitsRemoved": "", "IssuedDate": "2018-10-03", "Latitude": 47.62492593, "Longitude": -122.29704309, "Location1": "(47.62492593, -122.29704309)" }, "geometry": { "type": "Point", "coordinates": [ -122.2970431, 47.6249259 ] } },
{ "type": "Feature", "properties": { "PermitNum": "6692671-DM", "HousingUnitsRemoved": "", "IssuedDate": "2019-07-19", "Latitude": 47.67185642, "Longitude": -122.38542611, "Location1": "(47.67185642, -122.38542611)" }, "geometry": { "type": "Point", "coordinates": [ -122.3854261, 47.6718564 ] } },
{ "type": "Feature", "properties": { "PermitNum": "6693522-DM", "HousingUnitsRemoved": "", "IssuedDate": "2019-07-12", "Latitude": 47.65298872, "Longitude": -122.38627203, "Location1": "(47.65298872, -122.38627203)" }, "geometry": { "type": "Point", "coordinates": [ -122.386272, 47.6529887 ] } },
{ "type": "Feature", "properties": { "PermitNum": "6695723-DM", "HousingUnitsRemoved": "", "IssuedDate": "2019-07-27", "Latitude": 47.67888315, "Longitude": -122.37705997, "Location1": "(47.67888315, -122.37705997)" }, "geometry": { "type": "Point", "coordinates": [ -122.37706, 47.6788831 ] } },
{ "type": "Feature", "properties": { "PermitNum": "6735299-DM", "HousingUnitsRemoved": "", "IssuedDate": "2019-06-27", "Latitude": 47.72152056, "Longitude": -122.29109626, "Location1": "(47.72152056, -122.29109626)" }, "geometry": { "type": "Point", "coordinates": [ -122.2910963, 47.7215206 ] } },
{ "type": "Feature", "properties": { "PermitNum": "6735688-DM", "HousingUnitsRemoved": "1", "IssuedDate": "2020-02-20", "Latitude": 47.67807079, "Longitude": -122.28256381, "Location1": "(47.67807079, -122.28256381)" }, "geometry": { "type": "Point", "coordinates": [ -122.2825638, 47.6780708 ] } },
{ "type": "Feature", "properties": { "PermitNum": "6735737-DM", "HousingUnitsRemoved": "", "IssuedDate": "2021-04-26", "Latitude": 47.68931845, "Longitude": -122.37246205, "Location1": "(47.68931845, -122.37246205)" }, "geometry": { "type": "Point", "coordinates": [ -122.372462, 47.6893185 ] } },
{ "type": "Feature", "properties": { "PermitNum": "6736396-DM", "HousingUnitsRemoved": "", "IssuedDate": "2019-10-10", "Latitude": 47.61910459, "Longitude": -122.29836558, "Location1": "(47.61910459, -122.29836558)" }, "geometry": { "type": "Point", "coordinates": [ -122.2983656, 47.6191046 ] } },
{ "type": "Feature", "properties": { "PermitNum": "6737278-DM", "HousingUnitsRemoved": "", "IssuedDate": "2021-07-03", "Latitude": 47.61745855, "Longitude": -122.30714233, "Location1": "(47.61745855, -122.30714233)" }, "geometry": { "type": "Point", "coordinates": [ -122.3071423, 47.6174586 ] } },
{ "type": "Feature", "properties": { "PermitNum": "6737531-DM", "HousingUnitsRemoved": "1", "IssuedDate": "2019-10-23", "Latitude": 47.66392786, "Longitude": -122.27496229, "Location1": "(47.66392786, -122.27496229)" }, "geometry": { "type": "Point", "coordinates": [ -122.2749623, 47.6639279 ] } },
{ "type": "Feature", "properties": { "PermitNum": "6738282-DM", "HousingUnitsRemoved": "0", "IssuedDate": "2021-11-03", "Latitude": 47.7179401, "Longitude": -122.31315663, "Location1": "(47.7179401, -122.31315663)" }, "geometry": { "type": "Point", "coordinates": [ -122.3131566, 47.7179401 ] } },
{ "type": "Feature", "properties": { "PermitNum": "6738373-DM", "HousingUnitsRemoved": "1", "IssuedDate": "2020-09-04", "Latitude": 47.59316244, "Longitude": -122.29487797, "Location1": "(47.59316244, -122.29487797)" }, "geometry": { "type": "Point", "coordinates": [ -122.294878, 47.5931624 ] } },
{ "type": "Feature", "properties": { "PermitNum": "6738477-DM", "HousingUnitsRemoved": "1", "IssuedDate": "2021-03-02", "Latitude": 47.66729166, "Longitude": -122.31164015, "Location1": "(47.66729166, -122.31164015)" }, "geometry": { "type": "Point", "coordinates": [ -122.3116402, 47.6672917 ] } },
{ "type": "Feature", "properties": { "PermitNum": "6779378-DM", "HousingUnitsRemoved": "1", "IssuedDate": "2020-12-31", "Latitude": 47.65146463, "Longitude": -122.37329685, "Location1": "(47.65146463, -122.37329685)" }, "geometry": { "type": "Point", "coordinates": [ -122.3732969, 47.6514646 ] } },
{ "type": "Feature", "properties": { "PermitNum": "6780035-DM", "HousingUnitsRemoved": "", "IssuedDate": "2020-04-21", "Latitude": 47.68335245, "Longitude": -122.30257633, "Location1": "(47.68335245, -122.30257633)" }, "geometry": { "type": "Point", "coordinates": [ -122.3025763, 47.6833525 ] } },
{ "type": "Feature", "properties": { "PermitNum": "6825341-DM", "HousingUnitsRemoved": "1", "IssuedDate": "2021-11-22", "Latitude": 47.56440421, "Longitude": -122.37845923, "Location1": "(47.56440421, -122.37845923)" }, "geometry": { "type": "Point", "coordinates": [ -122.3784592, 47.5644042 ] } },
{ "type": "Feature", "properties": { "PermitNum": "6825972-DM", "HousingUnitsRemoved": "", "IssuedDate": "2022-04-28", "Latitude": 47.66095951, "Longitude": -122.34910732, "Location1": "(47.66095951, -122.34910732)" }, "geometry": { "type": "Point", "coordinates": [ -122.3491073, 47.6609595 ] } },
{ "type": "Feature", "properties": { "PermitNum": "6826458-DM", "HousingUnitsRemoved": "1", "IssuedDate": "2022-08-25", "Latitude": 47.65437692, "Longitude": -122.35949372, "Location1": "(47.65437692, -122.35949372)" }, "geometry": { "type": "Point", "coordinates": [ -122.3594937, 47.6543769 ] } },
{ "type": "Feature", "properties": { "PermitNum": "6829965-DM", "HousingUnitsRemoved": "", "IssuedDate": "2021-07-20", "Latitude": 47.65036287, "Longitude": -122.3368517, "Location1": "(47.65036287, -122.3368517)" }, "geometry": { "type": "Point", "coordinates": [ -122.3368517, 47.6503629 ] } },
{ "type": "Feature", "properties": { "PermitNum": "6731125-DM", "HousingUnitsRemoved": "1", "IssuedDate": "2020-10-15", "Latitude": 47.68730628, "Longitude": -122.37760993000001, "Location1": "(47.68730628, -122.37760993)" }, "geometry": { "type": "Point", "coordinates": [ -122.3776099, 47.6873063 ] } },
{ "type": "Feature", "properties": { "PermitNum": "6732700-DM", "HousingUnitsRemoved": "", "IssuedDate": "2020-07-20", "Latitude": 47.70343983, "Longitude": -122.35817845, "Location1": "(47.70343983, -122.35817845)" }, "geometry": { "type": "Point", "coordinates": [ -122.3581784, 47.7034398 ] } },
{ "type": "Feature", "properties": { "PermitNum": "6734133-DM", "HousingUnitsRemoved": "", "IssuedDate": "2020-01-15", "Latitude": 47.67925273, "Longitude": -122.28582299, "Location1": "(47.67925273, -122.28582299)" }, "geometry": { "type": "Point", "coordinates": [ -122.285823, 47.6792527 ] } },
{ "type": "Feature", "properties": { "PermitNum": "6734876-DM", "HousingUnitsRemoved": "", "IssuedDate": "2019-11-13", "Latitude": 47.66818672, "Longitude": -122.29667973, "Location1": "(47.66818672, -122.29667973)" }, "geometry": { "type": "Point", "coordinates": [ -122.2966797, 47.6681867 ] } },
{ "type": "Feature", "properties": { "PermitNum": "6734941-DM", "HousingUnitsRemoved": "2", "IssuedDate": "2019-10-09", "Latitude": 47.69571674, "Longitude": -122.36774972000001, "Location1": "(47.69571674, -122.36774972)" }, "geometry": { "type": "Point", "coordinates": [ -122.3677497, 47.6957167 ] } },
{ "type": "Feature", "properties": { "PermitNum": "6735597-DM", "HousingUnitsRemoved": "", "IssuedDate": "2019-11-01", "Latitude": 47.67838871, "Longitude": -122.3759402, "Location1": "(47.67838871, -122.3759402)" }, "geometry": { "type": "Point", "coordinates": [ -122.3759402, 47.6783887 ] } },
{ "type": "Feature", "properties": { "PermitNum": "6777580-DM", "HousingUnitsRemoved": "1", "IssuedDate": "2021-07-02", "Latitude": 47.56616571, "Longitude": -122.29539141, "Location1": "(47.56616571, -122.29539141)" }, "geometry": { "type": "Point", "coordinates": [ -122.2953914, 47.5661657 ] } },
{ "type": "Feature", "properties": { "PermitNum": "6779200-DM", "HousingUnitsRemoved": "1", "IssuedDate": "2020-12-08", "Latitude": 47.69061258, "Longitude": -122.32515917000001, "Location1": "(47.69061258, -122.32515917)" }, "geometry": { "type": "Point", "coordinates": [ -122.3251592, 47.6906126 ] } },
{ "type": "Feature", "properties": { "PermitNum": "6779478-DM", "HousingUnitsRemoved": "", "IssuedDate": "2021-05-25", "Latitude": 47.6223519, "Longitude": -122.31754742, "Location1": "(47.6223519, -122.31754742)" }, "geometry": { "type": "Point", "coordinates": [ -122.3175474, 47.6223519 ] } },
{ "type": "Feature", "properties": { "PermitNum": "6779587-DM", "HousingUnitsRemoved": "", "IssuedDate": "2020-05-13", "Latitude": 47.65368622, "Longitude": -122.34701606, "Location1": "(47.65368622, -122.34701606)" }, "geometry": { "type": "Point", "coordinates": [ -122.3470161, 47.6536862 ] } },
{ "type": "Feature", "properties": { "PermitNum": "6779929-DM", "HousingUnitsRemoved": "1", "IssuedDate": "2020-12-06", "Latitude": 47.63595256, "Longitude": -122.29005177000001, "Location1": "(47.63595256, -122.29005177)" }, "geometry": { "type": "Point", "coordinates": [ -122.2900518, 47.6359526 ] } },
{ "type": "Feature", "properties": { "PermitNum": "6823396-DM", "HousingUnitsRemoved": "0", "IssuedDate": "2021-03-22", "Latitude": 47.67285083, "Longitude": -122.28190237, "Location1": "(47.67285083, -122.28190237)" }, "geometry": { "type": "Point", "coordinates": [ -122.2819024, 47.6728508 ] } },
{ "type": "Feature", "properties": { "PermitNum": "6823564-DM", "HousingUnitsRemoved": "1", "IssuedDate": "2021-09-22", "Latitude": 47.55190244, "Longitude": -122.39143768, "Location1": "(47.55190244, -122.39143768)" }, "geometry": { "type": "Point", "coordinates": [ -122.3914377, 47.5519024 ] } },
{ "type": "Feature", "properties": { "PermitNum": "6823568-DM", "HousingUnitsRemoved": "4", "IssuedDate": "2022-02-28", "Latitude": 47.56620102, "Longitude": -122.38591262, "Location1": "(47.56620102, -122.38591262)" }, "geometry": { "type": "Point", "coordinates": [ -122.3859126, 47.566201 ] } },
{ "type": "Feature", "properties": { "PermitNum": "6823949-DM", "HousingUnitsRemoved": "1", "IssuedDate": "2022-04-04", "Latitude": 47.57975434, "Longitude": -122.30692483, "Location1": "(47.57975434, -122.30692483)" }, "geometry": { "type": "Point", "coordinates": [ -122.3069248, 47.5797543 ] } },
{ "type": "Feature", "properties": { "PermitNum": "6825338-DM", "HousingUnitsRemoved": "1", "IssuedDate": "2021-09-16", "Latitude": 47.67375127, "Longitude": -122.32407108, "Location1": "(47.67375127, -122.32407108)" }, "geometry": { "type": "Point", "coordinates": [ -122.3240711, 47.6737513 ] } },
{ "type": "Feature", "properties": { "PermitNum": "6825930-DM", "HousingUnitsRemoved": "", "IssuedDate": "2021-05-07", "Latitude": 47.66376844, "Longitude": -122.35181293, "Location1": "(47.66376844, -122.35181293)" }, "geometry": { "type": "Point", "coordinates": [ -122.3518129, 47.6637684 ] } },
{ "type": "Feature", "properties": { "PermitNum": "6827952-DM", "HousingUnitsRemoved": "", "IssuedDate": "2021-03-16", "Latitude": 47.67385972, "Longitude": -122.33215547, "Location1": "(47.67385972, -122.33215547)" }, "geometry": { "type": "Point", "coordinates": [ -122.3321555, 47.6738597 ] } },
{ "type": "Feature", "properties": { "PermitNum": "6828580-DM", "HousingUnitsRemoved": "2", "IssuedDate": "2021-10-19", "Latitude": 47.52764443, "Longitude": -122.36080447000001, "Location1": "(47.52764443, -122.36080447)" }, "geometry": { "type": "Point", "coordinates": [ -122.3608045, 47.5276444 ] } },
{ "type": "Feature", "properties": { "PermitNum": "6874931-DM", "HousingUnitsRemoved": "1", "IssuedDate": "2022-08-03", "Latitude": 47.64101925, "Longitude": -122.32443617, "Location1": "(47.64101925, -122.32443617)" }, "geometry": { "type": "Point", "coordinates": [ -122.3244362, 47.6410192 ] } },
{ "type": "Feature", "properties": { "PermitNum": "6875139-DM", "HousingUnitsRemoved": "1", "IssuedDate": "2022-03-22", "Latitude": 47.65346743, "Longitude": -122.33098143, "Location1": "(47.65346743, -122.33098143)" }, "geometry": { "type": "Point", "coordinates": [ -122.3309814, 47.6534674 ] } },
{ "type": "Feature", "properties": { "PermitNum": "6876337-DM", "HousingUnitsRemoved": "1", "IssuedDate": "2022-12-19", "Latitude": 47.67730463, "Longitude": -122.27727624000001, "Location1": "(47.67730463, -122.27727624)" }, "geometry": { "type": "Point", "coordinates": [ -122.2772762, 47.6773046 ] } },
{ "type": "Feature", "properties": { "PermitNum": "6877133-DM", "HousingUnitsRemoved": "0", "IssuedDate": "2022-05-20", "Latitude": 47.61495443, "Longitude": -122.30466024, "Location1": "(47.61495443, -122.30466024)" }, "geometry": { "type": "Point", "coordinates": [ -122.3046602, 47.6149544 ] } },
{ "type": "Feature", "properties": { "PermitNum": "6679484-DM", "HousingUnitsRemoved": "", "IssuedDate": "2021-03-02", "Latitude": 47.59543025, "Longitude": -122.30206272, "Location1": "(47.59543025, -122.30206272)" }, "geometry": { "type": "Point", "coordinates": [ -122.3020627, 47.5954302 ] } },
{ "type": "Feature", "properties": { "PermitNum": "6679670-DM", "HousingUnitsRemoved": "1", "IssuedDate": "2019-05-31", "Latitude": 47.63961335, "Longitude": -122.38668266000001, "Location1": "(47.63961335, -122.38668266)" }, "geometry": { "type": "Point", "coordinates": [ -122.3866827, 47.6396133 ] } },
{ "type": "Feature", "properties": { "PermitNum": "6680572-DM", "HousingUnitsRemoved": "", "IssuedDate": "2019-10-23", "Latitude": 47.66236781, "Longitude": -122.34836674, "Location1": "(47.66236781, -122.34836674)" }, "geometry": { "type": "Point", "coordinates": [ -122.3483667, 47.6623678 ] } },
{ "type": "Feature", "properties": { "PermitNum": "6680960-DM", "HousingUnitsRemoved": "", "IssuedDate": "2019-04-16", "Latitude": 47.69982987, "Longitude": -122.34948967, "Location1": "(47.69982987, -122.34948967)" }, "geometry": { "type": "Point", "coordinates": [ -122.3494897, 47.6998299 ] } },
{ "type": "Feature", "properties": { "PermitNum": "6682446-DM", "HousingUnitsRemoved": "", "IssuedDate": "2019-08-05", "Latitude": 47.57748843, "Longitude": -122.40992068, "Location1": "(47.57748843, -122.40992068)" }, "geometry": { "type": "Point", "coordinates": [ -122.4099207, 47.5774884 ] } },
{ "type": "Feature", "properties": { "PermitNum": "6683151-DM", "HousingUnitsRemoved": "1", "IssuedDate": "2019-02-21", "Latitude": 47.51902739, "Longitude": -122.37784824000001, "Location1": "(47.51902739, -122.37784824)" }, "geometry": { "type": "Point", "coordinates": [ -122.3778482, 47.5190274 ] } },
{ "type": "Feature", "properties": { "PermitNum": "6684017-DM", "HousingUnitsRemoved": "1", "IssuedDate": "2019-07-30", "Latitude": 47.67329721, "Longitude": -122.37754503, "Location1": "(47.67329721, -122.37754503)" }, "geometry": { "type": "Point", "coordinates": [ -122.377545, 47.6732972 ] } },
{ "type": "Feature", "properties": { "PermitNum": "6684519-DM", "HousingUnitsRemoved": "1", "IssuedDate": "2020-03-17", "Latitude": 47.63160055, "Longitude": -122.34686273, "Location1": "(47.63160055, -122.34686273)" }, "geometry": { "type": "Point", "coordinates": [ -122.3468627, 47.6316006 ] } },
{ "type": "Feature", "properties": { "PermitNum": "6721311-DM", "HousingUnitsRemoved": "29", "IssuedDate": "2020-02-28", "Latitude": 47.60390937, "Longitude": -122.32118054, "Location1": "(47.60390937, -122.32118054)" }, "geometry": { "type": "Point", "coordinates": [ -122.3211805, 47.6039094 ] } },
{ "type": "Feature", "properties": { "PermitNum": "6721783-DM", "HousingUnitsRemoved": "", "IssuedDate": "2020-12-08", "Latitude": 47.51669887, "Longitude": -122.39800048, "Location1": "(47.51669887, -122.39800048)" }, "geometry": { "type": "Point", "coordinates": [ -122.3980005, 47.5166989 ] } },
{ "type": "Feature", "properties": { "PermitNum": "6721879-DM", "HousingUnitsRemoved": "1", "IssuedDate": "2020-02-03", "Latitude": 47.685022, "Longitude": -122.2871179, "Location1": "(47.685022, -122.2871179)" }, "geometry": { "type": "Point", "coordinates": [ -122.2871179, 47.685022 ] } },
{ "type": "Feature", "properties": { "PermitNum": "6722005-DM", "HousingUnitsRemoved": "", "IssuedDate": "2019-08-29", "Latitude": 47.55215795, "Longitude": -122.28675174, "Location1": "(47.55215795, -122.28675174)" }, "geometry": { "type": "Point", "coordinates": [ -122.2867517, 47.552158 ] } },
{ "type": "Feature", "properties": { "PermitNum": "6723213-DM", "HousingUnitsRemoved": "2", "IssuedDate": "2020-03-11", "Latitude": 47.6169141, "Longitude": -122.31461953, "Location1": "(47.6169141, -122.31461953)" }, "geometry": { "type": "Point", "coordinates": [ -122.3146195, 47.6169141 ] } },
{ "type": "Feature", "properties": { "PermitNum": "6769949-DM", "HousingUnitsRemoved": "1", "IssuedDate": "2020-02-05", "Latitude": 47.66697942, "Longitude": -122.26771815, "Location1": "(47.66697942, -122.26771815)" }, "geometry": { "type": "Point", "coordinates": [ -122.2677181, 47.6669794 ] } },
{ "type": "Feature", "properties": { "PermitNum": "6770014-DM", "HousingUnitsRemoved": "1", "IssuedDate": "2020-12-23", "Latitude": 47.58351525, "Longitude": -122.30455148, "Location1": "(47.58351525, -122.30455148)" }, "geometry": { "type": "Point", "coordinates": [ -122.3045515, 47.5835152 ] } },
{ "type": "Feature", "properties": { "PermitNum": "6771295-DM", "HousingUnitsRemoved": "0", "IssuedDate": "2020-05-18", "Latitude": 47.68959526, "Longitude": -122.3738285, "Location1": "(47.68959526, -122.3738285)" }, "geometry": { "type": "Point", "coordinates": [ -122.3738285, 47.6895953 ] } },
{ "type": "Feature", "properties": { "PermitNum": "6771443-DM", "HousingUnitsRemoved": "", "IssuedDate": "2020-02-13", "Latitude": 47.55646502, "Longitude": -122.36398049, "Location1": "(47.55646502, -122.36398049)" }, "geometry": { "type": "Point", "coordinates": [ -122.3639805, 47.556465 ] } },
{ "type": "Feature", "properties": { "PermitNum": "6771500-DM", "HousingUnitsRemoved": "1", "IssuedDate": "2020-06-23", "Latitude": 47.6106871, "Longitude": -122.30342, "Location1": "(47.6106871, -122.30342)" }, "geometry": { "type": "Point", "coordinates": [ -122.30342, 47.6106871 ] } },
{ "type": "Feature", "properties": { "PermitNum": "6772828-DM", "HousingUnitsRemoved": "", "IssuedDate": "2021-09-27", "Latitude": 47.68890433, "Longitude": -122.37235578000001, "Location1": "(47.68890433, -122.37235578)" }, "geometry": { "type": "Point", "coordinates": [ -122.3723558, 47.6889043 ] } },
{ "type": "Feature", "properties": { "PermitNum": "6772983-DM", "HousingUnitsRemoved": "", "IssuedDate": "2021-06-29", "Latitude": 47.66805217, "Longitude": -122.37054474, "Location1": "(47.66805217, -122.37054474)" }, "geometry": { "type": "Point", "coordinates": [ -122.3705447, 47.6680522 ] } },
{ "type": "Feature", "properties": { "PermitNum": "6773871-DM", "HousingUnitsRemoved": "", "IssuedDate": "2020-07-07", "Latitude": 47.64968866, "Longitude": -122.33482707, "Location1": "(47.64968866, -122.33482707)" }, "geometry": { "type": "Point", "coordinates": [ -122.3348271, 47.6496887 ] } },
{ "type": "Feature", "properties": { "PermitNum": "6774069-DM", "HousingUnitsRemoved": "", "IssuedDate": "2020-02-27", "Latitude": 47.64800328, "Longitude": -122.39188726, "Location1": "(47.64800328, -122.39188726)" }, "geometry": { "type": "Point", "coordinates": [ -122.3918873, 47.6480033 ] } },
{ "type": "Feature", "properties": { "PermitNum": "6674196-DM", "HousingUnitsRemoved": "", "IssuedDate": "2018-06-21", "Latitude": 47.68986823, "Longitude": -122.30982355, "Location1": "(47.68986823, -122.30982355)" }, "geometry": { "type": "Point", "coordinates": [ -122.3098236, 47.6898682 ] } },
{ "type": "Feature", "properties": { "PermitNum": "6676252-DM", "HousingUnitsRemoved": "", "IssuedDate": "2018-12-17", "Latitude": 47.51967208, "Longitude": -122.3902925, "Location1": "(47.51967208, -122.3902925)" }, "geometry": { "type": "Point", "coordinates": [ -122.3902925, 47.5196721 ] } },
{ "type": "Feature", "properties": { "PermitNum": "6676333-DM", "HousingUnitsRemoved": "", "IssuedDate": "2020-07-21", "Latitude": 47.61263341, "Longitude": -122.29935842, "Location1": "(47.61263341, -122.29935842)" }, "geometry": { "type": "Point", "coordinates": [ -122.2993584, 47.6126334 ] } },
{ "type": "Feature", "properties": { "PermitNum": "6676782-DM", "HousingUnitsRemoved": "", "IssuedDate": "2020-02-19", "Latitude": 47.67147902, "Longitude": -122.3918007, "Location1": "(47.67147902, -122.3918007)" }, "geometry": { "type": "Point", "coordinates": [ -122.3918007, 47.671479 ] } },
{ "type": "Feature", "properties": { "PermitNum": "6676807-DM", "HousingUnitsRemoved": "", "IssuedDate": "2020-02-20", "Latitude": 47.53391452, "Longitude": -122.3474596, "Location1": "(47.53391452, -122.3474596)" }, "geometry": { "type": "Point", "coordinates": [ -122.3474596, 47.5339145 ] } },
{ "type": "Feature", "properties": { "PermitNum": "6676947-DM", "HousingUnitsRemoved": "", "IssuedDate": "2019-04-10", "Latitude": 47.67480151, "Longitude": -122.38989955, "Location1": "(47.67480151, -122.38989955)" }, "geometry": { "type": "Point", "coordinates": [ -122.3898995, 47.6748015 ] } },
{ "type": "Feature", "properties": { "PermitNum": "6677878-DM", "HousingUnitsRemoved": "", "IssuedDate": "2019-01-10", "Latitude": 47.59820444, "Longitude": -122.31020759, "Location1": "(47.59820444, -122.31020759)" }, "geometry": { "type": "Point", "coordinates": [ -122.3102076, 47.5982044 ] } },
{ "type": "Feature", "properties": { "PermitNum": "6715390-DM", "HousingUnitsRemoved": "1", "IssuedDate": "2019-10-08", "Latitude": 47.62087966, "Longitude": -122.29751612, "Location1": "(47.62087966, -122.29751612)" }, "geometry": { "type": "Point", "coordinates": [ -122.2975161, 47.6208797 ] } },
{ "type": "Feature", "properties": { "PermitNum": "6715752-DM", "HousingUnitsRemoved": "0", "IssuedDate": "2019-10-30", "Latitude": 47.64351113, "Longitude": -122.40398154, "Location1": "(47.64351113, -122.40398154)" }, "geometry": { "type": "Point", "coordinates": [ -122.4039815, 47.6435111 ] } },
{ "type": "Feature", "properties": { "PermitNum": "6717182-DM", "HousingUnitsRemoved": "0", "IssuedDate": "2019-05-15", "Latitude": 47.68437874, "Longitude": -122.3286162, "Location1": "(47.68437874, -122.3286162)" }, "geometry": { "type": "Point", "coordinates": [ -122.3286162, 47.6843787 ] } },
{ "type": "Feature", "properties": { "PermitNum": "6717402-DM", "HousingUnitsRemoved": "", "IssuedDate": "2020-01-10", "Latitude": 47.61792017, "Longitude": -122.30655103, "Location1": "(47.61792017, -122.30655103)" }, "geometry": { "type": "Point", "coordinates": [ -122.306551, 47.6179202 ] } },
{ "type": "Feature", "properties": { "PermitNum": "6718111-DM", "HousingUnitsRemoved": "", "IssuedDate": "2020-01-28", "Latitude": 47.65389957, "Longitude": -122.35798011, "Location1": "(47.65389957, -122.35798011)" }, "geometry": { "type": "Point", "coordinates": [ -122.3579801, 47.6538996 ] } },
{ "type": "Feature", "properties": { "PermitNum": "6719467-DM", "HousingUnitsRemoved": "5", "IssuedDate": "2021-01-15", "Latitude": 47.71587283, "Longitude": -122.2948511, "Location1": "(47.71587283, -122.2948511)" }, "geometry": { "type": "Point", "coordinates": [ -122.2948511, 47.7158728 ] } },
{ "type": "Feature", "properties": { "PermitNum": "6764586-DM", "HousingUnitsRemoved": "1", "IssuedDate": "2022-04-06", "Latitude": 47.63246856, "Longitude": -122.30312023, "Location1": "(47.63246856, -122.30312023)" }, "geometry": { "type": "Point", "coordinates": [ -122.3031202, 47.6324686 ] } },
{ "type": "Feature", "properties": { "PermitNum": "6764727-DM", "HousingUnitsRemoved": "1", "IssuedDate": "2020-08-04", "Latitude": 47.54369972, "Longitude": -122.3216847, "Location1": "(47.54369972, -122.3216847)" }, "geometry": { "type": "Point", "coordinates": [ -122.3216847, 47.5436997 ] } },
{ "type": "Feature", "properties": { "PermitNum": "6765255-DM", "HousingUnitsRemoved": "", "IssuedDate": "2020-07-07", "Latitude": 47.57862151, "Longitude": -122.29558017, "Location1": "(47.57862151, -122.29558017)" }, "geometry": { "type": "Point", "coordinates": [ -122.2955802, 47.5786215 ] } },
{ "type": "Feature", "properties": { "PermitNum": "6766177-DM", "HousingUnitsRemoved": "", "IssuedDate": "2020-01-10", "Latitude": 47.69051122, "Longitude": -122.36675954, "Location1": "(47.69051122, -122.36675954)" }, "geometry": { "type": "Point", "coordinates": [ -122.3667595, 47.6905112 ] } },
{ "type": "Feature", "properties": { "PermitNum": "6811108-DM", "HousingUnitsRemoved": "1", "IssuedDate": "2021-09-07", "Latitude": 47.67870524, "Longitude": -122.29716375, "Location1": "(47.67870524, -122.29716375)" }, "geometry": { "type": "Point", "coordinates": [ -122.2971637, 47.6787052 ] } },
{ "type": "Feature", "properties": { "PermitNum": "6812074-DM", "HousingUnitsRemoved": "", "IssuedDate": "2020-11-25", "Latitude": 47.65658022, "Longitude": -122.39256661, "Location1": "(47.65658022, -122.39256661)" }, "geometry": { "type": "Point", "coordinates": [ -122.3925666, 47.6565802 ] } },
{ "type": "Feature", "properties": { "PermitNum": "6813515-DM", "HousingUnitsRemoved": "1", "IssuedDate": "2021-05-20", "Latitude": 47.69567662, "Longitude": -122.33269509, "Location1": "(47.69567662, -122.33269509)" }, "geometry": { "type": "Point", "coordinates": [ -122.3326951, 47.6956766 ] } },
{ "type": "Feature", "properties": { "PermitNum": "6813672-DM", "HousingUnitsRemoved": "", "IssuedDate": "2022-08-01", "Latitude": 47.55982475, "Longitude": -122.29234273, "Location1": "(47.55982475, -122.29234273)" }, "geometry": { "type": "Point", "coordinates": [ -122.2923427, 47.5598247 ] } },
{ "type": "Feature", "properties": { "PermitNum": "6856220-DM", "HousingUnitsRemoved": "1", "IssuedDate": "2021-09-30", "Latitude": 47.70015872, "Longitude": -122.36233117, "Location1": "(47.70015872, -122.36233117)" }, "geometry": { "type": "Point", "coordinates": [ -122.3623312, 47.7001587 ] } },
{ "type": "Feature", "properties": { "PermitNum": "6856223-DM", "HousingUnitsRemoved": "0", "IssuedDate": "2022-01-26", "Latitude": 47.54907204, "Longitude": -122.29128643, "Location1": "(47.54907204, -122.29128643)" }, "geometry": { "type": "Point", "coordinates": [ -122.2912864, 47.549072 ] } },
{ "type": "Feature", "properties": { "PermitNum": "6910125-DM", "HousingUnitsRemoved": "1", "IssuedDate": "2022-09-02", "Latitude": 47.56872335, "Longitude": -122.39114173, "Location1": "(47.56872335, -122.39114173)" }, "geometry": { "type": "Point", "coordinates": [ -122.3911417, 47.5687233 ] } },
{ "type": "Feature", "properties": { "PermitNum": "6911561-DM", "HousingUnitsRemoved": "", "IssuedDate": "2022-08-19", "Latitude": 47.68748505, "Longitude": -122.36234766, "Location1": "(47.68748505, -122.36234766)" }, "geometry": { "type": "Point", "coordinates": [ -122.3623477, 47.687485 ] } },
{ "type": "Feature", "properties": { "PermitNum": "6913294-DM", "HousingUnitsRemoved": "", "IssuedDate": "2022-12-20", "Latitude": 47.63822596, "Longitude": -122.36534819000001, "Location1": "(47.63822596, -122.36534819)" }, "geometry": { "type": "Point", "coordinates": [ -122.3653482, 47.638226 ] } },
{ "type": "Feature", "properties": { "PermitNum": "6681388-DM", "HousingUnitsRemoved": "", "IssuedDate": "2019-04-04", "Latitude": 47.66257768, "Longitude": -122.34817321, "Location1": "(47.66257768, -122.34817321)" }, "geometry": { "type": "Point", "coordinates": [ -122.3481732, 47.6625777 ] } },
{ "type": "Feature", "properties": { "PermitNum": "6684652-DM", "HousingUnitsRemoved": "", "IssuedDate": "2019-12-16", "Latitude": 47.70407888, "Longitude": -122.36482598000001, "Location1": "(47.70407888, -122.36482598)" }, "geometry": { "type": "Point", "coordinates": [ -122.364826, 47.7040789 ] } },
{ "type": "Feature", "properties": { "PermitNum": "6684831-DM", "HousingUnitsRemoved": "", "IssuedDate": "2019-01-02", "Latitude": 47.67418068, "Longitude": -122.32623299, "Location1": "(47.67418068, -122.32623299)" }, "geometry": { "type": "Point", "coordinates": [ -122.326233, 47.6741807 ] } },
{ "type": "Feature", "properties": { "PermitNum": "6684876-DM", "HousingUnitsRemoved": "", "IssuedDate": "2019-05-09", "Latitude": 47.62645485, "Longitude": -122.34681426, "Location1": "(47.62645485, -122.34681426)" }, "geometry": { "type": "Point", "coordinates": [ -122.3468143, 47.6264549 ] } },
{ "type": "Feature", "properties": { "PermitNum": "6684882-DM", "HousingUnitsRemoved": "", "IssuedDate": "2019-05-09", "Latitude": 47.62649084, "Longitude": -122.34663958, "Location1": "(47.62649084, -122.34663958)" }, "geometry": { "type": "Point", "coordinates": [ -122.3466396, 47.6264908 ] } },
{ "type": "Feature", "properties": { "PermitNum": "6684883-DM", "HousingUnitsRemoved": "", "IssuedDate": "2019-05-09", "Latitude": 47.62645111, "Longitude": -122.34647852000001, "Location1": "(47.62645111, -122.34647852)" }, "geometry": { "type": "Point", "coordinates": [ -122.3464785, 47.6264511 ] } },
{ "type": "Feature", "properties": { "PermitNum": "6765243-DM", "HousingUnitsRemoved": "", "IssuedDate": "2020-08-07", "Latitude": 47.65622894, "Longitude": -122.34638354000001, "Location1": "(47.65622894, -122.34638354)" }, "geometry": { "type": "Point", "coordinates": [ -122.3463835, 47.6562289 ] } },
{ "type": "Feature", "properties": { "PermitNum": "6766259-DM", "HousingUnitsRemoved": "", "IssuedDate": "2020-01-10", "Latitude": 47.72460507, "Longitude": -122.36393352, "Location1": "(47.72460507, -122.36393352)" }, "geometry": { "type": "Point", "coordinates": [ -122.3639335, 47.7246051 ] } },
{ "type": "Feature", "properties": { "PermitNum": "6768702-DM", "HousingUnitsRemoved": "4", "IssuedDate": "2020-04-10", "Latitude": 47.661903, "Longitude": -122.33047022, "Location1": "(47.661903, -122.33047022)" }, "geometry": { "type": "Point", "coordinates": [ -122.3304702, 47.661903 ] } },
{ "type": "Feature", "properties": { "PermitNum": "6770220-DM", "HousingUnitsRemoved": "1", "IssuedDate": "2020-10-21", "Latitude": 47.70173691, "Longitude": -122.32066366, "Location1": "(47.70173691, -122.32066366)" }, "geometry": { "type": "Point", "coordinates": [ -122.3206637, 47.7017369 ] } },
{ "type": "Feature", "properties": { "PermitNum": "6812422-DM", "HousingUnitsRemoved": "1", "IssuedDate": "2022-04-27", "Latitude": 47.66772809, "Longitude": -122.36709967, "Location1": "(47.66772809, -122.36709967)" }, "geometry": { "type": "Point", "coordinates": [ -122.3670997, 47.6677281 ] } },
{ "type": "Feature", "properties": { "PermitNum": "6812621-DM", "HousingUnitsRemoved": "", "IssuedDate": "2021-08-13", "Latitude": 47.61221089, "Longitude": -122.28788989, "Location1": "(47.61221089, -122.28788989)" }, "geometry": { "type": "Point", "coordinates": [ -122.2878899, 47.6122109 ] } },
{ "type": "Feature", "properties": { "PermitNum": "6812718-DM", "HousingUnitsRemoved": "1", "IssuedDate": "2021-10-21", "Latitude": 47.56043023, "Longitude": -122.40372282, "Location1": "(47.56043023, -122.40372282)" }, "geometry": { "type": "Point", "coordinates": [ -122.4037228, 47.5604302 ] } },
{ "type": "Feature", "properties": { "PermitNum": "6813866-DM", "HousingUnitsRemoved": "1", "IssuedDate": "2020-12-10", "Latitude": 47.58500824, "Longitude": -122.30060592, "Location1": "(47.58500824, -122.30060592)" }, "geometry": { "type": "Point", "coordinates": [ -122.3006059, 47.5850082 ] } },
{ "type": "Feature", "properties": { "PermitNum": "6816383-DM", "HousingUnitsRemoved": "", "IssuedDate": "2021-01-12", "Latitude": 47.62614256, "Longitude": -122.3070023, "Location1": "(47.62614256, -122.3070023)" }, "geometry": { "type": "Point", "coordinates": [ -122.3070023, 47.6261426 ] } },
{ "type": "Feature", "properties": { "PermitNum": "6859912-DM", "HousingUnitsRemoved": "", "IssuedDate": "2022-10-24", "Latitude": 47.71833466, "Longitude": -122.28561759, "Location1": "(47.71833466, -122.28561759)" }, "geometry": { "type": "Point", "coordinates": [ -122.2856176, 47.7183347 ] } },
{ "type": "Feature", "properties": { "PermitNum": "6861434-DM", "HousingUnitsRemoved": "1", "IssuedDate": "2022-10-04", "Latitude": 47.65613874, "Longitude": -122.32328262, "Location1": "(47.65613874, -122.32328262)" }, "geometry": { "type": "Point", "coordinates": [ -122.3232826, 47.6561387 ] } },
{ "type": "Feature", "properties": { "PermitNum": "6861961-DM", "HousingUnitsRemoved": "1", "IssuedDate": "2022-02-16", "Latitude": 47.53569328, "Longitude": -122.28016679, "Location1": "(47.53569328, -122.28016679)" }, "geometry": { "type": "Point", "coordinates": [ -122.2801668, 47.5356933 ] } },
{ "type": "Feature", "properties": { "PermitNum": "6918047-DM", "HousingUnitsRemoved": "1", "IssuedDate": "2022-12-08", "Latitude": 47.69921771, "Longitude": -122.31436321, "Location1": "(47.69921771, -122.31436321)" }, "geometry": { "type": "Point", "coordinates": [ -122.3143632, 47.6992177 ] } },
{ "type": "Feature", "properties": { "PermitNum": "6918391-DM", "HousingUnitsRemoved": "", "IssuedDate": "2022-08-24", "Latitude": 47.64869285, "Longitude": -122.37254502, "Location1": "(47.64869285, -122.37254502)" }, "geometry": { "type": "Point", "coordinates": [ -122.372545, 47.6486929 ] } },
{ "type": "Feature", "properties": { "PermitNum": "6918729-DM", "HousingUnitsRemoved": "", "IssuedDate": "2022-11-22", "Latitude": 47.66917223, "Longitude": -122.33298259, "Location1": "(47.66917223, -122.33298259)" }, "geometry": { "type": "Point", "coordinates": [ -122.3329826, 47.6691722 ] } },
{ "type": "Feature", "properties": { "PermitNum": "6669052-DM", "HousingUnitsRemoved": "1", "IssuedDate": "2018-10-08", "Latitude": 47.6935647, "Longitude": -122.34287622, "Location1": "(47.6935647, -122.34287622)" }, "geometry": { "type": "Point", "coordinates": [ -122.3428762, 47.6935647 ] } },
{ "type": "Feature", "properties": { "PermitNum": "6672488-DM", "HousingUnitsRemoved": "", "IssuedDate": "2019-11-12", "Latitude": 47.59233219, "Longitude": -122.29521131, "Location1": "(47.59233219, -122.29521131)" }, "geometry": { "type": "Point", "coordinates": [ -122.2952113, 47.5923322 ] } },
{ "type": "Feature", "properties": { "PermitNum": "6709922-DM", "HousingUnitsRemoved": "", "IssuedDate": "2019-09-25", "Latitude": 47.65962408, "Longitude": -122.34890343, "Location1": "(47.65962408, -122.34890343)" }, "geometry": { "type": "Point", "coordinates": [ -122.3489034, 47.6596241 ] } },
{ "type": "Feature", "properties": { "PermitNum": "6711138-DM", "HousingUnitsRemoved": "1", "IssuedDate": "2019-07-17", "Latitude": 47.56672212, "Longitude": -122.35774627000001, "Location1": "(47.56672212, -122.35774627)" }, "geometry": { "type": "Point", "coordinates": [ -122.3577463, 47.5667221 ] } },
{ "type": "Feature", "properties": { "PermitNum": "6711224-DM", "HousingUnitsRemoved": "", "IssuedDate": "2020-03-26", "Latitude": 47.56562933, "Longitude": -122.36592227, "Location1": "(47.56562933, -122.36592227)" }, "geometry": { "type": "Point", "coordinates": [ -122.3659223, 47.5656293 ] } },
{ "type": "Feature", "properties": { "PermitNum": "6713285-DM", "HousingUnitsRemoved": "0", "IssuedDate": "2019-10-28", "Latitude": 47.64797553, "Longitude": -122.3601349, "Location1": "(47.64797553, -122.3601349)" }, "geometry": { "type": "Point", "coordinates": [ -122.3601349, 47.6479755 ] } },
{ "type": "Feature", "properties": { "PermitNum": "6713428-DM", "HousingUnitsRemoved": "2", "IssuedDate": "2019-11-19", "Latitude": 47.620412, "Longitude": -122.31924052, "Location1": "(47.620412, -122.31924052)" }, "geometry": { "type": "Point", "coordinates": [ -122.3192405, 47.620412 ] } },
{ "type": "Feature", "properties": { "PermitNum": "6714053-DM", "HousingUnitsRemoved": "", "IssuedDate": "2019-10-23", "Latitude": 47.51751546, "Longitude": -122.26769051, "Location1": "(47.51751546, -122.26769051)" }, "geometry": { "type": "Point", "coordinates": [ -122.2676905, 47.5175155 ] } },
{ "type": "Feature", "properties": { "PermitNum": "6757574-DM", "HousingUnitsRemoved": "", "IssuedDate": "2020-05-11", "Latitude": 47.66343197, "Longitude": -122.33831488, "Location1": "(47.66343197, -122.33831488)" }, "geometry": { "type": "Point", "coordinates": [ -122.3383149, 47.663432 ] } },
{ "type": "Feature", "properties": { "PermitNum": "6757576-DM", "HousingUnitsRemoved": "1", "IssuedDate": "2021-02-12", "Latitude": 47.65482737, "Longitude": -122.34440513, "Location1": "(47.65482737, -122.34440513)" }, "geometry": { "type": "Point", "coordinates": [ -122.3444051, 47.6548274 ] } },
{ "type": "Feature", "properties": { "PermitNum": "6759174-DM", "HousingUnitsRemoved": "", "IssuedDate": "2020-04-27", "Latitude": 47.59434586, "Longitude": -122.30827009, "Location1": "(47.59434586, -122.30827009)" }, "geometry": { "type": "Point", "coordinates": [ -122.3082701, 47.5943459 ] } },
{ "type": "Feature", "properties": { "PermitNum": "6759836-DM", "HousingUnitsRemoved": "1", "IssuedDate": "2020-12-02", "Latitude": 47.65928961, "Longitude": -122.35360499, "Location1": "(47.65928961, -122.35360499)" }, "geometry": { "type": "Point", "coordinates": [ -122.353605, 47.6592896 ] } },
{ "type": "Feature", "properties": { "PermitNum": "6761198-DM", "HousingUnitsRemoved": "", "IssuedDate": "2020-02-08", "Latitude": 47.5222193, "Longitude": -122.3537354, "Location1": "(47.5222193, -122.3537354)" }, "geometry": { "type": "Point", "coordinates": [ -122.3537354, 47.5222193 ] } },
{ "type": "Feature", "properties": { "PermitNum": "6803992-DM", "HousingUnitsRemoved": "1", "IssuedDate": "2021-04-05", "Latitude": 47.63722294, "Longitude": -122.27994282, "Location1": "(47.63722294, -122.27994282)" }, "geometry": { "type": "Point", "coordinates": [ -122.2799428, 47.6372229 ] } },
{ "type": "Feature", "properties": { "PermitNum": "6804145-DM", "HousingUnitsRemoved": "", "IssuedDate": "2021-02-26", "Latitude": 47.69210239, "Longitude": -122.35153244, "Location1": "(47.69210239, -122.35153244)" }, "geometry": { "type": "Point", "coordinates": [ -122.3515324, 47.6921024 ] } },
{ "type": "Feature", "properties": { "PermitNum": "6804915-DM", "HousingUnitsRemoved": "1", "IssuedDate": "2021-03-16", "Latitude": 47.68690061, "Longitude": -122.3954503, "Location1": "(47.68690061, -122.3954503)" }, "geometry": { "type": "Point", "coordinates": [ -122.3954503, 47.6869006 ] } },
{ "type": "Feature", "properties": { "PermitNum": "6805908-DM", "HousingUnitsRemoved": "", "IssuedDate": "2022-10-11", "Latitude": 47.71827785, "Longitude": -122.31357169, "Location1": "(47.71827785, -122.31357169)" }, "geometry": { "type": "Point", "coordinates": [ -122.3135717, 47.7182778 ] } },
{ "type": "Feature", "properties": { "PermitNum": "6806571-DM", "HousingUnitsRemoved": "1", "IssuedDate": "2022-02-01", "Latitude": 47.67820276, "Longitude": -122.31597077000001, "Location1": "(47.67820276, -122.31597077)" }, "geometry": { "type": "Point", "coordinates": [ -122.3159708, 47.6782028 ] } },
{ "type": "Feature", "properties": { "PermitNum": "6807155-DM", "HousingUnitsRemoved": "1", "IssuedDate": "2021-04-30", "Latitude": 47.62069088, "Longitude": -122.29448824000001, "Location1": "(47.62069088, -122.29448824)" }, "geometry": { "type": "Point", "coordinates": [ -122.2944882, 47.6206909 ] } },
{ "type": "Feature", "properties": { "PermitNum": "6808086-DM", "HousingUnitsRemoved": "0", "IssuedDate": "2022-05-06", "Latitude": 47.65586302, "Longitude": -122.34285488, "Location1": "(47.65586302, -122.34285488)" }, "geometry": { "type": "Point", "coordinates": [ -122.3428549, 47.655863 ] } },
{ "type": "Feature", "properties": { "PermitNum": "6653701-DM", "HousingUnitsRemoved": "1", "IssuedDate": "2020-08-05", "Latitude": 47.66847245, "Longitude": -122.32772537, "Location1": "(47.66847245, -122.32772537)" }, "geometry": { "type": "Point", "coordinates": [ -122.3277254, 47.6684725 ] } },
{ "type": "Feature", "properties": { "PermitNum": "6653762-DM", "HousingUnitsRemoved": "1", "IssuedDate": "2018-08-21", "Latitude": 47.6771428, "Longitude": -122.38183083, "Location1": "(47.6771428, -122.38183083)" }, "geometry": { "type": "Point", "coordinates": [ -122.3818308, 47.6771428 ] } },
{ "type": "Feature", "properties": { "PermitNum": "6654006-DM", "HousingUnitsRemoved": "1", "IssuedDate": "2018-12-31", "Latitude": 47.66230434, "Longitude": -122.3511475, "Location1": "(47.66230434, -122.3511475)" }, "geometry": { "type": "Point", "coordinates": [ -122.3511475, 47.6623043 ] } },
{ "type": "Feature", "properties": { "PermitNum": "6655686-DM", "HousingUnitsRemoved": "1", "IssuedDate": "2019-05-20", "Latitude": 47.5652667, "Longitude": -122.3650185, "Location1": "(47.5652667, -122.3650185)" }, "geometry": { "type": "Point", "coordinates": [ -122.3650185, 47.5652667 ] } },
{ "type": "Feature", "properties": { "PermitNum": "6657579-DM", "HousingUnitsRemoved": "1", "IssuedDate": "2019-07-02", "Latitude": 47.65118865, "Longitude": -122.39721672, "Location1": "(47.65118865, -122.39721672)" }, "geometry": { "type": "Point", "coordinates": [ -122.3972167, 47.6511887 ] } },
{ "type": "Feature", "properties": { "PermitNum": "6658496-DM", "HousingUnitsRemoved": "1", "IssuedDate": "2018-04-25", "Latitude": 47.68793209, "Longitude": -122.3557846, "Location1": "(47.68793209, -122.3557846)" }, "geometry": { "type": "Point", "coordinates": [ -122.3557846, 47.6879321 ] } },
{ "type": "Feature", "properties": { "PermitNum": "6667728-DM", "HousingUnitsRemoved": "1", "IssuedDate": "2018-10-08", "Latitude": 47.60951115, "Longitude": -122.31126653, "Location1": "(47.60951115, -122.31126653)" }, "geometry": { "type": "Point", "coordinates": [ -122.3112665, 47.6095112 ] } },
{ "type": "Feature", "properties": { "PermitNum": "6705723-DM", "HousingUnitsRemoved": "", "IssuedDate": "2019-10-30", "Latitude": 47.542289, "Longitude": -122.32160212, "Location1": "(47.542289, -122.32160212)" }, "geometry": { "type": "Point", "coordinates": [ -122.3216021, 47.542289 ] } },
{ "type": "Feature", "properties": { "PermitNum": "6705968-DM", "HousingUnitsRemoved": "1", "IssuedDate": "2020-06-05", "Latitude": 47.59265176, "Longitude": -122.30648406, "Location1": "(47.59265176, -122.30648406)" }, "geometry": { "type": "Point", "coordinates": [ -122.3064841, 47.5926518 ] } },
{ "type": "Feature", "properties": { "PermitNum": "6706091-DM", "HousingUnitsRemoved": "", "IssuedDate": "2020-01-24", "Latitude": 47.62350703, "Longitude": -122.28908771, "Location1": "(47.62350703, -122.28908771)" }, "geometry": { "type": "Point", "coordinates": [ -122.2890877, 47.623507 ] } },
{ "type": "Feature", "properties": { "PermitNum": "6706465-DM", "HousingUnitsRemoved": "1", "IssuedDate": "2020-08-07", "Latitude": 47.57733744, "Longitude": -122.4043121, "Location1": "(47.57733744, -122.4043121)" }, "geometry": { "type": "Point", "coordinates": [ -122.4043121, 47.5773374 ] } },
{ "type": "Feature", "properties": { "PermitNum": "6706489-DM", "HousingUnitsRemoved": "", "IssuedDate": "2019-09-05", "Latitude": 47.71206942, "Longitude": -122.32248466, "Location1": "(47.71206942, -122.32248466)" }, "geometry": { "type": "Point", "coordinates": [ -122.3224847, 47.7120694 ] } },
{ "type": "Feature", "properties": { "PermitNum": "6707019-DM", "HousingUnitsRemoved": "", "IssuedDate": "2019-10-15", "Latitude": 47.53325183, "Longitude": -122.28043825, "Location1": "(47.53325183, -122.28043825)" }, "geometry": { "type": "Point", "coordinates": [ -122.2804383, 47.5332518 ] } },
{ "type": "Feature", "properties": { "PermitNum": "6707206-DM", "HousingUnitsRemoved": "", "IssuedDate": "2019-01-09", "Latitude": 47.52414203, "Longitude": -122.32703208, "Location1": "(47.52414203, -122.32703208)" }, "geometry": { "type": "Point", "coordinates": [ -122.3270321, 47.524142 ] } },
{ "type": "Feature", "properties": { "PermitNum": "6708510-DM", "HousingUnitsRemoved": "", "IssuedDate": "2019-09-17", "Latitude": 47.6746074, "Longitude": -122.3316489, "Location1": "(47.6746074, -122.3316489)" }, "geometry": { "type": "Point", "coordinates": [ -122.3316489, 47.6746074 ] } },
{ "type": "Feature", "properties": { "PermitNum": "6708905-DM", "HousingUnitsRemoved": "1", "IssuedDate": "2019-07-18", "Latitude": 47.67895262, "Longitude": -122.3195531, "Location1": "(47.67895262, -122.3195531)" }, "geometry": { "type": "Point", "coordinates": [ -122.3195531, 47.6789526 ] } },
{ "type": "Feature", "properties": { "PermitNum": "6708913-DM", "HousingUnitsRemoved": "1", "IssuedDate": "2019-02-28", "Latitude": 47.55167489, "Longitude": -122.28696013, "Location1": "(47.55167489, -122.28696013)" }, "geometry": { "type": "Point", "coordinates": [ -122.2869601, 47.5516749 ] } },
{ "type": "Feature", "properties": { "PermitNum": "6709001-DM", "HousingUnitsRemoved": "", "IssuedDate": "2020-06-15", "Latitude": 47.65052746, "Longitude": -122.36677142000001, "Location1": "(47.65052746, -122.36677142)" }, "geometry": { "type": "Point", "coordinates": [ -122.3667714, 47.6505275 ] } },
{ "type": "Feature", "properties": { "PermitNum": "6709505-DM", "HousingUnitsRemoved": "", "IssuedDate": "2020-02-07", "Latitude": 47.61869149, "Longitude": -122.29321538000001, "Location1": "(47.61869149, -122.29321538)" }, "geometry": { "type": "Point", "coordinates": [ -122.2932154, 47.6186915 ] } },
{ "type": "Feature", "properties": { "PermitNum": "6709718-DM", "HousingUnitsRemoved": "1", "IssuedDate": "2020-01-02", "Latitude": 47.56538632, "Longitude": -122.39449606, "Location1": "(47.56538632, -122.39449606)" }, "geometry": { "type": "Point", "coordinates": [ -122.3944961, 47.5653863 ] } },
{ "type": "Feature", "properties": { "PermitNum": "6753092-DM", "HousingUnitsRemoved": "", "IssuedDate": "2019-12-06", "Latitude": 47.67536937, "Longitude": -122.39755943, "Location1": "(47.67536937, -122.39755943)" }, "geometry": { "type": "Point", "coordinates": [ -122.3975594, 47.6753694 ] } },
{ "type": "Feature", "properties": { "PermitNum": "6753267-DM", "HousingUnitsRemoved": "1", "IssuedDate": "2020-05-15", "Latitude": 47.56990931, "Longitude": -122.28973314, "Location1": "(47.56990931, -122.28973314)" }, "geometry": { "type": "Point", "coordinates": [ -122.2897331, 47.5699093 ] } },
{ "type": "Feature", "properties": { "PermitNum": "6753382-DM", "HousingUnitsRemoved": "1", "IssuedDate": "2020-03-24", "Latitude": 47.61707867, "Longitude": -122.2842711, "Location1": "(47.61707867, -122.2842711)" }, "geometry": { "type": "Point", "coordinates": [ -122.2842711, 47.6170787 ] } },
{ "type": "Feature", "properties": { "PermitNum": "6754324-DM", "HousingUnitsRemoved": "1", "IssuedDate": "2020-12-18", "Latitude": 47.58669973, "Longitude": -122.30060288, "Location1": "(47.58669973, -122.30060288)" }, "geometry": { "type": "Point", "coordinates": [ -122.3006029, 47.5866997 ] } },
{ "type": "Feature", "properties": { "PermitNum": "6754337-DM", "HousingUnitsRemoved": "", "IssuedDate": "2020-03-25", "Latitude": 47.57276961, "Longitude": -122.31370794, "Location1": "(47.57276961, -122.31370794)" }, "geometry": { "type": "Point", "coordinates": [ -122.3137079, 47.5727696 ] } },
{ "type": "Feature", "properties": { "PermitNum": "6756779-DM", "HousingUnitsRemoved": "1", "IssuedDate": "2019-10-23", "Latitude": 47.66235332, "Longitude": -122.34799455, "Location1": "(47.66235332, -122.34799455)" }, "geometry": { "type": "Point", "coordinates": [ -122.3479945, 47.6623533 ] } },
{ "type": "Feature", "properties": { "PermitNum": "6798254-DM", "HousingUnitsRemoved": "1", "IssuedDate": "2021-05-24", "Latitude": 47.51139308, "Longitude": -122.24668593, "Location1": "(47.51139308, -122.24668593)" }, "geometry": { "type": "Point", "coordinates": [ -122.2466859, 47.5113931 ] } },
{ "type": "Feature", "properties": { "PermitNum": "6799809-DM", "HousingUnitsRemoved": "3", "IssuedDate": "2021-08-23", "Latitude": 47.64005798, "Longitude": -122.37587423, "Location1": "(47.64005798, -122.37587423)" }, "geometry": { "type": "Point", "coordinates": [ -122.3758742, 47.640058 ] } },
{ "type": "Feature", "properties": { "PermitNum": "6800069-DM", "HousingUnitsRemoved": "", "IssuedDate": "2021-06-28", "Latitude": 47.70107307, "Longitude": -122.31572207000001, "Location1": "(47.70107307, -122.31572207)" }, "geometry": { "type": "Point", "coordinates": [ -122.3157221, 47.7010731 ] } },
{ "type": "Feature", "properties": { "PermitNum": "6800839-DM", "HousingUnitsRemoved": "4", "IssuedDate": "2022-05-25", "Latitude": 47.68918432, "Longitude": -122.3717446, "Location1": "(47.68918432, -122.3717446)" }, "geometry": { "type": "Point", "coordinates": [ -122.3717446, 47.6891843 ] } },
{ "type": "Feature", "properties": { "PermitNum": "6800842-DM", "HousingUnitsRemoved": "", "IssuedDate": "2021-09-24", "Latitude": 47.52203271, "Longitude": -122.35696563, "Location1": "(47.52203271, -122.35696563)" }, "geometry": { "type": "Point", "coordinates": [ -122.3569656, 47.5220327 ] } },
{ "type": "Feature", "properties": { "PermitNum": "6801253-DM", "HousingUnitsRemoved": "1", "IssuedDate": "2021-02-03", "Latitude": 47.60455902, "Longitude": -122.31132865, "Location1": "(47.60455902, -122.31132865)" }, "geometry": { "type": "Point", "coordinates": [ -122.3113286, 47.604559 ] } },
{ "type": "Feature", "properties": { "PermitNum": "6802202-DM", "HousingUnitsRemoved": "1", "IssuedDate": "2021-08-10", "Latitude": 47.70334035, "Longitude": -122.36772845, "Location1": "(47.70334035, -122.36772845)" }, "geometry": { "type": "Point", "coordinates": [ -122.3677285, 47.7033403 ] } },
{ "type": "Feature", "properties": { "PermitNum": "6842671-DM", "HousingUnitsRemoved": "1", "IssuedDate": "2021-07-01", "Latitude": 47.70543546, "Longitude": -122.34041007, "Location1": "(47.70543546, -122.34041007)" }, "geometry": { "type": "Point", "coordinates": [ -122.3404101, 47.7054355 ] } },
{ "type": "Feature", "properties": { "PermitNum": "6843188-DM", "HousingUnitsRemoved": "", "IssuedDate": "2022-04-11", "Latitude": 47.61762787, "Longitude": -122.28493023, "Location1": "(47.61762787, -122.28493023)" }, "geometry": { "type": "Point", "coordinates": [ -122.2849302, 47.6176279 ] } },
{ "type": "Feature", "properties": { "PermitNum": "6847307-DM", "HousingUnitsRemoved": "1", "IssuedDate": "2022-02-09", "Latitude": 47.68904311, "Longitude": -122.3024086, "Location1": "(47.68904311, -122.3024086)" }, "geometry": { "type": "Point", "coordinates": [ -122.3024086, 47.6890431 ] } },
{ "type": "Feature", "properties": { "PermitNum": "6893276-DM", "HousingUnitsRemoved": "", "IssuedDate": "2022-08-01", "Latitude": 47.57741459, "Longitude": -122.31628363, "Location1": "(47.57741459, -122.31628363)" }, "geometry": { "type": "Point", "coordinates": [ -122.3162836, 47.5774146 ] } },
{ "type": "Feature", "properties": { "PermitNum": "6711610-DM", "HousingUnitsRemoved": "1", "IssuedDate": "2019-06-04", "Latitude": 47.68826034, "Longitude": -122.34748824, "Location1": "(47.68826034, -122.34748824)" }, "geometry": { "type": "Point", "coordinates": [ -122.3474882, 47.6882603 ] } },
{ "type": "Feature", "properties": { "PermitNum": "6712021-DM", "HousingUnitsRemoved": "3", "IssuedDate": "2020-11-16", "Latitude": 47.66314209, "Longitude": -122.35169832, "Location1": "(47.66314209, -122.35169832)" }, "geometry": { "type": "Point", "coordinates": [ -122.3516983, 47.6631421 ] } },
{ "type": "Feature", "properties": { "PermitNum": "6712549-DM", "HousingUnitsRemoved": "1", "IssuedDate": "2019-10-04", "Latitude": 47.69538125, "Longitude": -122.36902282, "Location1": "(47.69538125, -122.36902282)" }, "geometry": { "type": "Point", "coordinates": [ -122.3690228, 47.6953812 ] } },
{ "type": "Feature", "properties": { "PermitNum": "6713462-DM", "HousingUnitsRemoved": "1", "IssuedDate": "2019-05-14", "Latitude": 47.65714975, "Longitude": -122.39254634, "Location1": "(47.65714975, -122.39254634)" }, "geometry": { "type": "Point", "coordinates": [ -122.3925463, 47.6571498 ] } },
{ "type": "Feature", "properties": { "PermitNum": "6714013-DM", "HousingUnitsRemoved": "", "IssuedDate": "2020-03-20", "Latitude": 47.6118223, "Longitude": -122.29542164, "Location1": "(47.6118223, -122.29542164)" }, "geometry": { "type": "Point", "coordinates": [ -122.2954216, 47.6118223 ] } },
{ "type": "Feature", "properties": { "PermitNum": "6714218-DM", "HousingUnitsRemoved": "2", "IssuedDate": "2020-11-17", "Latitude": 47.60574898, "Longitude": -122.31528992, "Location1": "(47.60574898, -122.31528992)" }, "geometry": { "type": "Point", "coordinates": [ -122.3152899, 47.605749 ] } },
{ "type": "Feature", "properties": { "PermitNum": "6714419-DM", "HousingUnitsRemoved": "1", "IssuedDate": "2019-02-06", "Latitude": 47.63576979, "Longitude": -122.3948955, "Location1": "(47.63576979, -122.3948955)" }, "geometry": { "type": "Point", "coordinates": [ -122.3948955, 47.6357698 ] } },
{ "type": "Feature", "properties": { "PermitNum": "6847363-DM", "HousingUnitsRemoved": "", "IssuedDate": "2021-10-12", "Latitude": 47.66448188, "Longitude": -122.34633143000001, "Location1": "(47.66448188, -122.34633143)" }, "geometry": { "type": "Point", "coordinates": [ -122.3463314, 47.6644819 ] } },
{ "type": "Feature", "properties": { "PermitNum": "6848466-DM", "HousingUnitsRemoved": "", "IssuedDate": "2021-07-15", "Latitude": 47.63177053, "Longitude": -122.3602279, "Location1": "(47.63177053, -122.3602279)" }, "geometry": { "type": "Point", "coordinates": [ -122.3602279, 47.6317705 ] } },
{ "type": "Feature", "properties": { "PermitNum": "6848959-DM", "HousingUnitsRemoved": "1", "IssuedDate": "2022-10-08", "Latitude": 47.55123577, "Longitude": -122.30541795000001, "Location1": "(47.55123577, -122.30541795)" }, "geometry": { "type": "Point", "coordinates": [ -122.305418, 47.5512358 ] } },
{ "type": "Feature", "properties": { "PermitNum": "6849950-DM", "HousingUnitsRemoved": "", "IssuedDate": "2021-08-31", "Latitude": 47.6503569, "Longitude": -122.33776665000001, "Location1": "(47.6503569, -122.33776665)" }, "geometry": { "type": "Point", "coordinates": [ -122.3377667, 47.6503569 ] } },
{ "type": "Feature", "properties": { "PermitNum": "6850263-DM", "HousingUnitsRemoved": "1", "IssuedDate": "2022-05-25", "Latitude": 47.68951762, "Longitude": -122.37198048, "Location1": "(47.68951762, -122.37198048)" }, "geometry": { "type": "Point", "coordinates": [ -122.3719805, 47.6895176 ] } },
{ "type": "Feature", "properties": { "PermitNum": "6850468-DM", "HousingUnitsRemoved": "0", "IssuedDate": "2022-01-18", "Latitude": 47.52695725, "Longitude": -122.32275899, "Location1": "(47.52695725, -122.32275899)" }, "geometry": { "type": "Point", "coordinates": [ -122.322759, 47.5269573 ] } },
{ "type": "Feature", "properties": { "PermitNum": "6850940-DM", "HousingUnitsRemoved": "1", "IssuedDate": "2021-12-09", "Latitude": 47.62341935, "Longitude": -122.30097131, "Location1": "(47.62341935, -122.30097131)" }, "geometry": { "type": "Point", "coordinates": [ -122.3009713, 47.6234193 ] } },
{ "type": "Feature", "properties": { "PermitNum": "6851608-DM", "HousingUnitsRemoved": "", "IssuedDate": "2021-08-25", "Latitude": 47.63211084, "Longitude": -122.31223551, "Location1": "(47.63211084, -122.31223551)" }, "geometry": { "type": "Point", "coordinates": [ -122.3122355, 47.6321108 ] } },
{ "type": "Feature", "properties": { "PermitNum": "6852532-DM", "HousingUnitsRemoved": "1", "IssuedDate": "2022-06-23", "Latitude": 47.67931361, "Longitude": -122.31897597, "Location1": "(47.67931361, -122.31897597)" }, "geometry": { "type": "Point", "coordinates": [ -122.318976, 47.6793136 ] } },
{ "type": "Feature", "properties": { "PermitNum": "6852566-DM", "HousingUnitsRemoved": "", "IssuedDate": "2022-01-31", "Latitude": 47.65852837, "Longitude": -122.34889339, "Location1": "(47.65852837, -122.34889339)" }, "geometry": { "type": "Point", "coordinates": [ -122.3488934, 47.6585284 ] } },
{ "type": "Feature", "properties": { "PermitNum": "6852864-DM", "HousingUnitsRemoved": "1", "IssuedDate": "2021-09-13", "Latitude": 47.70221744, "Longitude": -122.36710555000001, "Location1": "(47.70221744, -122.36710555)" }, "geometry": { "type": "Point", "coordinates": [ -122.3671056, 47.7022174 ] } },
{ "type": "Feature", "properties": { "PermitNum": "6902945-DM", "HousingUnitsRemoved": "1", "IssuedDate": "2022-06-24", "Latitude": 47.7294506, "Longitude": -122.33798691, "Location1": "(47.7294506, -122.33798691)" }, "geometry": { "type": "Point", "coordinates": [ -122.3379869, 47.7294506 ] } },
{ "type": "Feature", "properties": { "PermitNum": "6903353-DM", "HousingUnitsRemoved": "", "IssuedDate": "2022-06-22", "Latitude": 47.65349119, "Longitude": -122.32941422, "Location1": "(47.65349119, -122.32941422)" }, "geometry": { "type": "Point", "coordinates": [ -122.3294142, 47.6534912 ] } },
{ "type": "Feature", "properties": { "PermitNum": "6700107-DM", "HousingUnitsRemoved": "", "IssuedDate": "2019-06-10", "Latitude": 47.64706629, "Longitude": -122.35970621, "Location1": "(47.64706629, -122.35970621)" }, "geometry": { "type": "Point", "coordinates": [ -122.3597062, 47.6470663 ] } },
{ "type": "Feature", "properties": { "PermitNum": "6700608-DM", "HousingUnitsRemoved": "", "IssuedDate": "2020-01-15", "Latitude": 47.57399191, "Longitude": -122.29364887, "Location1": "(47.57399191, -122.29364887)" }, "geometry": { "type": "Point", "coordinates": [ -122.2936489, 47.5739919 ] } },
{ "type": "Feature", "properties": { "PermitNum": "6701798-DM", "HousingUnitsRemoved": "", "IssuedDate": "2019-09-26", "Latitude": 47.71540557, "Longitude": -122.29529549, "Location1": "(47.71540557, -122.29529549)" }, "geometry": { "type": "Point", "coordinates": [ -122.2952955, 47.7154056 ] } },
{ "type": "Feature", "properties": { "PermitNum": "6702056-DM", "HousingUnitsRemoved": "", "IssuedDate": "2019-12-03", "Latitude": 47.6941458, "Longitude": -122.38111921, "Location1": "(47.6941458, -122.38111921)" }, "geometry": { "type": "Point", "coordinates": [ -122.3811192, 47.6941458 ] } },
{ "type": "Feature", "properties": { "PermitNum": "6702734-DM", "HousingUnitsRemoved": "1", "IssuedDate": "2020-01-08", "Latitude": 47.71560146, "Longitude": -122.31318999, "Location1": "(47.71560146, -122.31318999)" }, "geometry": { "type": "Point", "coordinates": [ -122.31319, 47.7156015 ] } },
{ "type": "Feature", "properties": { "PermitNum": "6703020-DM", "HousingUnitsRemoved": "1", "IssuedDate": "2020-09-15", "Latitude": 47.69985581, "Longitude": -122.36173727000001, "Location1": "(47.69985581, -122.36173727)" }, "geometry": { "type": "Point", "coordinates": [ -122.3617373, 47.6998558 ] } },
{ "type": "Feature", "properties": { "PermitNum": "6703026-DM", "HousingUnitsRemoved": "", "IssuedDate": "2019-09-05", "Latitude": 47.62509039, "Longitude": -122.30767269, "Location1": "(47.62509039, -122.30767269)" }, "geometry": { "type": "Point", "coordinates": [ -122.3076727, 47.6250904 ] } },
{ "type": "Feature", "properties": { "PermitNum": "6703800-DM", "HousingUnitsRemoved": "", "IssuedDate": "2020-04-20", "Latitude": 47.65088702, "Longitude": -122.38567373, "Location1": "(47.65088702, -122.38567373)" }, "geometry": { "type": "Point", "coordinates": [ -122.3856737, 47.650887 ] } },
{ "type": "Feature", "properties": { "PermitNum": "6705045-DM", "HousingUnitsRemoved": "", "IssuedDate": "2019-09-06", "Latitude": 47.65112529, "Longitude": -122.37328537, "Location1": "(47.65112529, -122.37328537)" }, "geometry": { "type": "Point", "coordinates": [ -122.3732854, 47.6511253 ] } },
{ "type": "Feature", "properties": { "PermitNum": "6705194-DM", "HousingUnitsRemoved": "1", "IssuedDate": "2020-03-31", "Latitude": 47.54091375, "Longitude": -122.32252316, "Location1": "(47.54091375, -122.32252316)" }, "geometry": { "type": "Point", "coordinates": [ -122.3225232, 47.5409138 ] } },
{ "type": "Feature", "properties": { "PermitNum": "6705485-DM", "HousingUnitsRemoved": "0", "IssuedDate": "2019-09-25", "Latitude": 47.65251426, "Longitude": -122.36921485000001, "Location1": "(47.65251426, -122.36921485)" }, "geometry": { "type": "Point", "coordinates": [ -122.3692149, 47.6525143 ] } },
{ "type": "Feature", "properties": { "PermitNum": "6705596-DM", "HousingUnitsRemoved": "", "IssuedDate": "2019-11-06", "Latitude": 47.67673592, "Longitude": -122.38718991, "Location1": "(47.67673592, -122.38718991)" }, "geometry": { "type": "Point", "coordinates": [ -122.3871899, 47.6767359 ] } },
{ "type": "Feature", "properties": { "PermitNum": "6746803-DM", "HousingUnitsRemoved": "", "IssuedDate": "2020-11-25", "Latitude": 47.66996086, "Longitude": -122.37165733000001, "Location1": "(47.66996086, -122.37165733)" }, "geometry": { "type": "Point", "coordinates": [ -122.3716573, 47.6699609 ] } },
{ "type": "Feature", "properties": { "PermitNum": "6748935-DM", "HousingUnitsRemoved": "1", "IssuedDate": "2020-02-27", "Latitude": 47.69508729, "Longitude": -122.31624468, "Location1": "(47.69508729, -122.31624468)" }, "geometry": { "type": "Point", "coordinates": [ -122.3162447, 47.6950873 ] } },
{ "type": "Feature", "properties": { "PermitNum": "6750299-DM", "HousingUnitsRemoved": "", "IssuedDate": "2021-08-12", "Latitude": 47.69622483, "Longitude": -122.31718219, "Location1": "(47.69622483, -122.31718219)" }, "geometry": { "type": "Point", "coordinates": [ -122.3171822, 47.6962248 ] } },
{ "type": "Feature", "properties": { "PermitNum": "6792016-DM", "HousingUnitsRemoved": "1", "IssuedDate": "2020-12-18", "Latitude": 47.56555245, "Longitude": -122.38383352, "Location1": "(47.56555245, -122.38383352)" }, "geometry": { "type": "Point", "coordinates": [ -122.3838335, 47.5655524 ] } },
{ "type": "Feature", "properties": { "PermitNum": "6793851-DM", "HousingUnitsRemoved": "1", "IssuedDate": "2020-08-10", "Latitude": 47.70345588, "Longitude": -122.35411239, "Location1": "(47.70345588, -122.35411239)" }, "geometry": { "type": "Point", "coordinates": [ -122.3541124, 47.7034559 ] } },
{ "type": "Feature", "properties": { "PermitNum": "6795130-DM", "HousingUnitsRemoved": "", "IssuedDate": "2020-10-21", "Latitude": 47.5563837, "Longitude": -122.28162582, "Location1": "(47.5563837, -122.28162582)" }, "geometry": { "type": "Point", "coordinates": [ -122.2816258, 47.5563837 ] } },
{ "type": "Feature", "properties": { "PermitNum": "6795371-DM", "HousingUnitsRemoved": "1", "IssuedDate": "2021-07-13", "Latitude": 47.68257186, "Longitude": -122.39405195000001, "Location1": "(47.68257186, -122.39405195)" }, "geometry": { "type": "Point", "coordinates": [ -122.394052, 47.6825719 ] } },
{ "type": "Feature", "properties": { "PermitNum": "6795639-DM", "HousingUnitsRemoved": "1", "IssuedDate": "2020-10-08", "Latitude": 47.65373901, "Longitude": -122.35741946, "Location1": "(47.65373901, -122.35741946)" }, "geometry": { "type": "Point", "coordinates": [ -122.3574195, 47.653739 ] } },
{ "type": "Feature", "properties": { "PermitNum": "6796678-DM", "HousingUnitsRemoved": "1", "IssuedDate": "2021-10-18", "Latitude": 47.66305176, "Longitude": -122.3368248, "Location1": "(47.66305176, -122.3368248)" }, "geometry": { "type": "Point", "coordinates": [ -122.3368248, 47.6630518 ] } },
{ "type": "Feature", "properties": { "PermitNum": "6796685-DM", "HousingUnitsRemoved": "", "IssuedDate": "2021-03-04", "Latitude": 47.68090911, "Longitude": -122.29995548, "Location1": "(47.68090911, -122.29995548)" }, "geometry": { "type": "Point", "coordinates": [ -122.2999555, 47.6809091 ] } },
{ "type": "Feature", "properties": { "PermitNum": "6797106-DM", "HousingUnitsRemoved": "", "IssuedDate": "2022-06-03", "Latitude": 47.61226558, "Longitude": -122.31512993, "Location1": "(47.61226558, -122.31512993)" }, "geometry": { "type": "Point", "coordinates": [ -122.3151299, 47.6122656 ] } },
{ "type": "Feature", "properties": { "PermitNum": "6837310-DM", "HousingUnitsRemoved": "1", "IssuedDate": "2022-01-08", "Latitude": 47.59718357, "Longitude": -122.29609599, "Location1": "(47.59718357, -122.29609599)" }, "geometry": { "type": "Point", "coordinates": [ -122.296096, 47.5971836 ] } },
{ "type": "Feature", "properties": { "PermitNum": "6837324-DM", "HousingUnitsRemoved": "0", "IssuedDate": "2021-09-22", "Latitude": 47.66787514, "Longitude": -122.31656193000001, "Location1": "(47.66787514, -122.31656193)" }, "geometry": { "type": "Point", "coordinates": [ -122.3165619, 47.6678751 ] } },
{ "type": "Feature", "properties": { "PermitNum": "6841357-DM", "HousingUnitsRemoved": "1", "IssuedDate": "2022-01-02", "Latitude": 47.55209097, "Longitude": -122.33019386, "Location1": "(47.55209097, -122.33019386)" }, "geometry": { "type": "Point", "coordinates": [ -122.3301939, 47.552091 ] } },
{ "type": "Feature", "properties": { "PermitNum": "6887614-DM", "HousingUnitsRemoved": "", "IssuedDate": "2022-08-02", "Latitude": 47.68033073, "Longitude": -122.38901519, "Location1": "(47.68033073, -122.38901519)" }, "geometry": { "type": "Point", "coordinates": [ -122.3890152, 47.6803307 ] } },
{ "type": "Feature", "properties": { "PermitNum": "6887788-DM", "HousingUnitsRemoved": "1", "IssuedDate": "2022-07-20", "Latitude": 47.57459319, "Longitude": -122.38285112, "Location1": "(47.57459319, -122.38285112)" }, "geometry": { "type": "Point", "coordinates": [ -122.3828511, 47.5745932 ] } },
{ "type": "Feature", "properties": { "PermitNum": "6887972-DM", "HousingUnitsRemoved": "1", "IssuedDate": "2022-12-15", "Latitude": 47.68532932, "Longitude": -122.3011348, "Location1": "(47.68532932, -122.3011348)" }, "geometry": { "type": "Point", "coordinates": [ -122.3011348, 47.6853293 ] } },
{ "type": "Feature", "properties": { "PermitNum": "6890554-DM", "HousingUnitsRemoved": "", "IssuedDate": "2022-12-20", "Latitude": 47.68345463, "Longitude": -122.3529395, "Location1": "(47.68345463, -122.3529395)" }, "geometry": { "type": "Point", "coordinates": [ -122.3529395, 47.6834546 ] } },
{ "type": "Feature", "properties": { "PermitNum": "6841835-DM", "HousingUnitsRemoved": "1", "IssuedDate": "2021-08-24", "Latitude": 47.70238902, "Longitude": -122.32237742, "Location1": "(47.70238902, -122.32237742)" }, "geometry": { "type": "Point", "coordinates": [ -122.3223774, 47.702389 ] } },
{ "type": "Feature", "properties": { "PermitNum": "6842109-DM", "HousingUnitsRemoved": "1", "IssuedDate": "2021-10-21", "Latitude": 47.65843498, "Longitude": -122.34884743000001, "Location1": "(47.65843498, -122.34884743)" }, "geometry": { "type": "Point", "coordinates": [ -122.3488474, 47.658435 ] } },
{ "type": "Feature", "properties": { "PermitNum": "6842429-DM", "HousingUnitsRemoved": "1", "IssuedDate": "2022-03-21", "Latitude": 47.69334319, "Longitude": -122.33682437, "Location1": "(47.69334319, -122.33682437)" }, "geometry": { "type": "Point", "coordinates": [ -122.3368244, 47.6933432 ] } },
{ "type": "Feature", "properties": { "PermitNum": "6842470-DM", "HousingUnitsRemoved": "1", "IssuedDate": "2021-10-21", "Latitude": 47.63893247, "Longitude": -122.35525416, "Location1": "(47.63893247, -122.35525416)" }, "geometry": { "type": "Point", "coordinates": [ -122.3552542, 47.6389325 ] } },
{ "type": "Feature", "properties": { "PermitNum": "6844185-DM", "HousingUnitsRemoved": "", "IssuedDate": "2021-07-01", "Latitude": 47.52187827, "Longitude": -122.35429909, "Location1": "(47.52187827, -122.35429909)" }, "geometry": { "type": "Point", "coordinates": [ -122.3542991, 47.5218783 ] } },
{ "type": "Feature", "properties": { "PermitNum": "6846097-DM", "HousingUnitsRemoved": "3", "IssuedDate": "2022-06-13", "Latitude": 47.69622992, "Longitude": -122.33803188, "Location1": "(47.69622992, -122.33803188)" }, "geometry": { "type": "Point", "coordinates": [ -122.3380319, 47.6962299 ] } },
{ "type": "Feature", "properties": { "PermitNum": "6846114-DM", "HousingUnitsRemoved": "3", "IssuedDate": "2022-06-13", "Latitude": 47.69641849, "Longitude": -122.3380333, "Location1": "(47.69641849, -122.3380333)" }, "geometry": { "type": "Point", "coordinates": [ -122.3380333, 47.6964185 ] } },
{ "type": "Feature", "properties": { "PermitNum": "6891182-DM", "HousingUnitsRemoved": "1", "IssuedDate": "2022-08-18", "Latitude": 47.69883167, "Longitude": -122.37989838, "Location1": "(47.69883167, -122.37989838)" }, "geometry": { "type": "Point", "coordinates": [ -122.3798984, 47.6988317 ] } },
{ "type": "Feature", "properties": { "PermitNum": "6891186-DM", "HousingUnitsRemoved": "1", "IssuedDate": "2022-05-13", "Latitude": 47.58214703, "Longitude": -122.31305064, "Location1": "(47.58214703, -122.31305064)" }, "geometry": { "type": "Point", "coordinates": [ -122.3130506, 47.582147 ] } },
{ "type": "Feature", "properties": { "PermitNum": "6892502-DM", "HousingUnitsRemoved": "", "IssuedDate": "2022-05-25", "Latitude": 47.59277476, "Longitude": -122.29711832, "Location1": "(47.59277476, -122.29711832)" }, "geometry": { "type": "Point", "coordinates": [ -122.2971183, 47.5927748 ] } },
{ "type": "Feature", "properties": { "PermitNum": "6897237-DM", "HousingUnitsRemoved": "2", "IssuedDate": "2022-06-09", "Latitude": 47.67477638, "Longitude": -122.37712302, "Location1": "(47.67477638, -122.37712302)" }, "geometry": { "type": "Point", "coordinates": [ -122.377123, 47.6747764 ] } },
{ "type": "Feature", "properties": { "PermitNum": "6695846-DM", "HousingUnitsRemoved": "9", "IssuedDate": "2019-07-15", "Latitude": 47.5425744, "Longitude": -122.32126661, "Location1": "(47.5425744, -122.32126661)" }, "geometry": { "type": "Point", "coordinates": [ -122.3212666, 47.5425744 ] } },
{ "type": "Feature", "properties": { "PermitNum": "6697808-DM", "HousingUnitsRemoved": "", "IssuedDate": "2019-04-16", "Latitude": 47.65354442, "Longitude": -122.38504346000001, "Location1": "(47.65354442, -122.38504346)" }, "geometry": { "type": "Point", "coordinates": [ -122.3850435, 47.6535444 ] } },
{ "type": "Feature", "properties": { "PermitNum": "6698071-DM", "HousingUnitsRemoved": "2", "IssuedDate": "2020-03-25", "Latitude": 47.55903943, "Longitude": -122.36322386000001, "Location1": "(47.55903943, -122.36322386)" }, "geometry": { "type": "Point", "coordinates": [ -122.3632239, 47.5590394 ] } },
{ "type": "Feature", "properties": { "PermitNum": "6698197-DM", "HousingUnitsRemoved": "", "IssuedDate": "2019-12-24", "Latitude": 47.65681329, "Longitude": -122.35030145, "Location1": "(47.65681329, -122.35030145)" }, "geometry": { "type": "Point", "coordinates": [ -122.3503015, 47.6568133 ] } },
{ "type": "Feature", "properties": { "PermitNum": "6698395-DM", "HousingUnitsRemoved": "", "IssuedDate": "2020-04-24", "Latitude": 47.65072482, "Longitude": -122.38567635, "Location1": "(47.65072482, -122.38567635)" }, "geometry": { "type": "Point", "coordinates": [ -122.3856763, 47.6507248 ] } },
{ "type": "Feature", "properties": { "PermitNum": "6698592-DM", "HousingUnitsRemoved": "", "IssuedDate": "2019-09-03", "Latitude": 47.54988582, "Longitude": -122.27459805, "Location1": "(47.54988582, -122.27459805)" }, "geometry": { "type": "Point", "coordinates": [ -122.274598, 47.5498858 ] } },
{ "type": "Feature", "properties": { "PermitNum": "6698703-DM", "HousingUnitsRemoved": "1", "IssuedDate": "2020-02-20", "Latitude": 47.64112167, "Longitude": -122.35736164, "Location1": "(47.64112167, -122.35736164)" }, "geometry": { "type": "Point", "coordinates": [ -122.3573616, 47.6411217 ] } },
{ "type": "Feature", "properties": { "PermitNum": "6699018-DM", "HousingUnitsRemoved": "1", "IssuedDate": "2019-11-11", "Latitude": 47.65884989, "Longitude": -122.39201137000001, "Location1": "(47.65884989, -122.39201137)" }, "geometry": { "type": "Point", "coordinates": [ -122.3920114, 47.6588499 ] } },
{ "type": "Feature", "properties": { "PermitNum": "6699023-DM", "HousingUnitsRemoved": "1", "IssuedDate": "2019-07-31", "Latitude": 47.66812521, "Longitude": -122.33661617, "Location1": "(47.66812521, -122.33661617)" }, "geometry": { "type": "Point", "coordinates": [ -122.3366162, 47.6681252 ] } },
{ "type": "Feature", "properties": { "PermitNum": "6741501-DM", "HousingUnitsRemoved": "3", "IssuedDate": "2020-03-16", "Latitude": 47.62951146, "Longitude": -122.34310022, "Location1": "(47.62951146, -122.34310022)" }, "geometry": { "type": "Point", "coordinates": [ -122.3431002, 47.6295115 ] } },
{ "type": "Feature", "properties": { "PermitNum": "6786333-DM", "HousingUnitsRemoved": "1", "IssuedDate": "2021-03-11", "Latitude": 47.65876751, "Longitude": -122.27308124, "Location1": "(47.65876751, -122.27308124)" }, "geometry": { "type": "Point", "coordinates": [ -122.2730812, 47.6587675 ] } },
{ "type": "Feature", "properties": { "PermitNum": "6786528-DM", "HousingUnitsRemoved": "1", "IssuedDate": "2022-03-17", "Latitude": 47.62852896, "Longitude": -122.36247078, "Location1": "(47.62852896, -122.36247078)" }, "geometry": { "type": "Point", "coordinates": [ -122.3624708, 47.628529 ] } },
{ "type": "Feature", "properties": { "PermitNum": "6786567-DM", "HousingUnitsRemoved": "", "IssuedDate": "2020-06-12", "Latitude": 47.6245124, "Longitude": -122.31913065000001, "Location1": "(47.6245124, -122.31913065)" }, "geometry": { "type": "Point", "coordinates": [ -122.3191307, 47.6245124 ] } },
{ "type": "Feature", "properties": { "PermitNum": "6786738-DM", "HousingUnitsRemoved": "1", "IssuedDate": "2020-09-25", "Latitude": 47.68011168, "Longitude": -122.35122892, "Location1": "(47.68011168, -122.35122892)" }, "geometry": { "type": "Point", "coordinates": [ -122.3512289, 47.6801117 ] } },
{ "type": "Feature", "properties": { "PermitNum": "6788518-DM", "HousingUnitsRemoved": "1", "IssuedDate": "2020-10-02", "Latitude": 47.72812269, "Longitude": -122.35311187000001, "Location1": "(47.72812269, -122.35311187)" }, "geometry": { "type": "Point", "coordinates": [ -122.3531119, 47.7281227 ] } },
{ "type": "Feature", "properties": { "PermitNum": "6788702-DM", "HousingUnitsRemoved": "", "IssuedDate": "2020-07-06", "Latitude": 47.68586832, "Longitude": -122.38084956, "Location1": "(47.68586832, -122.38084956)" }, "geometry": { "type": "Point", "coordinates": [ -122.3808496, 47.6858683 ] } },
{ "type": "Feature", "properties": { "PermitNum": "6788852-DM", "HousingUnitsRemoved": "", "IssuedDate": "2021-07-21", "Latitude": 47.6684397, "Longitude": -122.37014293, "Location1": "(47.6684397, -122.37014293)" }, "geometry": { "type": "Point", "coordinates": [ -122.3701429, 47.6684397 ] } },
{ "type": "Feature", "properties": { "PermitNum": "6788880-DM", "HousingUnitsRemoved": "", "IssuedDate": "2021-07-14", "Latitude": 47.61217397, "Longitude": -122.3092211, "Location1": "(47.61217397, -122.3092211)" }, "geometry": { "type": "Point", "coordinates": [ -122.3092211, 47.612174 ] } },
{ "type": "Feature", "properties": { "PermitNum": "6790135-DM", "HousingUnitsRemoved": "1", "IssuedDate": "2021-08-09", "Latitude": 47.66813661, "Longitude": -122.36835416, "Location1": "(47.66813661, -122.36835416)" }, "geometry": { "type": "Point", "coordinates": [ -122.3683542, 47.6681366 ] } },
{ "type": "Feature", "properties": { "PermitNum": "6790532-DM", "HousingUnitsRemoved": "", "IssuedDate": "2022-03-24", "Latitude": 47.63372814, "Longitude": -122.35173327, "Location1": "(47.63372814, -122.35173327)" }, "geometry": { "type": "Point", "coordinates": [ -122.3517333, 47.6337281 ] } },
{ "type": "Feature", "properties": { "PermitNum": "6791596-DM", "HousingUnitsRemoved": "0", "IssuedDate": "2021-02-15", "Latitude": 47.65502033, "Longitude": -122.32982714000001, "Location1": "(47.65502033, -122.32982714)" }, "geometry": { "type": "Point", "coordinates": [ -122.3298271, 47.6550203 ] } },
{ "type": "Feature", "properties": { "PermitNum": "6831125-DM", "HousingUnitsRemoved": "", "IssuedDate": "2021-07-29", "Latitude": 47.68056329, "Longitude": -122.37547179000001, "Location1": "(47.68056329, -122.37547179)" }, "geometry": { "type": "Point", "coordinates": [ -122.3754718, 47.6805633 ] } },
{ "type": "Feature", "properties": { "PermitNum": "6832807-DM", "HousingUnitsRemoved": "", "IssuedDate": "2021-09-16", "Latitude": 47.67543418, "Longitude": -122.2781651, "Location1": "(47.67543418, -122.2781651)" }, "geometry": { "type": "Point", "coordinates": [ -122.2781651, 47.6754342 ] } },
{ "type": "Feature", "properties": { "PermitNum": "6832809-DM", "HousingUnitsRemoved": "1", "IssuedDate": "2021-06-07", "Latitude": 47.66449741, "Longitude": -122.34925912, "Location1": "(47.66449741, -122.34925912)" }, "geometry": { "type": "Point", "coordinates": [ -122.3492591, 47.6644974 ] } },
{ "type": "Feature", "properties": { "PermitNum": "6832916-DM", "HousingUnitsRemoved": "1", "IssuedDate": "2022-01-18", "Latitude": 47.67839426, "Longitude": -122.28471957, "Location1": "(47.67839426, -122.28471957)" }, "geometry": { "type": "Point", "coordinates": [ -122.2847196, 47.6783943 ] } },
{ "type": "Feature", "properties": { "PermitNum": "6834527-DM", "HousingUnitsRemoved": "", "IssuedDate": "2022-07-12", "Latitude": 47.67691984, "Longitude": -122.30029938, "Location1": "(47.67691984, -122.30029938)" }, "geometry": { "type": "Point", "coordinates": [ -122.3002994, 47.6769198 ] } },
{ "type": "Feature", "properties": { "PermitNum": "6884779-DM", "HousingUnitsRemoved": "1", "IssuedDate": "2022-12-07", "Latitude": 47.68924885, "Longitude": -122.39787712, "Location1": "(47.68924885, -122.39787712)" }, "geometry": { "type": "Point", "coordinates": [ -122.3978771, 47.6892488 ] } },
{ "type": "Feature", "properties": { "PermitNum": "6885771-DM", "HousingUnitsRemoved": "1", "IssuedDate": "2022-04-22", "Latitude": 47.67875831, "Longitude": -122.37111645, "Location1": "(47.67875831, -122.37111645)" }, "geometry": { "type": "Point", "coordinates": [ -122.3711165, 47.6787583 ] } },
{ "type": "Feature", "properties": { "PermitNum": "6886680-DM", "HousingUnitsRemoved": "1", "IssuedDate": "2022-07-08", "Latitude": 47.66899737, "Longitude": -122.2581565, "Location1": "(47.66899737, -122.2581565)" }, "geometry": { "type": "Point", "coordinates": [ -122.2581565, 47.6689974 ] } },
{ "type": "Feature", "properties": { "PermitNum": "6887132-DM", "HousingUnitsRemoved": "", "IssuedDate": "2022-10-10", "Latitude": 47.52669082, "Longitude": -122.3262385, "Location1": "(47.52669082, -122.3262385)" }, "geometry": { "type": "Point", "coordinates": [ -122.3262385, 47.5266908 ] } },
{ "type": "Feature", "properties": { "PermitNum": "6887275-DM", "HousingUnitsRemoved": "", "IssuedDate": "2022-10-11", "Latitude": 47.52662368, "Longitude": -122.26519039, "Location1": "(47.52662368, -122.26519039)" }, "geometry": { "type": "Point", "coordinates": [ -122.2651904, 47.5266237 ] } },
{ "type": "Feature", "properties": { "PermitNum": "6696415-DM", "HousingUnitsRemoved": "", "IssuedDate": "2019-07-25", "Latitude": 47.60319216, "Longitude": -122.303469, "Location1": "(47.60319216, -122.303469)" }, "geometry": { "type": "Point", "coordinates": [ -122.303469, 47.6031922 ] } },
{ "type": "Feature", "properties": { "PermitNum": "6696638-DM", "HousingUnitsRemoved": "1", "IssuedDate": "2019-07-31", "Latitude": 47.67291601, "Longitude": -122.29933044000001, "Location1": "(47.67291601, -122.29933044)" }, "geometry": { "type": "Point", "coordinates": [ -122.2993304, 47.672916 ] } },
{ "type": "Feature", "properties": { "PermitNum": "6698202-DM", "HousingUnitsRemoved": "", "IssuedDate": "2020-05-22", "Latitude": 47.52629016, "Longitude": -122.31865951, "Location1": "(47.52629016, -122.31865951)" }, "geometry": { "type": "Point", "coordinates": [ -122.3186595, 47.5262902 ] } },
{ "type": "Feature", "properties": { "PermitNum": "6698970-DM", "HousingUnitsRemoved": "", "IssuedDate": "2018-11-13", "Latitude": 47.52034734, "Longitude": -122.35745821, "Location1": "(47.52034734, -122.35745821)" }, "geometry": { "type": "Point", "coordinates": [ -122.3574582, 47.5203473 ] } },
{ "type": "Feature", "properties": { "PermitNum": "6699213-DM", "HousingUnitsRemoved": "1", "IssuedDate": "2019-05-15", "Latitude": 47.60896225, "Longitude": -122.31189853, "Location1": "(47.60896225, -122.31189853)" }, "geometry": { "type": "Point", "coordinates": [ -122.3118985, 47.6089622 ] } },
{ "type": "Feature", "properties": { "PermitNum": "6699415-DM", "HousingUnitsRemoved": "1", "IssuedDate": "2019-09-03", "Latitude": 47.61385506, "Longitude": -122.30118708000001, "Location1": "(47.61385506, -122.30118708)" }, "geometry": { "type": "Point", "coordinates": [ -122.3011871, 47.6138551 ] } },
{ "type": "Feature", "properties": { "PermitNum": "6700634-DM", "HousingUnitsRemoved": "", "IssuedDate": "2021-02-13", "Latitude": 47.61492895, "Longitude": -122.29906916, "Location1": "(47.61492895, -122.29906916)" }, "geometry": { "type": "Point", "coordinates": [ -122.2990692, 47.6149289 ] } },
{ "type": "Feature", "properties": { "PermitNum": "6739349-DM", "HousingUnitsRemoved": "3", "IssuedDate": "2020-07-20", "Latitude": 47.55534259, "Longitude": -122.28675704, "Location1": "(47.55534259, -122.28675704)" }, "geometry": { "type": "Point", "coordinates": [ -122.286757, 47.5553426 ] } },
{ "type": "Feature", "properties": { "PermitNum": "6739542-DM", "HousingUnitsRemoved": "1", "IssuedDate": "2020-09-28", "Latitude": 47.66888958, "Longitude": -122.29415511000001, "Location1": "(47.66888958, -122.29415511)" }, "geometry": { "type": "Point", "coordinates": [ -122.2941551, 47.6688896 ] } },
{ "type": "Feature", "properties": { "PermitNum": "6741107-DM", "HousingUnitsRemoved": "1", "IssuedDate": "2020-07-17", "Latitude": 47.669828, "Longitude": -122.25742717, "Location1": "(47.669828, -122.25742717)" }, "geometry": { "type": "Point", "coordinates": [ -122.2574272, 47.669828 ] } },
{ "type": "Feature", "properties": { "PermitNum": "6741503-DM", "HousingUnitsRemoved": "1", "IssuedDate": "2020-03-16", "Latitude": 47.62937072, "Longitude": -122.34264308, "Location1": "(47.62937072, -122.34264308)" }, "geometry": { "type": "Point", "coordinates": [ -122.3426431, 47.6293707 ] } },
{ "type": "Feature", "properties": { "PermitNum": "6741525-DM", "HousingUnitsRemoved": "1", "IssuedDate": "2019-09-03", "Latitude": 47.71245427, "Longitude": -122.32708108, "Location1": "(47.71245427, -122.32708108)" }, "geometry": { "type": "Point", "coordinates": [ -122.3270811, 47.7124543 ] } },
{ "type": "Feature", "properties": { "PermitNum": "6742709-DM", "HousingUnitsRemoved": "", "IssuedDate": "2020-07-28", "Latitude": 47.67974917, "Longitude": -122.31614324, "Location1": "(47.67974917, -122.31614324)" }, "geometry": { "type": "Point", "coordinates": [ -122.3161432, 47.6797492 ] } },
{ "type": "Feature", "properties": { "PermitNum": "6782758-DM", "HousingUnitsRemoved": "1", "IssuedDate": "2022-06-13", "Latitude": 47.55605844, "Longitude": -122.265602, "Location1": "(47.55605844, -122.265602)" }, "geometry": { "type": "Point", "coordinates": [ -122.265602, 47.5560584 ] } },
{ "type": "Feature", "properties": { "PermitNum": "6783836-DM", "HousingUnitsRemoved": "1", "IssuedDate": "2021-05-19", "Latitude": 47.675474, "Longitude": -122.37831444, "Location1": "(47.675474, -122.37831444)" }, "geometry": { "type": "Point", "coordinates": [ -122.3783144, 47.675474 ] } },
{ "type": "Feature", "properties": { "PermitNum": "6784882-DM", "HousingUnitsRemoved": "1", "IssuedDate": "2020-08-13", "Latitude": 47.54440696, "Longitude": -122.38412375, "Location1": "(47.54440696, -122.38412375)" }, "geometry": { "type": "Point", "coordinates": [ -122.3841238, 47.544407 ] } },
{ "type": "Feature", "properties": { "PermitNum": "6785171-DM", "HousingUnitsRemoved": "1", "IssuedDate": "2020-07-13", "Latitude": 47.68101436, "Longitude": -122.31595309, "Location1": "(47.68101436, -122.31595309)" }, "geometry": { "type": "Point", "coordinates": [ -122.3159531, 47.6810144 ] } },
{ "type": "Feature", "properties": { "PermitNum": "6786498-DM", "HousingUnitsRemoved": "", "IssuedDate": "2021-04-23", "Latitude": 47.51096861, "Longitude": -122.24854976, "Location1": "(47.51096861, -122.24854976)" }, "geometry": { "type": "Point", "coordinates": [ -122.2485498, 47.5109686 ] } },
{ "type": "Feature", "properties": { "PermitNum": "6788022-DM", "HousingUnitsRemoved": "1", "IssuedDate": "2020-09-01", "Latitude": 47.53401672, "Longitude": -122.38050457, "Location1": "(47.53401672, -122.38050457)" }, "geometry": { "type": "Point", "coordinates": [ -122.3805046, 47.5340167 ] } },
{ "type": "Feature", "properties": { "PermitNum": "6788239-DM", "HousingUnitsRemoved": "", "IssuedDate": "2021-06-29", "Latitude": 47.67928631, "Longitude": -122.31826633, "Location1": "(47.67928631, -122.31826633)" }, "geometry": { "type": "Point", "coordinates": [ -122.3182663, 47.6792863 ] } },
{ "type": "Feature", "properties": { "PermitNum": "6831123-DM", "HousingUnitsRemoved": "0", "IssuedDate": "2021-07-14", "Latitude": 47.69165203, "Longitude": -122.39623051, "Location1": "(47.69165203, -122.39623051)" }, "geometry": { "type": "Point", "coordinates": [ -122.3962305, 47.691652 ] } },
{ "type": "Feature", "properties": { "PermitNum": "6831127-DM", "HousingUnitsRemoved": "", "IssuedDate": "2022-01-19", "Latitude": 47.67909933, "Longitude": -122.27774257, "Location1": "(47.67909933, -122.27774257)" }, "geometry": { "type": "Point", "coordinates": [ -122.2777426, 47.6790993 ] } },
{ "type": "Feature", "properties": { "PermitNum": "6833983-DM", "HousingUnitsRemoved": "", "IssuedDate": "2021-10-18", "Latitude": 47.69489118, "Longitude": -122.37174817, "Location1": "(47.69489118, -122.37174817)" }, "geometry": { "type": "Point", "coordinates": [ -122.3717482, 47.6948912 ] } },
{ "type": "Feature", "properties": { "PermitNum": "6834113-DM", "HousingUnitsRemoved": "", "IssuedDate": "2021-05-25", "Latitude": 47.64379172, "Longitude": -122.36252681000001, "Location1": "(47.64379172, -122.36252681)" }, "geometry": { "type": "Point", "coordinates": [ -122.3625268, 47.6437917 ] } },
{ "type": "Feature", "properties": { "PermitNum": "6834949-DM", "HousingUnitsRemoved": "", "IssuedDate": "2021-04-23", "Latitude": 47.69953169, "Longitude": -122.37974778, "Location1": "(47.69953169, -122.37974778)" }, "geometry": { "type": "Point", "coordinates": [ -122.3797478, 47.6995317 ] } },
{ "type": "Feature", "properties": { "PermitNum": "6835132-DM", "HousingUnitsRemoved": "", "IssuedDate": "2021-05-11", "Latitude": 47.67423227, "Longitude": -122.2710238, "Location1": "(47.67423227, -122.2710238)" }, "geometry": { "type": "Point", "coordinates": [ -122.2710238, 47.6742323 ] } },
{ "type": "Feature", "properties": { "PermitNum": "6879171-DM", "HousingUnitsRemoved": "", "IssuedDate": "2022-02-07", "Latitude": 47.63410095, "Longitude": -122.36128685, "Location1": "(47.63410095, -122.36128685)" }, "geometry": { "type": "Point", "coordinates": [ -122.3612868, 47.6341009 ] } },
{ "type": "Feature", "properties": { "PermitNum": "6879798-DM", "HousingUnitsRemoved": "", "IssuedDate": "2022-10-19", "Latitude": 47.63772895, "Longitude": -122.30745944, "Location1": "(47.63772895, -122.30745944)" }, "geometry": { "type": "Point", "coordinates": [ -122.3074594, 47.637729 ] } },
{ "type": "Feature", "properties": { "PermitNum": "6879802-DM", "HousingUnitsRemoved": "", "IssuedDate": "2022-06-05", "Latitude": 47.64061736, "Longitude": -122.35985898, "Location1": "(47.64061736, -122.35985898)" }, "geometry": { "type": "Point", "coordinates": [ -122.359859, 47.6406174 ] } },
{ "type": "Feature", "properties": { "PermitNum": "6880573-DM", "HousingUnitsRemoved": "", "IssuedDate": "2022-10-17", "Latitude": 47.68469509, "Longitude": -122.29137201, "Location1": "(47.68469509, -122.29137201)" }, "geometry": { "type": "Point", "coordinates": [ -122.291372, 47.6846951 ] } },
{ "type": "Feature", "properties": { "PermitNum": "6690655-DM", "HousingUnitsRemoved": "", "IssuedDate": "2019-10-09", "Location1": "" }, "geometry": null },
{ "type": "Feature", "properties": { "PermitNum": "6690748-DM", "HousingUnitsRemoved": "1", "IssuedDate": "2019-05-16", "Latitude": 47.52629179, "Longitude": -122.31807733, "Location1": "(47.52629179, -122.31807733)" }, "geometry": { "type": "Point", "coordinates": [ -122.3180773, 47.5262918 ] } },
{ "type": "Feature", "properties": { "PermitNum": "6691021-DM", "HousingUnitsRemoved": "1", "IssuedDate": "2019-03-18", "Latitude": 47.62497787, "Longitude": -122.30383109, "Location1": "(47.62497787, -122.30383109)" }, "geometry": { "type": "Point", "coordinates": [ -122.3038311, 47.6249779 ] } },
{ "type": "Feature", "properties": { "PermitNum": "6691052-DM", "HousingUnitsRemoved": "", "IssuedDate": "2020-02-21", "Latitude": 47.66180337, "Longitude": -122.3399154, "Location1": "(47.66180337, -122.3399154)" }, "geometry": { "type": "Point", "coordinates": [ -122.3399154, 47.6618034 ] } },
{ "type": "Feature", "properties": { "PermitNum": "6691058-DM", "HousingUnitsRemoved": "3", "IssuedDate": "2019-08-30", "Latitude": 47.6328611, "Longitude": -122.34690044, "Location1": "(47.6328611, -122.34690044)" }, "geometry": { "type": "Point", "coordinates": [ -122.3469004, 47.6328611 ] } },
{ "type": "Feature", "properties": { "PermitNum": "6691560-DM", "HousingUnitsRemoved": "", "IssuedDate": "2020-11-12", "Latitude": 47.70603105, "Longitude": -122.36045165, "Location1": "(47.70603105, -122.36045165)" }, "geometry": { "type": "Point", "coordinates": [ -122.3604517, 47.706031 ] } },
{ "type": "Feature", "properties": { "PermitNum": "6691672-DM", "HousingUnitsRemoved": "", "IssuedDate": "2019-07-17", "Latitude": 47.64378964, "Longitude": -122.32494431000001, "Location1": "(47.64378964, -122.32494431)" }, "geometry": { "type": "Point", "coordinates": [ -122.3249443, 47.6437896 ] } },
{ "type": "Feature", "properties": { "PermitNum": "6692017-DM", "HousingUnitsRemoved": "2", "IssuedDate": "2019-03-18", "Latitude": 47.66486583, "Longitude": -122.36649314, "Location1": "(47.66486583, -122.36649314)" }, "geometry": { "type": "Point", "coordinates": [ -122.3664931, 47.6648658 ] } },
{ "type": "Feature", "properties": { "PermitNum": "6730618-DM", "HousingUnitsRemoved": "0", "IssuedDate": "2019-10-30", "Latitude": 47.68444963, "Longitude": -122.32102677, "Location1": "(47.68444963, -122.32102677)" }, "geometry": { "type": "Point", "coordinates": [ -122.3210268, 47.6844496 ] } },
{ "type": "Feature", "properties": { "PermitNum": "6871614-DM", "HousingUnitsRemoved": "", "IssuedDate": "2021-12-13", "Latitude": 47.72949607, "Longitude": -122.35508554, "Location1": "(47.72949607, -122.35508554)" }, "geometry": { "type": "Point", "coordinates": [ -122.3550855, 47.7294961 ] } },
{ "type": "Feature", "properties": { "PermitNum": "6876332-DM", "HousingUnitsRemoved": "1", "IssuedDate": "2022-12-13", "Latitude": 47.56072332, "Longitude": -122.38915878, "Location1": "(47.56072332, -122.38915878)" }, "geometry": { "type": "Point", "coordinates": [ -122.3891588, 47.5607233 ] } },
{ "type": "Feature", "properties": { "PermitNum": "6876359-DM", "HousingUnitsRemoved": "1", "IssuedDate": "2022-06-23", "Latitude": 47.61207462, "Longitude": -122.29857278, "Location1": "(47.61207462, -122.29857278)" }, "geometry": { "type": "Point", "coordinates": [ -122.2985728, 47.6120746 ] } },
{ "type": "Feature", "properties": { "PermitNum": "6876368-DM", "HousingUnitsRemoved": "", "IssuedDate": "2022-05-18", "Latitude": 47.66616669, "Longitude": -122.33162577, "Location1": "(47.66616669, -122.33162577)" }, "geometry": { "type": "Point", "coordinates": [ -122.3316258, 47.6661667 ] } },
{ "type": "Feature", "properties": { "PermitNum": "6920714-DM", "HousingUnitsRemoved": "", "IssuedDate": "2022-09-08", "Latitude": 47.7006256, "Longitude": -122.35624218, "Location1": "(47.7006256, -122.35624218)" }, "geometry": { "type": "Point", "coordinates": [ -122.3562422, 47.7006256 ] } },
{ "type": "Feature", "properties": { "PermitNum": "6688356-DM", "HousingUnitsRemoved": "2", "IssuedDate": "2019-07-01", "Latitude": 47.69204981, "Longitude": -122.34052996, "Location1": "(47.69204981, -122.34052996)" }, "geometry": { "type": "Point", "coordinates": [ -122.34053, 47.6920498 ] } },
{ "type": "Feature", "properties": { "PermitNum": "6689308-DM", "HousingUnitsRemoved": "", "IssuedDate": "2019-11-27", "Latitude": 47.5285174, "Longitude": -122.28840224, "Location1": "(47.5285174, -122.28840224)" }, "geometry": { "type": "Point", "coordinates": [ -122.2884022, 47.5285174 ] } },
{ "type": "Feature", "properties": { "PermitNum": "6723931-DM", "HousingUnitsRemoved": "1", "IssuedDate": "2020-06-16", "Latitude": 47.55631131, "Longitude": -122.28969137, "Location1": "(47.55631131, -122.28969137)" }, "geometry": { "type": "Point", "coordinates": [ -122.2896914, 47.5563113 ] } },
{ "type": "Feature", "properties": { "PermitNum": "6724234-DM", "HousingUnitsRemoved": "1", "IssuedDate": "2020-03-02", "Latitude": 47.66585247, "Longitude": -122.26578901000001, "Location1": "(47.66585247, -122.26578901)" }, "geometry": { "type": "Point", "coordinates": [ -122.265789, 47.6658525 ] } },
{ "type": "Feature", "properties": { "PermitNum": "6724854-DM", "HousingUnitsRemoved": "", "IssuedDate": "2019-09-16", "Latitude": 47.69341725, "Longitude": -122.35825573, "Location1": "(47.69341725, -122.35825573)" }, "geometry": { "type": "Point", "coordinates": [ -122.3582557, 47.6934173 ] } },
{ "type": "Feature", "properties": { "PermitNum": "6724859-DM", "HousingUnitsRemoved": "", "IssuedDate": "2020-05-16", "Latitude": 47.57426073, "Longitude": -122.41111876, "Location1": "(47.57426073, -122.41111876)" }, "geometry": { "type": "Point", "coordinates": [ -122.4111188, 47.5742607 ] } },
{ "type": "Feature", "properties": { "PermitNum": "6725546-DM", "HousingUnitsRemoved": "", "IssuedDate": "2019-09-06", "Latitude": 47.68058805, "Longitude": -122.26935079, "Location1": "(47.68058805, -122.26935079)" }, "geometry": { "type": "Point", "coordinates": [ -122.2693508, 47.680588 ] } },
{ "type": "Feature", "properties": { "PermitNum": "6726349-DM", "HousingUnitsRemoved": "1", "IssuedDate": "2019-08-28", "Latitude": 47.71437609, "Longitude": -122.32583461, "Location1": "(47.71437609, -122.32583461)" }, "geometry": { "type": "Point", "coordinates": [ -122.3258346, 47.7143761 ] } },
{ "type": "Feature", "properties": { "PermitNum": "6771329-DM", "HousingUnitsRemoved": "1", "IssuedDate": "2020-11-25", "Latitude": 47.66329346, "Longitude": -122.34325003, "Location1": "(47.66329346, -122.34325003)" }, "geometry": { "type": "Point", "coordinates": [ -122.34325, 47.6632935 ] } },
{ "type": "Feature", "properties": { "PermitNum": "6771510-DM", "HousingUnitsRemoved": "1", "IssuedDate": "2020-11-19", "Latitude": 47.69473877, "Longitude": -122.34545373, "Location1": "(47.69473877, -122.34545373)" }, "geometry": { "type": "Point", "coordinates": [ -122.3454537, 47.6947388 ] } },
{ "type": "Feature", "properties": { "PermitNum": "6816603-DM", "HousingUnitsRemoved": "1", "IssuedDate": "2021-04-27", "Latitude": 47.6248253, "Longitude": -122.31388777, "Location1": "(47.6248253, -122.31388777)" }, "geometry": { "type": "Point", "coordinates": [ -122.3138878, 47.6248253 ] } },
{ "type": "Feature", "properties": { "PermitNum": "6818009-DM", "HousingUnitsRemoved": "1", "IssuedDate": "2021-06-01", "Latitude": 47.53227612, "Longitude": -122.37203634, "Location1": "(47.53227612, -122.37203634)" }, "geometry": { "type": "Point", "coordinates": [ -122.3720363, 47.5322761 ] } },
{ "type": "Feature", "properties": { "PermitNum": "6818079-DM", "HousingUnitsRemoved": "", "IssuedDate": "2022-06-08", "Latitude": 47.71823054, "Longitude": -122.31353125, "Location1": "(47.71823054, -122.31353125)" }, "geometry": { "type": "Point", "coordinates": [ -122.3135312, 47.7182305 ] } },
{ "type": "Feature", "properties": { "PermitNum": "6818652-DM", "HousingUnitsRemoved": "1", "IssuedDate": "2021-09-30", "Latitude": 47.69253088, "Longitude": -122.34698753000001, "Location1": "(47.69253088, -122.34698753)" }, "geometry": { "type": "Point", "coordinates": [ -122.3469875, 47.6925309 ] } },
{ "type": "Feature", "properties": { "PermitNum": "6819424-DM", "HousingUnitsRemoved": "", "IssuedDate": "2021-02-04", "Latitude": 47.66767101, "Longitude": -122.36819837, "Location1": "(47.66767101, -122.36819837)" }, "geometry": { "type": "Point", "coordinates": [ -122.3681984, 47.667671 ] } },
{ "type": "Feature", "properties": { "PermitNum": "6821893-DM", "HousingUnitsRemoved": "1", "IssuedDate": "2021-07-01", "Latitude": 47.67072476, "Longitude": -122.36886979000001, "Location1": "(47.67072476, -122.36886979)" }, "geometry": { "type": "Point", "coordinates": [ -122.3688698, 47.6707248 ] } },
{ "type": "Feature", "properties": { "PermitNum": "6862609-DM", "HousingUnitsRemoved": "2", "IssuedDate": "2022-11-09", "Latitude": 47.69235121, "Longitude": -122.31053744, "Location1": "(47.69235121, -122.31053744)" }, "geometry": { "type": "Point", "coordinates": [ -122.3105374, 47.6923512 ] } },
{ "type": "Feature", "properties": { "PermitNum": "6862942-DM", "HousingUnitsRemoved": "", "IssuedDate": "2022-06-09", "Latitude": 47.61843048, "Longitude": -122.31464147, "Location1": "(47.61843048, -122.31464147)" }, "geometry": { "type": "Point", "coordinates": [ -122.3146415, 47.6184305 ] } },
{ "type": "Feature", "properties": { "PermitNum": "6864310-DM", "HousingUnitsRemoved": "1", "IssuedDate": "2022-08-25", "Latitude": 47.69743773, "Longitude": -122.31327732, "Location1": "(47.69743773, -122.31327732)" }, "geometry": { "type": "Point", "coordinates": [ -122.3132773, 47.6974377 ] } },
{ "type": "Feature", "properties": { "PermitNum": "6910815-DM", "HousingUnitsRemoved": "1", "IssuedDate": "2022-10-25", "Latitude": 47.69154657, "Longitude": -122.32240245, "Location1": "(47.69154657, -122.32240245)" }, "geometry": { "type": "Point", "coordinates": [ -122.3224024, 47.6915466 ] } },
{ "type": "Feature", "properties": { "PermitNum": "6911323-DM", "HousingUnitsRemoved": "", "IssuedDate": "2022-10-11", "Latitude": 47.56783205, "Longitude": -122.39780331, "Location1": "(47.56783205, -122.39780331)" }, "geometry": { "type": "Point", "coordinates": [ -122.3978033, 47.567832 ] } },
{ "type": "Feature", "properties": { "PermitNum": "6814461-DM", "HousingUnitsRemoved": "", "IssuedDate": "2021-04-02", "Latitude": 47.67550329, "Longitude": -122.39178698000001, "Location1": "(47.67550329, -122.39178698)" }, "geometry": { "type": "Point", "coordinates": [ -122.391787, 47.6755033 ] } },
{ "type": "Feature", "properties": { "PermitNum": "6815911-DM", "HousingUnitsRemoved": "", "IssuedDate": "2021-05-18", "Latitude": 47.67570302, "Longitude": -122.39758719, "Location1": "(47.67570302, -122.39758719)" }, "geometry": { "type": "Point", "coordinates": [ -122.3975872, 47.675703 ] } },
{ "type": "Feature", "properties": { "PermitNum": "6816601-DM", "HousingUnitsRemoved": "", "IssuedDate": "2021-08-16", "Latitude": 47.6696089, "Longitude": -122.33497735, "Location1": "(47.6696089, -122.33497735)" }, "geometry": { "type": "Point", "coordinates": [ -122.3349774, 47.6696089 ] } },
{ "type": "Feature", "properties": { "PermitNum": "6817546-DM", "HousingUnitsRemoved": "1", "IssuedDate": "2021-02-16", "Latitude": 47.53298402, "Longitude": -122.35547348, "Location1": "(47.53298402, -122.35547348)" }, "geometry": { "type": "Point", "coordinates": [ -122.3554735, 47.532984 ] } },
{ "type": "Feature", "properties": { "PermitNum": "6863781-DM", "HousingUnitsRemoved": "1", "IssuedDate": "2022-02-03", "Latitude": 47.67416132, "Longitude": -122.34826483000001, "Location1": "(47.67416132, -122.34826483)" }, "geometry": { "type": "Point", "coordinates": [ -122.3482648, 47.6741613 ] } },
{ "type": "Feature", "properties": { "PermitNum": "6864370-DM", "HousingUnitsRemoved": "0", "IssuedDate": "2022-01-26", "Latitude": 47.63376983, "Longitude": -122.35860151, "Location1": "(47.63376983, -122.35860151)" }, "geometry": { "type": "Point", "coordinates": [ -122.3586015, 47.6337698 ] } },
{ "type": "Feature", "properties": { "PermitNum": "6865044-DM", "HousingUnitsRemoved": "", "IssuedDate": "2021-10-25", "Latitude": 47.60251037, "Longitude": -122.31315459, "Location1": "(47.60251037, -122.31315459)" }, "geometry": { "type": "Point", "coordinates": [ -122.3131546, 47.6025104 ] } },
{ "type": "Feature", "properties": { "PermitNum": "6868685-DM", "HousingUnitsRemoved": "", "IssuedDate": "2022-03-31", "Latitude": 47.649572, "Longitude": -122.38944234, "Location1": "(47.649572, -122.38944234)" }, "geometry": { "type": "Point", "coordinates": [ -122.3894423, 47.649572 ] } },
{ "type": "Feature", "properties": { "PermitNum": "6915168-DM", "HousingUnitsRemoved": "", "IssuedDate": "2022-08-15", "Latitude": 47.66671238, "Longitude": -122.35948663000001, "Location1": "(47.66671238, -122.35948663)" }, "geometry": { "type": "Point", "coordinates": [ -122.3594866, 47.6667124 ] } },
{ "type": "Feature", "properties": { "PermitNum": "6918763-DM", "HousingUnitsRemoved": "1", "IssuedDate": "2022-12-08", "Latitude": 47.56034778, "Longitude": -122.3785425, "Location1": "(47.56034778, -122.3785425)" }, "geometry": { "type": "Point", "coordinates": [ -122.3785425, 47.5603478 ] } },
{ "type": "Feature", "properties": { "PermitNum": "6688045-DM", "HousingUnitsRemoved": "", "IssuedDate": "2019-08-02", "Latitude": 47.69225766, "Longitude": -122.34785998, "Location1": "(47.69225766, -122.34785998)" }, "geometry": { "type": "Point", "coordinates": [ -122.34786, 47.6922577 ] } },
{ "type": "Feature", "properties": { "PermitNum": "6688513-DM", "HousingUnitsRemoved": "", "IssuedDate": "2018-09-13", "Latitude": 47.54702488, "Longitude": -122.28918866, "Location1": "(47.54702488, -122.28918866)" }, "geometry": { "type": "Point", "coordinates": [ -122.2891887, 47.5470249 ] } },
{ "type": "Feature", "properties": { "PermitNum": "6688731-DM", "HousingUnitsRemoved": "3", "IssuedDate": "2019-05-24", "Latitude": 47.62810154, "Longitude": -122.32102581, "Location1": "(47.62810154, -122.32102581)" }, "geometry": { "type": "Point", "coordinates": [ -122.3210258, 47.6281015 ] } },
{ "type": "Feature", "properties": { "PermitNum": "6689797-DM", "HousingUnitsRemoved": "", "IssuedDate": "2020-06-18", "Latitude": 47.67005402, "Longitude": -122.39032317, "Location1": "(47.67005402, -122.39032317)" }, "geometry": { "type": "Point", "coordinates": [ -122.3903232, 47.670054 ] } },
{ "type": "Feature", "properties": { "PermitNum": "6690417-DM", "HousingUnitsRemoved": "", "IssuedDate": "2019-09-06", "Latitude": 47.62571065, "Longitude": -122.31766987, "Location1": "(47.62571065, -122.31766987)" }, "geometry": { "type": "Point", "coordinates": [ -122.3176699, 47.6257107 ] } },
{ "type": "Feature", "properties": { "PermitNum": "6690579-DM", "HousingUnitsRemoved": "", "IssuedDate": "2020-01-24", "Latitude": 47.6549832, "Longitude": -122.32816813, "Location1": "(47.6549832, -122.32816813)" }, "geometry": { "type": "Point", "coordinates": [ -122.3281681, 47.6549832 ] } },
{ "type": "Feature", "properties": { "PermitNum": "6727763-DM", "HousingUnitsRemoved": "1", "IssuedDate": "2019-08-13", "Latitude": 47.66666376, "Longitude": -122.32713173, "Location1": "(47.66666376, -122.32713173)" }, "geometry": { "type": "Point", "coordinates": [ -122.3271317, 47.6666638 ] } },
{ "type": "Feature", "properties": { "PermitNum": "6727948-DM", "HousingUnitsRemoved": "1", "IssuedDate": "2019-08-29", "Latitude": 47.71526544, "Longitude": -122.32494478, "Location1": "(47.71526544, -122.32494478)" }, "geometry": { "type": "Point", "coordinates": [ -122.3249448, 47.7152654 ] } },
{ "type": "Feature", "properties": { "PermitNum": "6728246-DM", "HousingUnitsRemoved": "1", "IssuedDate": "2019-08-18", "Latitude": 47.71736919, "Longitude": -122.32389893, "Location1": "(47.71736919, -122.32389893)" }, "geometry": { "type": "Point", "coordinates": [ -122.3238989, 47.7173692 ] } },
{ "type": "Feature", "properties": { "PermitNum": "6728492-DM", "HousingUnitsRemoved": "1", "IssuedDate": "2018-11-29", "Latitude": 47.59554557, "Longitude": -122.29129506, "Location1": "(47.59554557, -122.29129506)" }, "geometry": { "type": "Point", "coordinates": [ -122.2912951, 47.5955456 ] } },
{ "type": "Feature", "properties": { "PermitNum": "6730475-DM", "HousingUnitsRemoved": "", "IssuedDate": "2021-04-24", "Latitude": 47.65957736, "Longitude": -122.39527131, "Location1": "(47.65957736, -122.39527131)" }, "geometry": { "type": "Point", "coordinates": [ -122.3952713, 47.6595774 ] } },
{ "type": "Feature", "properties": { "PermitNum": "6731127-DM", "HousingUnitsRemoved": "1", "IssuedDate": "2020-04-16", "Latitude": 47.68755559, "Longitude": -122.3757808, "Location1": "(47.68755559, -122.3757808)" }, "geometry": { "type": "Point", "coordinates": [ -122.3757808, 47.6875556 ] } },
{ "type": "Feature", "properties": { "PermitNum": "6731152-DM", "HousingUnitsRemoved": "1", "IssuedDate": "2019-06-07", "Latitude": 47.63016433, "Longitude": -122.36385666, "Location1": "(47.63016433, -122.36385666)" }, "geometry": { "type": "Point", "coordinates": [ -122.3638567, 47.6301643 ] } },
{ "type": "Feature", "properties": { "PermitNum": "6731977-DM", "HousingUnitsRemoved": "1", "IssuedDate": "2020-02-12", "Latitude": 47.59423342, "Longitude": -122.30089872000001, "Location1": "(47.59423342, -122.30089872)" }, "geometry": { "type": "Point", "coordinates": [ -122.3008987, 47.5942334 ] } },
{ "type": "Feature", "properties": { "PermitNum": "6732355-DM", "HousingUnitsRemoved": "", "IssuedDate": "2019-12-10", "Latitude": 47.66235192, "Longitude": -122.34435358, "Location1": "(47.66235192, -122.34435358)" }, "geometry": { "type": "Point", "coordinates": [ -122.3443536, 47.6623519 ] } },
{ "type": "Feature", "properties": { "PermitNum": "6732826-DM", "HousingUnitsRemoved": "1", "IssuedDate": "2019-11-13", "Latitude": 47.65445162, "Longitude": -122.39599531, "Location1": "(47.65445162, -122.39599531)" }, "geometry": { "type": "Point", "coordinates": [ -122.3959953, 47.6544516 ] } },
{ "type": "Feature", "properties": { "PermitNum": "6773247-DM", "HousingUnitsRemoved": "1", "IssuedDate": "2021-03-01", "Latitude": 47.69376159, "Longitude": -122.37441991, "Location1": "(47.69376159, -122.37441991)" }, "geometry": { "type": "Point", "coordinates": [ -122.3744199, 47.6937616 ] } },
{ "type": "Feature", "properties": { "PermitNum": "6777162-DM", "HousingUnitsRemoved": "", "IssuedDate": "2020-11-02", "Latitude": 47.7115195, "Longitude": -122.30385206, "Location1": "(47.7115195, -122.30385206)" }, "geometry": { "type": "Point", "coordinates": [ -122.3038521, 47.7115195 ] } },
{ "type": "Feature", "properties": { "PermitNum": "6777628-DM", "HousingUnitsRemoved": "1", "IssuedDate": "2021-04-16", "Latitude": 47.63641037, "Longitude": -122.3522742, "Location1": "(47.63641037, -122.3522742)" }, "geometry": { "type": "Point", "coordinates": [ -122.3522742, 47.6364104 ] } },
{ "type": "Feature", "properties": { "PermitNum": "6777645-DM", "HousingUnitsRemoved": "1", "IssuedDate": "2021-08-26", "Latitude": 47.66807938, "Longitude": -122.36995002, "Location1": "(47.66807938, -122.36995002)" }, "geometry": { "type": "Point", "coordinates": [ -122.36995, 47.6680794 ] } },
{ "type": "Feature", "properties": { "PermitNum": "6777680-DM", "HousingUnitsRemoved": "1", "IssuedDate": "2021-06-10", "Latitude": 47.54073478, "Longitude": -122.2994994, "Location1": "(47.54073478, -122.2994994)" }, "geometry": { "type": "Point", "coordinates": [ -122.2994994, 47.5407348 ] } },
{ "type": "Feature", "properties": { "PermitNum": "6777752-DM", "HousingUnitsRemoved": "1", "IssuedDate": "2020-09-08", "Latitude": 47.50385763, "Longitude": -122.38735733, "Location1": "(47.50385763, -122.38735733)" }, "geometry": { "type": "Point", "coordinates": [ -122.3873573, 47.5038576 ] } },
{ "type": "Feature", "properties": { "PermitNum": "6778089-DM", "HousingUnitsRemoved": "1", "IssuedDate": "2021-07-23", "Latitude": 47.66134917, "Longitude": -122.35586541000001, "Location1": "(47.66134917, -122.35586541)" }, "geometry": { "type": "Point", "coordinates": [ -122.3558654, 47.6613492 ] } },
{ "type": "Feature", "properties": { "PermitNum": "6778462-DM", "HousingUnitsRemoved": "1", "IssuedDate": "2020-08-07", "Latitude": 47.68353072, "Longitude": -122.30213651, "Location1": "(47.68353072, -122.30213651)" }, "geometry": { "type": "Point", "coordinates": [ -122.3021365, 47.6835307 ] } },
{ "type": "Feature", "properties": { "PermitNum": "6820262-DM", "HousingUnitsRemoved": "", "IssuedDate": "2021-04-01", "Latitude": 47.71465492, "Longitude": -122.29523164, "Location1": "(47.71465492, -122.29523164)" }, "geometry": { "type": "Point", "coordinates": [ -122.2952316, 47.7146549 ] } },
{ "type": "Feature", "properties": { "PermitNum": "6822613-DM", "HousingUnitsRemoved": "", "IssuedDate": "2021-10-01", "Latitude": 47.6696523, "Longitude": -122.36993011, "Location1": "(47.6696523, -122.36993011)" }, "geometry": { "type": "Point", "coordinates": [ -122.3699301, 47.6696523 ] } },
{ "type": "Feature", "properties": { "PermitNum": "6822988-DM", "HousingUnitsRemoved": "1", "IssuedDate": "2021-08-21", "Latitude": 47.67511657, "Longitude": -122.38014508000001, "Location1": "(47.67511657, -122.38014508)" }, "geometry": { "type": "Point", "coordinates": [ -122.3801451, 47.6751166 ] } },
{ "type": "Feature", "properties": { "PermitNum": "6823496-DM", "HousingUnitsRemoved": "1", "IssuedDate": "2021-05-12", "Latitude": 47.58120214, "Longitude": -122.30476454, "Location1": "(47.58120214, -122.30476454)" }, "geometry": { "type": "Point", "coordinates": [ -122.3047645, 47.5812021 ] } },
{ "type": "Feature", "properties": { "PermitNum": "6866343-DM", "HousingUnitsRemoved": "1", "IssuedDate": "2022-12-05", "Latitude": 47.70488127, "Longitude": -122.33541938, "Location1": "(47.70488127, -122.33541938)" }, "geometry": { "type": "Point", "coordinates": [ -122.3354194, 47.7048813 ] } },
{ "type": "Feature", "properties": { "PermitNum": "6866608-DM", "HousingUnitsRemoved": "", "IssuedDate": "2022-06-16", "Latitude": 47.65152748, "Longitude": -122.3483312, "Location1": "(47.65152748, -122.3483312)" }, "geometry": { "type": "Point", "coordinates": [ -122.3483312, 47.6515275 ] } },
{ "type": "Feature", "properties": { "PermitNum": "6867446-DM", "HousingUnitsRemoved": "1", "IssuedDate": "2022-02-16", "Latitude": 47.69181391, "Longitude": -122.28825034, "Location1": "(47.69181391, -122.28825034)" }, "geometry": { "type": "Point", "coordinates": [ -122.2882503, 47.6918139 ] } },
{ "type": "Feature", "properties": { "PermitNum": "6869106-DM", "HousingUnitsRemoved": "1", "IssuedDate": "2022-01-06", "Latitude": 47.5271629, "Longitude": -122.32258494, "Location1": "(47.5271629, -122.32258494)" }, "geometry": { "type": "Point", "coordinates": [ -122.3225849, 47.5271629 ] } },
{ "type": "Feature", "properties": { "PermitNum": "6869497-DM", "HousingUnitsRemoved": "1", "IssuedDate": "2022-04-19", "Latitude": 47.60541759, "Longitude": -122.30994519, "Location1": "(47.60541759, -122.30994519)" }, "geometry": { "type": "Point", "coordinates": [ -122.3099452, 47.6054176 ] } },
{ "type": "Feature", "properties": { "PermitNum": "6721857-DM", "HousingUnitsRemoved": "0", "IssuedDate": "2019-12-09", "Latitude": 47.65503834, "Longitude": -122.33355701000001, "Location1": "(47.65503834, -122.33355701)" }, "geometry": { "type": "Point", "coordinates": [ -122.333557, 47.6550383 ] } },
{ "type": "Feature", "properties": { "PermitNum": "6721874-DM", "HousingUnitsRemoved": "1", "IssuedDate": "2021-02-23", "Latitude": 47.68544704, "Longitude": -122.2876916, "Location1": "(47.68544704, -122.2876916)" }, "geometry": { "type": "Point", "coordinates": [ -122.2876916, 47.685447 ] } },
{ "type": "Feature", "properties": { "PermitNum": "6721948-DM", "HousingUnitsRemoved": "1", "IssuedDate": "2021-06-10", "Latitude": 47.67888437, "Longitude": -122.28903707000001, "Location1": "(47.67888437, -122.28903707)" }, "geometry": { "type": "Point", "coordinates": [ -122.2890371, 47.6788844 ] } },
{ "type": "Feature", "properties": { "PermitNum": "6722011-DM", "HousingUnitsRemoved": "0", "IssuedDate": "2019-09-23", "Latitude": 47.64353232, "Longitude": -122.40687602, "Location1": "(47.64353232, -122.40687602)" }, "geometry": { "type": "Point", "coordinates": [ -122.406876, 47.6435323 ] } },
{ "type": "Feature", "properties": { "PermitNum": "6722665-DM", "HousingUnitsRemoved": "1", "IssuedDate": "2019-12-10", "Latitude": 47.52000252, "Longitude": -122.35625021, "Location1": "(47.52000252, -122.35625021)" }, "geometry": { "type": "Point", "coordinates": [ -122.3562502, 47.5200025 ] } },
{ "type": "Feature", "properties": { "PermitNum": "6722728-DM", "HousingUnitsRemoved": "", "IssuedDate": "2019-09-05", "Latitude": 47.49600474, "Longitude": -122.26270153, "Location1": "(47.49600474, -122.26270153)" }, "geometry": { "type": "Point", "coordinates": [ -122.2627015, 47.4960047 ] } },
{ "type": "Feature", "properties": { "PermitNum": "6722781-DM", "HousingUnitsRemoved": "1", "IssuedDate": "2019-10-22", "Latitude": 47.69416482, "Longitude": -122.29784057000001, "Location1": "(47.69416482, -122.29784057)" }, "geometry": { "type": "Point", "coordinates": [ -122.2978406, 47.6941648 ] } },
{ "type": "Feature", "properties": { "PermitNum": "6726351-DM", "HousingUnitsRemoved": "1", "IssuedDate": "2019-08-29", "Latitude": 47.71526384, "Longitude": -122.32522555, "Location1": "(47.71526384, -122.32522555)" }, "geometry": { "type": "Point", "coordinates": [ -122.3252255, 47.7152638 ] } },
{ "type": "Feature", "properties": { "PermitNum": "6769383-DM", "HousingUnitsRemoved": "1", "IssuedDate": "2020-03-30", "Latitude": 47.67752878, "Longitude": -122.36786418, "Location1": "(47.67752878, -122.36786418)" }, "geometry": { "type": "Point", "coordinates": [ -122.3678642, 47.6775288 ] } },
{ "type": "Feature", "properties": { "PermitNum": "6769482-DM", "HousingUnitsRemoved": "", "IssuedDate": "2020-05-11", "Latitude": 47.68447154, "Longitude": -122.32907977000001, "Location1": "(47.68447154, -122.32907977)" }, "geometry": { "type": "Point", "coordinates": [ -122.3290798, 47.6844715 ] } },
{ "type": "Feature", "properties": { "PermitNum": "6770726-DM", "HousingUnitsRemoved": "1", "IssuedDate": "2021-03-02", "Latitude": 47.55356454, "Longitude": -122.27217995, "Location1": "(47.55356454, -122.27217995)" }, "geometry": { "type": "Point", "coordinates": [ -122.2721799, 47.5535645 ] } },
{ "type": "Feature", "properties": { "PermitNum": "6770797-DM", "HousingUnitsRemoved": "0", "IssuedDate": "2021-04-23", "Latitude": 47.64243254, "Longitude": -122.32619371, "Location1": "(47.64243254, -122.32619371)" }, "geometry": { "type": "Point", "coordinates": [ -122.3261937, 47.6424325 ] } },
{ "type": "Feature", "properties": { "PermitNum": "6772449-DM", "HousingUnitsRemoved": "1", "IssuedDate": "2022-01-21", "Latitude": 47.67146283, "Longitude": -122.39135446, "Location1": "(47.67146283, -122.39135446)" }, "geometry": { "type": "Point", "coordinates": [ -122.3913545, 47.6714628 ] } },
{ "type": "Feature", "properties": { "PermitNum": "6815907-DM", "HousingUnitsRemoved": "1", "IssuedDate": "2021-02-18", "Latitude": 47.62497858, "Longitude": -122.30272328, "Location1": "(47.62497858, -122.30272328)" }, "geometry": { "type": "Point", "coordinates": [ -122.3027233, 47.6249786 ] } },
{ "type": "Feature", "properties": { "PermitNum": "6816302-DM", "HousingUnitsRemoved": "", "IssuedDate": "2021-04-14", "Latitude": 47.6928034, "Longitude": -122.31571393, "Location1": "(47.6928034, -122.31571393)" }, "geometry": { "type": "Point", "coordinates": [ -122.3157139, 47.6928034 ] } },
{ "type": "Feature", "properties": { "PermitNum": "6817683-DM", "HousingUnitsRemoved": "", "IssuedDate": "2022-01-25", "Latitude": 47.68816028, "Longitude": -122.37743001, "Location1": "(47.68816028, -122.37743001)" }, "geometry": { "type": "Point", "coordinates": [ -122.37743, 47.6881603 ] } },
{ "type": "Feature", "properties": { "PermitNum": "6862645-DM", "HousingUnitsRemoved": "1", "IssuedDate": "2022-01-19", "Latitude": 47.68336413, "Longitude": -122.3233398, "Location1": "(47.68336413, -122.3233398)" }, "geometry": { "type": "Point", "coordinates": [ -122.3233398, 47.6833641 ] } },
{ "type": "Feature", "properties": { "PermitNum": "6909639-DM", "HousingUnitsRemoved": "1", "IssuedDate": "2022-07-22", "Latitude": 47.67251552, "Longitude": -122.36589258, "Location1": "(47.67251552, -122.36589258)" }, "geometry": { "type": "Point", "coordinates": [ -122.3658926, 47.6725155 ] } },
{ "type": "Feature", "properties": { "PermitNum": "6910802-DM", "HousingUnitsRemoved": "1", "IssuedDate": "2022-08-04", "Latitude": 47.55519556, "Longitude": -122.27227693, "Location1": "(47.55519556, -122.27227693)" }, "geometry": { "type": "Point", "coordinates": [ -122.2722769, 47.5551956 ] } },
{ "type": "Feature", "properties": { "PermitNum": "6911303-DM", "HousingUnitsRemoved": "0", "IssuedDate": "2022-07-18", "Latitude": 47.61919535, "Longitude": -122.32712137, "Location1": "(47.61919535, -122.32712137)" }, "geometry": { "type": "Point", "coordinates": [ -122.3271214, 47.6191953 ] } },
{ "type": "Feature", "properties": { "PermitNum": "6912728-DM", "HousingUnitsRemoved": "", "IssuedDate": "2022-11-14", "Location1": "" }, "geometry": null },
{ "type": "Feature", "properties": { "PermitNum": "6914290-DM", "HousingUnitsRemoved": "", "IssuedDate": "2022-09-02", "Latitude": 47.59265462, "Longitude": -122.30457459, "Location1": "(47.59265462, -122.30457459)" }, "geometry": { "type": "Point", "coordinates": [ -122.3045746, 47.5926546 ] } },
{ "type": "Feature", "properties": { "PermitNum": "6713517-DM", "HousingUnitsRemoved": "1", "IssuedDate": "2019-07-08", "Latitude": 47.67643839, "Longitude": -122.39407627, "Location1": "(47.67643839, -122.39407627)" }, "geometry": { "type": "Point", "coordinates": [ -122.3940763, 47.6764384 ] } },
{ "type": "Feature", "properties": { "PermitNum": "6715279-DM", "HousingUnitsRemoved": "2", "IssuedDate": "2021-01-12", "Latitude": 47.6507565, "Longitude": -122.4005737, "Location1": "(47.6507565, -122.4005737)" }, "geometry": { "type": "Point", "coordinates": [ -122.4005737, 47.6507565 ] } },
{ "type": "Feature", "properties": { "PermitNum": "6717024-DM", "HousingUnitsRemoved": "1", "IssuedDate": "2019-09-17", "Latitude": 47.67292896, "Longitude": -122.36748897, "Location1": "(47.67292896, -122.36748897)" }, "geometry": { "type": "Point", "coordinates": [ -122.367489, 47.672929 ] } },
{ "type": "Feature", "properties": { "PermitNum": "6717385-DM", "HousingUnitsRemoved": "", "IssuedDate": "2019-11-13", "Latitude": 47.55971479, "Longitude": -122.29176865, "Location1": "(47.55971479, -122.29176865)" }, "geometry": { "type": "Point", "coordinates": [ -122.2917686, 47.5597148 ] } },
{ "type": "Feature", "properties": { "PermitNum": "6758960-DM", "HousingUnitsRemoved": "", "IssuedDate": "2021-08-02", "Latitude": 47.56735731, "Longitude": -122.29136423, "Location1": "(47.56735731, -122.29136423)" }, "geometry": { "type": "Point", "coordinates": [ -122.2913642, 47.5673573 ] } },
{ "type": "Feature", "properties": { "PermitNum": "6849303-DM", "HousingUnitsRemoved": "1", "IssuedDate": "2021-09-27", "Latitude": 47.66657843, "Longitude": -122.27630404, "Location1": "(47.66657843, -122.27630404)" }, "geometry": { "type": "Point", "coordinates": [ -122.276304, 47.6665784 ] } },
{ "type": "Feature", "properties": { "PermitNum": "6849948-DM", "HousingUnitsRemoved": "", "IssuedDate": "2021-11-24", "Latitude": 47.62168789, "Longitude": -122.30971535, "Location1": "(47.62168789, -122.30971535)" }, "geometry": { "type": "Point", "coordinates": [ -122.3097154, 47.6216879 ] } },
{ "type": "Feature", "properties": { "PermitNum": "6850166-DM", "HousingUnitsRemoved": "", "IssuedDate": "2022-07-20", "Latitude": 47.69405478, "Longitude": -122.29451106, "Location1": "(47.69405478, -122.29451106)" }, "geometry": { "type": "Point", "coordinates": [ -122.2945111, 47.6940548 ] } },
{ "type": "Feature", "properties": { "PermitNum": "6718128-DM", "HousingUnitsRemoved": "", "IssuedDate": "2019-12-26", "Latitude": 47.73088025, "Longitude": -122.34379147, "Location1": "(47.73088025, -122.34379147)" }, "geometry": { "type": "Point", "coordinates": [ -122.3437915, 47.7308802 ] } },
{ "type": "Feature", "properties": { "PermitNum": "6719261-DM", "HousingUnitsRemoved": "1", "IssuedDate": "2019-12-16", "Latitude": 47.66108537, "Longitude": -122.34931143, "Location1": "(47.66108537, -122.34931143)" }, "geometry": { "type": "Point", "coordinates": [ -122.3493114, 47.6610854 ] } },
{ "type": "Feature", "properties": { "PermitNum": "6720437-DM", "HousingUnitsRemoved": "", "IssuedDate": "2020-09-11", "Latitude": 47.51926062, "Longitude": -122.39173087, "Location1": "(47.51926062, -122.39173087)" }, "geometry": { "type": "Point", "coordinates": [ -122.3917309, 47.5192606 ] } },
{ "type": "Feature", "properties": { "PermitNum": "6763582-DM", "HousingUnitsRemoved": "1", "IssuedDate": "2022-05-17", "Latitude": 47.68903223, "Longitude": -122.37244789, "Location1": "(47.68903223, -122.37244789)" }, "geometry": { "type": "Point", "coordinates": [ -122.3724479, 47.6890322 ] } },
{ "type": "Feature", "properties": { "PermitNum": "6764438-DM", "HousingUnitsRemoved": "", "IssuedDate": "2020-06-30", "Latitude": 47.57868898, "Longitude": -122.29578105, "Location1": "(47.57868898, -122.29578105)" }, "geometry": { "type": "Point", "coordinates": [ -122.2957811, 47.578689 ] } },
{ "type": "Feature", "properties": { "PermitNum": "6764522-DM", "HousingUnitsRemoved": "1", "IssuedDate": "2020-08-03", "Latitude": 47.63823894, "Longitude": -122.39011537, "Location1": "(47.63823894, -122.39011537)" }, "geometry": { "type": "Point", "coordinates": [ -122.3901154, 47.6382389 ] } },
{ "type": "Feature", "properties": { "PermitNum": "6764729-DM", "HousingUnitsRemoved": "", "IssuedDate": "2022-02-09", "Latitude": 47.65291965, "Longitude": -122.35419643, "Location1": "(47.65291965, -122.35419643)" }, "geometry": { "type": "Point", "coordinates": [ -122.3541964, 47.6529197 ] } },
{ "type": "Feature", "properties": { "PermitNum": "6765027-DM", "HousingUnitsRemoved": "1", "IssuedDate": "2021-07-06", "Latitude": 47.55807437, "Longitude": -122.28908858, "Location1": "(47.55807437, -122.28908858)" }, "geometry": { "type": "Point", "coordinates": [ -122.2890886, 47.5580744 ] } },
{ "type": "Feature", "properties": { "PermitNum": "6765260-DM", "HousingUnitsRemoved": "1", "IssuedDate": "2020-03-04", "Latitude": 47.56122494, "Longitude": -122.2897302, "Location1": "(47.56122494, -122.2897302)" }, "geometry": { "type": "Point", "coordinates": [ -122.2897302, 47.5612249 ] } },
{ "type": "Feature", "properties": { "PermitNum": "6768632-DM", "HousingUnitsRemoved": "1", "IssuedDate": "2020-03-27", "Latitude": 47.668089, "Longitude": -122.36704891, "Location1": "(47.668089, -122.36704891)" }, "geometry": { "type": "Point", "coordinates": [ -122.3670489, 47.668089 ] } },
{ "type": "Feature", "properties": { "PermitNum": "6807232-DM", "HousingUnitsRemoved": "1", "IssuedDate": "2021-02-23", "Latitude": 47.67425068, "Longitude": -122.39525516, "Location1": "(47.67425068, -122.39525516)" }, "geometry": { "type": "Point", "coordinates": [ -122.3952552, 47.6742507 ] } },
{ "type": "Feature", "properties": { "PermitNum": "6807745-DM", "HousingUnitsRemoved": "1", "IssuedDate": "2021-05-12", "Latitude": 47.55780621, "Longitude": -122.38518072, "Location1": "(47.55780621, -122.38518072)" }, "geometry": { "type": "Point", "coordinates": [ -122.3851807, 47.5578062 ] } },
{ "type": "Feature", "properties": { "PermitNum": "6808174-DM", "HousingUnitsRemoved": "4", "IssuedDate": "2021-09-24", "Latitude": 47.73262945, "Longitude": -122.29353503, "Location1": "(47.73262945, -122.29353503)" }, "geometry": { "type": "Point", "coordinates": [ -122.293535, 47.7326294 ] } },
{ "type": "Feature", "properties": { "PermitNum": "6809758-DM", "HousingUnitsRemoved": "0", "IssuedDate": "2020-11-25", "Latitude": 47.69801666, "Longitude": -122.35102243, "Location1": "(47.69801666, -122.35102243)" }, "geometry": { "type": "Point", "coordinates": [ -122.3510224, 47.6980167 ] } },
{ "type": "Feature", "properties": { "PermitNum": "6810674-DM", "HousingUnitsRemoved": "", "IssuedDate": "2021-08-19", "Latitude": 47.68827308, "Longitude": -122.37760903, "Location1": "(47.68827308, -122.37760903)" }, "geometry": { "type": "Point", "coordinates": [ -122.377609, 47.6882731 ] } },
{ "type": "Feature", "properties": { "PermitNum": "6811054-DM", "HousingUnitsRemoved": "1", "IssuedDate": "2021-10-13", "Latitude": 47.70240868, "Longitude": -122.35867271, "Location1": "(47.70240868, -122.35867271)" }, "geometry": { "type": "Point", "coordinates": [ -122.3586727, 47.7024087 ] } },
{ "type": "Feature", "properties": { "PermitNum": "6811844-DM", "HousingUnitsRemoved": "1", "IssuedDate": "2021-10-18", "Latitude": 47.66305545, "Longitude": -122.33708925000001, "Location1": "(47.66305545, -122.33708925)" }, "geometry": { "type": "Point", "coordinates": [ -122.3370893, 47.6630555 ] } },
{ "type": "Feature", "properties": { "PermitNum": "6813005-DM", "HousingUnitsRemoved": "1", "IssuedDate": "2021-05-25", "Latitude": 47.63784844, "Longitude": -122.37322484000001, "Location1": "(47.63784844, -122.37322484)" }, "geometry": { "type": "Point", "coordinates": [ -122.3732248, 47.6378484 ] } },
{ "type": "Feature", "properties": { "PermitNum": "6854422-DM", "HousingUnitsRemoved": "1", "IssuedDate": "2022-04-07", "Latitude": 47.69679121, "Longitude": -122.36097633, "Location1": "(47.69679121, -122.36097633)" }, "geometry": { "type": "Point", "coordinates": [ -122.3609763, 47.6967912 ] } },
{ "type": "Feature", "properties": { "PermitNum": "6854447-DM", "HousingUnitsRemoved": "", "IssuedDate": "2021-11-09", "Latitude": 47.57073878, "Longitude": -122.38890276, "Location1": "(47.57073878, -122.38890276)" }, "geometry": { "type": "Point", "coordinates": [ -122.3889028, 47.5707388 ] } },
{ "type": "Feature", "properties": { "PermitNum": "6854886-DM", "HousingUnitsRemoved": "", "IssuedDate": "2022-08-01", "Latitude": 47.68823652, "Longitude": -122.37576433, "Location1": "(47.68823652, -122.37576433)" }, "geometry": { "type": "Point", "coordinates": [ -122.3757643, 47.6882365 ] } },
{ "type": "Feature", "properties": { "PermitNum": "6854889-DM", "HousingUnitsRemoved": "1", "IssuedDate": "2022-09-21", "Latitude": 47.68041227, "Longitude": -122.31665966, "Location1": "(47.68041227, -122.31665966)" }, "geometry": { "type": "Point", "coordinates": [ -122.3166597, 47.6804123 ] } },
{ "type": "Feature", "properties": { "PermitNum": "6854899-DM", "HousingUnitsRemoved": "1", "IssuedDate": "2022-08-23", "Latitude": 47.6883806, "Longitude": -122.37570567, "Location1": "(47.6883806, -122.37570567)" }, "geometry": { "type": "Point", "coordinates": [ -122.3757057, 47.6883806 ] } },
{ "type": "Feature", "properties": { "PermitNum": "6856923-DM", "HousingUnitsRemoved": "1", "IssuedDate": "2022-01-13", "Latitude": 47.68744591, "Longitude": -122.34918688, "Location1": "(47.68744591, -122.34918688)" }, "geometry": { "type": "Point", "coordinates": [ -122.3491869, 47.6874459 ] } },
{ "type": "Feature", "properties": { "PermitNum": "6857712-DM", "HousingUnitsRemoved": "2", "IssuedDate": "2022-10-03", "Latitude": 47.57570702, "Longitude": -122.41105363, "Location1": "(47.57570702, -122.41105363)" }, "geometry": { "type": "Point", "coordinates": [ -122.4110536, 47.575707 ] } },
{ "type": "Feature", "properties": { "PermitNum": "6906446-DM", "HousingUnitsRemoved": "1", "IssuedDate": "2022-07-26", "Latitude": 47.68077908, "Longitude": -122.38845497, "Location1": "(47.68077908, -122.38845497)" }, "geometry": { "type": "Point", "coordinates": [ -122.388455, 47.6807791 ] } },
{ "type": "Feature", "properties": { "PermitNum": "6907749-DM", "HousingUnitsRemoved": "", "IssuedDate": "2022-12-22", "Latitude": 47.68202808, "Longitude": -122.3776146, "Location1": "(47.68202808, -122.3776146)" }, "geometry": { "type": "Point", "coordinates": [ -122.3776146, 47.6820281 ] } },
{ "type": "Feature", "properties": { "PermitNum": "6757491-DM", "HousingUnitsRemoved": "", "IssuedDate": "2020-04-16", "Latitude": 47.54033379, "Longitude": -122.36108771000001, "Location1": "(47.54033379, -122.36108771)" }, "geometry": { "type": "Point", "coordinates": [ -122.3610877, 47.5403338 ] } },
{ "type": "Feature", "properties": { "PermitNum": "6757675-DM", "HousingUnitsRemoved": "1", "IssuedDate": "2021-05-20", "Latitude": 47.6772673, "Longitude": -122.38784225000001, "Location1": "(47.6772673, -122.38784225)" }, "geometry": { "type": "Point", "coordinates": [ -122.3878423, 47.6772673 ] } },
{ "type": "Feature", "properties": { "PermitNum": "6758138-DM", "HousingUnitsRemoved": "", "IssuedDate": "2019-11-12", "Latitude": 47.68770371, "Longitude": -122.38900114, "Location1": "(47.68770371, -122.38900114)" }, "geometry": { "type": "Point", "coordinates": [ -122.3890011, 47.6877037 ] } },
{ "type": "Feature", "properties": { "PermitNum": "6759833-DM", "HousingUnitsRemoved": "1", "IssuedDate": "2020-03-12", "Latitude": 47.66481096, "Longitude": -122.33825664, "Location1": "(47.66481096, -122.33825664)" }, "geometry": { "type": "Point", "coordinates": [ -122.3382566, 47.664811 ] } },
{ "type": "Feature", "properties": { "PermitNum": "6761659-DM", "HousingUnitsRemoved": "0", "IssuedDate": "2019-10-15", "Latitude": 47.56765904, "Longitude": -122.3811672, "Location1": "(47.56765904, -122.3811672)" }, "geometry": { "type": "Point", "coordinates": [ -122.3811672, 47.567659 ] } },
{ "type": "Feature", "properties": { "PermitNum": "6800863-DM", "HousingUnitsRemoved": "", "IssuedDate": "2022-02-16", "Latitude": 47.62752546, "Longitude": -122.36111693, "Location1": "(47.62752546, -122.36111693)" }, "geometry": { "type": "Point", "coordinates": [ -122.3611169, 47.6275255 ] } },
{ "type": "Feature", "properties": { "PermitNum": "6801277-DM", "HousingUnitsRemoved": "", "IssuedDate": "2021-03-05", "Latitude": 47.69707095, "Longitude": -122.36095825, "Location1": "(47.69707095, -122.36095825)" }, "geometry": { "type": "Point", "coordinates": [ -122.3609582, 47.6970709 ] } },
{ "type": "Feature", "properties": { "PermitNum": "6802580-DM", "HousingUnitsRemoved": "1", "IssuedDate": "2020-12-23", "Latitude": 47.67145021, "Longitude": -122.37281215, "Location1": "(47.67145021, -122.37281215)" }, "geometry": { "type": "Point", "coordinates": [ -122.3728122, 47.6714502 ] } },
{ "type": "Feature", "properties": { "PermitNum": "6805412-DM", "HousingUnitsRemoved": "1", "IssuedDate": "2021-09-08", "Latitude": 47.62954132, "Longitude": -122.29135618, "Location1": "(47.62954132, -122.29135618)" }, "geometry": { "type": "Point", "coordinates": [ -122.2913562, 47.6295413 ] } },
{ "type": "Feature", "properties": { "PermitNum": "6805981-DM", "HousingUnitsRemoved": "1", "IssuedDate": "2021-04-20", "Latitude": 47.651054, "Longitude": -122.39452606, "Location1": "(47.651054, -122.39452606)" }, "geometry": { "type": "Point", "coordinates": [ -122.3945261, 47.651054 ] } },
{ "type": "Feature", "properties": { "PermitNum": "6806573-DM", "HousingUnitsRemoved": "1", "IssuedDate": "2021-06-22", "Latitude": 47.71426395, "Longitude": -122.30743875, "Location1": "(47.71426395, -122.30743875)" }, "geometry": { "type": "Point", "coordinates": [ -122.3074388, 47.714264 ] } },
{ "type": "Feature", "properties": { "PermitNum": "6847960-DM", "HousingUnitsRemoved": "", "IssuedDate": "2021-07-15", "Latitude": 47.55590843, "Longitude": -122.36528289, "Location1": "(47.55590843, -122.36528289)" }, "geometry": { "type": "Point", "coordinates": [ -122.3652829, 47.5559084 ] } },
{ "type": "Feature", "properties": { "PermitNum": "6848709-DM", "HousingUnitsRemoved": "1", "IssuedDate": "2021-08-25", "Latitude": 47.63775354, "Longitude": -122.32758912, "Location1": "(47.63775354, -122.32758912)" }, "geometry": { "type": "Point", "coordinates": [ -122.3275891, 47.6377535 ] } },
{ "type": "Feature", "properties": { "PermitNum": "6849700-DM", "HousingUnitsRemoved": "", "IssuedDate": "2021-12-08", "Latitude": 47.61582157, "Longitude": -122.30300222, "Location1": "(47.61582157, -122.30300222)" }, "geometry": { "type": "Point", "coordinates": [ -122.3030022, 47.6158216 ] } },
{ "type": "Feature", "properties": { "PermitNum": "6851397-DM", "HousingUnitsRemoved": "1", "IssuedDate": "2022-02-28", "Latitude": 47.66223088, "Longitude": -122.40330184, "Location1": "(47.66223088, -122.40330184)" }, "geometry": { "type": "Point", "coordinates": [ -122.4033018, 47.6622309 ] } },
{ "type": "Feature", "properties": { "PermitNum": "6901470-DM", "HousingUnitsRemoved": "1", "IssuedDate": "2022-08-10", "Latitude": 47.66687299, "Longitude": -122.29982124, "Location1": "(47.66687299, -122.29982124)" }, "geometry": { "type": "Point", "coordinates": [ -122.2998212, 47.666873 ] } },
{ "type": "Feature", "properties": { "PermitNum": "6702559-DM", "HousingUnitsRemoved": "1", "IssuedDate": "2020-03-13", "Latitude": 47.65354442, "Longitude": -122.38504346000001, "Location1": "(47.65354442, -122.38504346)" }, "geometry": { "type": "Point", "coordinates": [ -122.3850435, 47.6535444 ] } },
{ "type": "Feature", "properties": { "PermitNum": "6703025-DM", "HousingUnitsRemoved": "", "IssuedDate": "2019-05-13", "Latitude": 47.68424133, "Longitude": -122.33137624, "Location1": "(47.68424133, -122.33137624)" }, "geometry": { "type": "Point", "coordinates": [ -122.3313762, 47.6842413 ] } },
{ "type": "Feature", "properties": { "PermitNum": "6703282-DM", "HousingUnitsRemoved": "58", "IssuedDate": "2020-02-28", "Latitude": 47.60229835, "Longitude": -122.3229115, "Location1": "(47.60229835, -122.3229115)" }, "geometry": { "type": "Point", "coordinates": [ -122.3229115, 47.6022983 ] } },
{ "type": "Feature", "properties": { "PermitNum": "6703793-DM", "HousingUnitsRemoved": "2", "IssuedDate": "2020-02-10", "Latitude": 47.56489011, "Longitude": -122.36369633, "Location1": "(47.56489011, -122.36369633)" }, "geometry": { "type": "Point", "coordinates": [ -122.3636963, 47.5648901 ] } },
{ "type": "Feature", "properties": { "PermitNum": "6704911-DM", "HousingUnitsRemoved": "", "IssuedDate": "2019-09-06", "Latitude": 47.6302995, "Longitude": -122.34527536, "Location1": "(47.6302995, -122.34527536)" }, "geometry": { "type": "Point", "coordinates": [ -122.3452754, 47.6302995 ] } },
{ "type": "Feature", "properties": { "PermitNum": "6705256-DM", "HousingUnitsRemoved": "", "IssuedDate": "2019-08-30", "Latitude": 47.55650839, "Longitude": -122.26847743, "Location1": "(47.55650839, -122.26847743)" }, "geometry": { "type": "Point", "coordinates": [ -122.2684774, 47.5565084 ] } },
{ "type": "Feature", "properties": { "PermitNum": "6705300-DM", "HousingUnitsRemoved": "1", "IssuedDate": "2022-04-11", "Latitude": 47.6493983, "Longitude": -122.33658669, "Location1": "(47.6493983, -122.33658669)" }, "geometry": { "type": "Point", "coordinates": [ -122.3365867, 47.6493983 ] } },
{ "type": "Feature", "properties": { "PermitNum": "6705548-DM", "HousingUnitsRemoved": "1", "IssuedDate": "2020-03-04", "Latitude": 47.69792318, "Longitude": -122.33549458, "Location1": "(47.69792318, -122.33549458)" }, "geometry": { "type": "Point", "coordinates": [ -122.3354946, 47.6979232 ] } },
{ "type": "Feature", "properties": { "PermitNum": "6706001-DM", "HousingUnitsRemoved": "", "IssuedDate": "2019-04-25", "Latitude": 47.58707807, "Longitude": -122.30798471, "Location1": "(47.58707807, -122.30798471)" }, "geometry": { "type": "Point", "coordinates": [ -122.3079847, 47.5870781 ] } },
{ "type": "Feature", "properties": { "PermitNum": "6706999-DM", "HousingUnitsRemoved": "", "IssuedDate": "2021-01-22", "Latitude": 47.56040757, "Longitude": -122.26498372, "Location1": "(47.56040757, -122.26498372)" }, "geometry": { "type": "Point", "coordinates": [ -122.2649837, 47.5604076 ] } },
{ "type": "Feature", "properties": { "PermitNum": "6747743-DM", "HousingUnitsRemoved": "1", "IssuedDate": "2021-02-09", "Latitude": 47.57812055, "Longitude": -122.31309308, "Location1": "(47.57812055, -122.31309308)" }, "geometry": { "type": "Point", "coordinates": [ -122.3130931, 47.5781206 ] } },
{ "type": "Feature", "properties": { "PermitNum": "6748541-DM", "HousingUnitsRemoved": "", "IssuedDate": "2020-06-12", "Latitude": 47.63980378, "Longitude": -122.27874845, "Location1": "(47.63980378, -122.27874845)" }, "geometry": { "type": "Point", "coordinates": [ -122.2787484, 47.6398038 ] } },
{ "type": "Feature", "properties": { "PermitNum": "6750495-DM", "HousingUnitsRemoved": "1", "IssuedDate": "2020-09-02", "Latitude": 47.62853572, "Longitude": -122.34520872, "Location1": "(47.62853572, -122.34520872)" }, "geometry": { "type": "Point", "coordinates": [ -122.3452087, 47.6285357 ] } },
{ "type": "Feature", "properties": { "PermitNum": "6750498-DM", "HousingUnitsRemoved": "", "IssuedDate": "2020-08-20", "Latitude": 47.65977294, "Longitude": -122.34135092, "Location1": "(47.65977294, -122.34135092)" }, "geometry": { "type": "Point", "coordinates": [ -122.3413509, 47.6597729 ] } },
{ "type": "Feature", "properties": { "PermitNum": "6750537-DM", "HousingUnitsRemoved": "1", "IssuedDate": "2020-12-08", "Latitude": 47.52709092, "Longitude": -122.32673823, "Location1": "(47.52709092, -122.32673823)" }, "geometry": { "type": "Point", "coordinates": [ -122.3267382, 47.5270909 ] } },
{ "type": "Feature", "properties": { "PermitNum": "6750540-DM", "HousingUnitsRemoved": "1", "IssuedDate": "2020-06-22", "Latitude": 47.6676887, "Longitude": -122.3683647, "Location1": "(47.6676887, -122.3683647)" }, "geometry": { "type": "Point", "coordinates": [ -122.3683647, 47.6676887 ] } },
{ "type": "Feature", "properties": { "PermitNum": "6791593-DM", "HousingUnitsRemoved": "", "IssuedDate": "2020-12-16", "Latitude": 47.64019129, "Longitude": -122.27992758000001, "Location1": "(47.64019129, -122.27992758)" }, "geometry": { "type": "Point", "coordinates": [ -122.2799276, 47.6401913 ] } },
{ "type": "Feature", "properties": { "PermitNum": "6794166-DM", "HousingUnitsRemoved": "1", "IssuedDate": "2021-11-23", "Latitude": 47.52594616, "Longitude": -122.31990075, "Location1": "(47.52594616, -122.31990075)" }, "geometry": { "type": "Point", "coordinates": [ -122.3199008, 47.5259462 ] } },
{ "type": "Feature", "properties": { "PermitNum": "6795137-DM", "HousingUnitsRemoved": "", "IssuedDate": "2021-06-17", "Latitude": 47.51156521, "Longitude": -122.24709882000001, "Location1": "(47.51156521, -122.24709882)" }, "geometry": { "type": "Point", "coordinates": [ -122.2470988, 47.5115652 ] } },
{ "type": "Feature", "properties": { "PermitNum": "6795373-DM", "HousingUnitsRemoved": "2", "IssuedDate": "2021-11-19", "Latitude": 47.62251276, "Longitude": -122.3017968, "Location1": "(47.62251276, -122.3017968)" }, "geometry": { "type": "Point", "coordinates": [ -122.3017968, 47.6225128 ] } },
{ "type": "Feature", "properties": { "PermitNum": "6797084-DM", "HousingUnitsRemoved": "1", "IssuedDate": "2021-10-26", "Latitude": 47.57357244, "Longitude": -122.29277336, "Location1": "(47.57357244, -122.29277336)" }, "geometry": { "type": "Point", "coordinates": [ -122.2927734, 47.5735724 ] } },
{ "type": "Feature", "properties": { "PermitNum": "6706821-DM", "HousingUnitsRemoved": "", "IssuedDate": "2020-11-10", "Latitude": 47.54187643, "Longitude": -122.32144205, "Location1": "(47.54187643, -122.32144205)" }, "geometry": { "type": "Point", "coordinates": [ -122.3214421, 47.5418764 ] } },
{ "type": "Feature", "properties": { "PermitNum": "6708443-DM", "HousingUnitsRemoved": "", "IssuedDate": "2019-09-17", "Latitude": 47.61037162, "Longitude": -122.29549753000001, "Location1": "(47.61037162, -122.29549753)" }, "geometry": { "type": "Point", "coordinates": [ -122.2954975, 47.6103716 ] } },
{ "type": "Feature", "properties": { "PermitNum": "6709066-DM", "HousingUnitsRemoved": "", "IssuedDate": "2019-10-14", "Latitude": 47.65838468, "Longitude": -122.34826938, "Location1": "(47.65838468, -122.34826938)" }, "geometry": { "type": "Point", "coordinates": [ -122.3482694, 47.6583847 ] } },
{ "type": "Feature", "properties": { "PermitNum": "6709415-DM", "HousingUnitsRemoved": "", "IssuedDate": "2019-12-10", "Latitude": 47.69588706, "Longitude": -122.35650614, "Location1": "(47.69588706, -122.35650614)" }, "geometry": { "type": "Point", "coordinates": [ -122.3565061, 47.6958871 ] } },
{ "type": "Feature", "properties": { "PermitNum": "6709616-DM", "HousingUnitsRemoved": "", "IssuedDate": "2019-08-28", "Latitude": 47.66664558, "Longitude": -122.3139357, "Location1": "(47.66664558, -122.3139357)" }, "geometry": { "type": "Point", "coordinates": [ -122.3139357, 47.6666456 ] } },
{ "type": "Feature", "properties": { "PermitNum": "6710361-DM", "HousingUnitsRemoved": "1", "IssuedDate": "2021-03-29", "Latitude": 47.66382209, "Longitude": -122.35247774, "Location1": "(47.66382209, -122.35247774)" }, "geometry": { "type": "Point", "coordinates": [ -122.3524777, 47.6638221 ] } },
{ "type": "Feature", "properties": { "PermitNum": "6710707-DM", "HousingUnitsRemoved": "", "IssuedDate": "2019-08-16", "Latitude": 47.6472596, "Longitude": -122.31653093, "Location1": "(47.6472596, -122.31653093)" }, "geometry": { "type": "Point", "coordinates": [ -122.3165309, 47.6472596 ] } },
{ "type": "Feature", "properties": { "PermitNum": "6750323-DM", "HousingUnitsRemoved": "0", "IssuedDate": "2020-06-09", "Latitude": 47.68446378, "Longitude": -122.29558388, "Location1": "(47.68446378, -122.29558388)" }, "geometry": { "type": "Point", "coordinates": [ -122.2955839, 47.6844638 ] } },
{ "type": "Feature", "properties": { "PermitNum": "6750493-DM", "HousingUnitsRemoved": "1", "IssuedDate": "2021-06-22", "Latitude": 47.65260266, "Longitude": -122.32939346000001, "Location1": "(47.65260266, -122.32939346)" }, "geometry": { "type": "Point", "coordinates": [ -122.3293935, 47.6526027 ] } },
{ "type": "Feature", "properties": { "PermitNum": "6751356-DM", "HousingUnitsRemoved": "1", "IssuedDate": "2020-06-02", "Latitude": 47.6699878, "Longitude": -122.37196898000001, "Location1": "(47.6699878, -122.37196898)" }, "geometry": { "type": "Point", "coordinates": [ -122.371969, 47.6699878 ] } },
{ "type": "Feature", "properties": { "PermitNum": "6752593-DM", "HousingUnitsRemoved": "0", "IssuedDate": "2019-10-08", "Latitude": 47.69795715, "Longitude": -122.34046605, "Location1": "(47.69795715, -122.34046605)" }, "geometry": { "type": "Point", "coordinates": [ -122.3404661, 47.6979572 ] } },
{ "type": "Feature", "properties": { "PermitNum": "6753333-DM", "HousingUnitsRemoved": "1", "IssuedDate": "2020-12-07", "Latitude": 47.68740921, "Longitude": -122.37578384, "Location1": "(47.68740921, -122.37578384)" }, "geometry": { "type": "Point", "coordinates": [ -122.3757838, 47.6874092 ] } },
{ "type": "Feature", "properties": { "PermitNum": "6753710-DM", "HousingUnitsRemoved": "", "IssuedDate": "2020-02-04", "Latitude": 47.63368477, "Longitude": -122.35859754000001, "Location1": "(47.63368477, -122.35859754)" }, "geometry": { "type": "Point", "coordinates": [ -122.3585975, 47.6336848 ] } },
{ "type": "Feature", "properties": { "PermitNum": "6753856-DM", "HousingUnitsRemoved": "1", "IssuedDate": "2019-11-18", "Latitude": 47.67644167, "Longitude": -122.39361412, "Location1": "(47.67644167, -122.39361412)" }, "geometry": { "type": "Point", "coordinates": [ -122.3936141, 47.6764417 ] } },
{ "type": "Feature", "properties": { "PermitNum": "6753864-DM", "HousingUnitsRemoved": "1", "IssuedDate": "2020-08-12", "Latitude": 47.68778525, "Longitude": -122.37578115, "Location1": "(47.68778525, -122.37578115)" }, "geometry": { "type": "Point", "coordinates": [ -122.3757811, 47.6877852 ] } },
{ "type": "Feature", "properties": { "PermitNum": "6797384-DM", "HousingUnitsRemoved": "", "IssuedDate": "2020-08-25", "Latitude": 47.6952822, "Longitude": -122.27341003, "Location1": "(47.6952822, -122.27341003)" }, "geometry": { "type": "Point", "coordinates": [ -122.27341, 47.6952822 ] } },
{ "type": "Feature", "properties": { "PermitNum": "6798420-DM", "HousingUnitsRemoved": "", "IssuedDate": "2021-10-05", "Latitude": 47.66965053, "Longitude": -122.36971919, "Location1": "(47.66965053, -122.36971919)" }, "geometry": { "type": "Point", "coordinates": [ -122.3697192, 47.6696505 ] } },
{ "type": "Feature", "properties": { "PermitNum": "6798422-DM", "HousingUnitsRemoved": "1", "IssuedDate": "2022-04-13", "Latitude": 47.61091763, "Longitude": -122.30246697, "Location1": "(47.61091763, -122.30246697)" }, "geometry": { "type": "Point", "coordinates": [ -122.302467, 47.6109176 ] } },
{ "type": "Feature", "properties": { "PermitNum": "6800816-DM", "HousingUnitsRemoved": "1", "IssuedDate": "2022-06-06", "Latitude": 47.68972844, "Longitude": -122.37166994, "Location1": "(47.68972844, -122.37166994)" }, "geometry": { "type": "Point", "coordinates": [ -122.3716699, 47.6897284 ] } },
{ "type": "Feature", "properties": { "PermitNum": "6842034-DM", "HousingUnitsRemoved": "1", "IssuedDate": "2022-06-17", "Latitude": 47.70878643, "Longitude": -122.27980417000001, "Location1": "(47.70878643, -122.27980417)" }, "geometry": { "type": "Point", "coordinates": [ -122.2798042, 47.7087864 ] } },
{ "type": "Feature", "properties": { "PermitNum": "6842371-DM", "HousingUnitsRemoved": "6", "IssuedDate": "2021-10-14", "Latitude": 47.63857645, "Longitude": -122.32550742, "Location1": "(47.63857645, -122.32550742)" }, "geometry": { "type": "Point", "coordinates": [ -122.3255074, 47.6385765 ] } },
{ "type": "Feature", "properties": { "PermitNum": "6843110-DM", "HousingUnitsRemoved": "", "IssuedDate": "2022-05-31", "Latitude": 47.66925604, "Longitude": -122.36973478, "Location1": "(47.66925604, -122.36973478)" }, "geometry": { "type": "Point", "coordinates": [ -122.3697348, 47.669256 ] } },
{ "type": "Feature", "properties": { "PermitNum": "6843611-DM", "HousingUnitsRemoved": "1", "IssuedDate": "2021-10-27", "Latitude": 47.68153935, "Longitude": -122.28615147, "Location1": "(47.68153935, -122.28615147)" }, "geometry": { "type": "Point", "coordinates": [ -122.2861515, 47.6815394 ] } },
{ "type": "Feature", "properties": { "PermitNum": "6843851-DM", "HousingUnitsRemoved": "1", "IssuedDate": "2021-07-12", "Latitude": 47.68727378, "Longitude": -122.37579787, "Location1": "(47.68727378, -122.37579787)" }, "geometry": { "type": "Point", "coordinates": [ -122.3757979, 47.6872738 ] } },
{ "type": "Feature", "properties": { "PermitNum": "6844746-DM", "HousingUnitsRemoved": "1", "IssuedDate": "2021-08-20", "Latitude": 47.52666716, "Longitude": -122.37156731, "Location1": "(47.52666716, -122.37156731)" }, "geometry": { "type": "Point", "coordinates": [ -122.3715673, 47.5266672 ] } },
{ "type": "Feature", "properties": { "PermitNum": "6846117-DM", "HousingUnitsRemoved": "3", "IssuedDate": "2022-06-13", "Latitude": 47.69651312, "Longitude": -122.33794853000001, "Location1": "(47.69651312, -122.33794853)" }, "geometry": { "type": "Point", "coordinates": [ -122.3379485, 47.6965131 ] } },
{ "type": "Feature", "properties": { "PermitNum": "6846467-DM", "HousingUnitsRemoved": "1", "IssuedDate": "2022-02-28", "Latitude": 47.633852, "Longitude": -122.35862179, "Location1": "(47.633852, -122.35862179)" }, "geometry": { "type": "Point", "coordinates": [ -122.3586218, 47.633852 ] } },
{ "type": "Feature", "properties": { "PermitNum": "6847021-DM", "HousingUnitsRemoved": "0", "IssuedDate": "2022-04-01", "Latitude": 47.68328169, "Longitude": -122.33185944, "Location1": "(47.68328169, -122.33185944)" }, "geometry": { "type": "Point", "coordinates": [ -122.3318594, 47.6832817 ] } },
{ "type": "Feature", "properties": { "PermitNum": "6888943-DM", "HousingUnitsRemoved": "", "IssuedDate": "2022-05-04", "Latitude": 47.67144879, "Longitude": -122.36970852, "Location1": "(47.67144879, -122.36970852)" }, "geometry": { "type": "Point", "coordinates": [ -122.3697085, 47.6714488 ] } },
{ "type": "Feature", "properties": { "PermitNum": "6889447-DM", "HousingUnitsRemoved": "3", "IssuedDate": "2022-04-14", "Latitude": 47.69229621, "Longitude": -122.30767266, "Location1": "(47.69229621, -122.30767266)" }, "geometry": { "type": "Point", "coordinates": [ -122.3076727, 47.6922962 ] } },
{ "type": "Feature", "properties": { "PermitNum": "6891212-DM", "HousingUnitsRemoved": "", "IssuedDate": "2022-11-04", "Latitude": 47.67877357, "Longitude": -122.37486577, "Location1": "(47.67877357, -122.37486577)" }, "geometry": { "type": "Point", "coordinates": [ -122.3748658, 47.6787736 ] } },
{ "type": "Feature", "properties": { "PermitNum": "6891924-DM", "HousingUnitsRemoved": "", "IssuedDate": "2022-04-20", "Latitude": 47.52798143, "Longitude": -122.34706581, "Location1": "(47.52798143, -122.34706581)" }, "geometry": { "type": "Point", "coordinates": [ -122.3470658, 47.5279814 ] } },
{ "type": "Feature", "properties": { "PermitNum": "6893216-DM", "HousingUnitsRemoved": "3", "IssuedDate": "2022-10-04", "Latitude": 47.67434797, "Longitude": -122.36657192, "Location1": "(47.67434797, -122.36657192)" }, "geometry": { "type": "Point", "coordinates": [ -122.3665719, 47.674348 ] } },
{ "type": "Feature", "properties": { "PermitNum": "6893456-DM", "HousingUnitsRemoved": "0", "IssuedDate": "2022-04-12", "Latitude": 47.70759736, "Longitude": -122.35843717, "Location1": "(47.70759736, -122.35843717)" }, "geometry": { "type": "Point", "coordinates": [ -122.3584372, 47.7075974 ] } },
{ "type": "Feature", "properties": { "PermitNum": "6699201-DM", "HousingUnitsRemoved": "2", "IssuedDate": "2019-10-07", "Latitude": 47.61732183, "Longitude": -122.31788708000001, "Location1": "(47.61732183, -122.31788708)" }, "geometry": { "type": "Point", "coordinates": [ -122.3178871, 47.6173218 ] } },
{ "type": "Feature", "properties": { "PermitNum": "6701339-DM", "HousingUnitsRemoved": "", "IssuedDate": "2020-07-30", "Latitude": 47.58720759, "Longitude": -122.3146002, "Location1": "(47.58720759, -122.3146002)" }, "geometry": { "type": "Point", "coordinates": [ -122.3146002, 47.5872076 ] } },
{ "type": "Feature", "properties": { "PermitNum": "6702034-DM", "HousingUnitsRemoved": "", "IssuedDate": "2020-11-10", "Latitude": 47.61021427, "Longitude": -122.31506787, "Location1": "(47.61021427, -122.31506787)" }, "geometry": { "type": "Point", "coordinates": [ -122.3150679, 47.6102143 ] } },
{ "type": "Feature", "properties": { "PermitNum": "6702417-DM", "HousingUnitsRemoved": "2", "IssuedDate": "2019-08-19", "Latitude": 47.69094404, "Longitude": -122.37820165, "Location1": "(47.69094404, -122.37820165)" }, "geometry": { "type": "Point", "coordinates": [ -122.3782016, 47.690944 ] } },
{ "type": "Feature", "properties": { "PermitNum": "6701088-DM", "HousingUnitsRemoved": "8", "IssuedDate": "2019-08-20", "Latitude": 47.63983384, "Longitude": -122.34366213, "Location1": "(47.63983384, -122.34366213)" }, "geometry": { "type": "Point", "coordinates": [ -122.3436621, 47.6398338 ] } },
{ "type": "Feature", "properties": { "PermitNum": "6702232-DM", "HousingUnitsRemoved": "", "IssuedDate": "2019-08-27", "Latitude": 47.60832536, "Longitude": -122.30536347, "Location1": "(47.60832536, -122.30536347)" }, "geometry": { "type": "Point", "coordinates": [ -122.3053635, 47.6083254 ] } },
{ "type": "Feature", "properties": { "PermitNum": "6704101-DM", "HousingUnitsRemoved": "2", "IssuedDate": "2020-06-05", "Latitude": 47.66331193, "Longitude": -122.35215617, "Location1": "(47.66331193, -122.35215617)" }, "geometry": { "type": "Point", "coordinates": [ -122.3521562, 47.6633119 ] } },
{ "type": "Feature", "properties": { "PermitNum": "6704620-DM", "HousingUnitsRemoved": "", "IssuedDate": "2019-10-18", "Latitude": 47.64068809, "Longitude": -122.32036972, "Location1": "(47.64068809, -122.32036972)" }, "geometry": { "type": "Point", "coordinates": [ -122.3203697, 47.6406881 ] } },
{ "type": "Feature", "properties": { "PermitNum": "6705208-DM", "HousingUnitsRemoved": "1", "IssuedDate": "2019-09-06", "Latitude": 47.59683546, "Longitude": -122.31018105, "Location1": "(47.59683546, -122.31018105)" }, "geometry": { "type": "Point", "coordinates": [ -122.310181, 47.5968355 ] } },
{ "type": "Feature", "properties": { "PermitNum": "6705254-DM", "HousingUnitsRemoved": "", "IssuedDate": "2019-06-18", "Latitude": 47.67108971, "Longitude": -122.37863737000001, "Location1": "(47.67108971, -122.37863737)" }, "geometry": { "type": "Point", "coordinates": [ -122.3786374, 47.6710897 ] } },
{ "type": "Feature", "properties": { "PermitNum": "6705284-DM", "HousingUnitsRemoved": "", "IssuedDate": "2019-09-27", "Latitude": 47.72668185, "Longitude": -122.29668072, "Location1": "(47.72668185, -122.29668072)" }, "geometry": { "type": "Point", "coordinates": [ -122.2966807, 47.7266818 ] } },
{ "type": "Feature", "properties": { "PermitNum": "6706229-DM", "HousingUnitsRemoved": "2", "IssuedDate": "2019-08-24", "Latitude": 47.58244239, "Longitude": -122.3131124, "Location1": "(47.58244239, -122.3131124)" }, "geometry": { "type": "Point", "coordinates": [ -122.3131124, 47.5824424 ] } },
{ "type": "Feature", "properties": { "PermitNum": "6746354-DM", "HousingUnitsRemoved": "", "IssuedDate": "2020-04-30", "Latitude": 47.68918628, "Longitude": -122.37312067000001, "Location1": "(47.68918628, -122.37312067)" }, "geometry": { "type": "Point", "coordinates": [ -122.3731207, 47.6891863 ] } },
{ "type": "Feature", "properties": { "PermitNum": "6748296-DM", "HousingUnitsRemoved": "", "IssuedDate": "2020-01-30", "Latitude": 47.67103652, "Longitude": -122.32485166, "Location1": "(47.67103652, -122.32485166)" }, "geometry": { "type": "Point", "coordinates": [ -122.3248517, 47.6710365 ] } },
{ "type": "Feature", "properties": { "PermitNum": "6749019-DM", "HousingUnitsRemoved": "", "IssuedDate": "2019-09-18", "Latitude": 47.68930061, "Longitude": -122.34900268, "Location1": "(47.68930061, -122.34900268)" }, "geometry": { "type": "Point", "coordinates": [ -122.3490027, 47.6893006 ] } },
{ "type": "Feature", "properties": { "PermitNum": "6788855-DM", "HousingUnitsRemoved": "", "IssuedDate": "2021-08-02", "Latitude": 47.66844212, "Longitude": -122.36996586, "Location1": "(47.66844212, -122.36996586)" }, "geometry": { "type": "Point", "coordinates": [ -122.3699659, 47.6684421 ] } },
{ "type": "Feature", "properties": { "PermitNum": "6789652-DM", "HousingUnitsRemoved": "", "IssuedDate": "2020-11-09", "Latitude": 47.68635811, "Longitude": -122.39659506, "Location1": "(47.68635811, -122.39659506)" }, "geometry": { "type": "Point", "coordinates": [ -122.3965951, 47.6863581 ] } },
{ "type": "Feature", "properties": { "PermitNum": "6790707-DM", "HousingUnitsRemoved": "", "IssuedDate": "2020-07-16", "Latitude": 47.65117856, "Longitude": -122.36909263, "Location1": "(47.65117856, -122.36909263)" }, "geometry": { "type": "Point", "coordinates": [ -122.3690926, 47.6511786 ] } },
{ "type": "Feature", "properties": { "PermitNum": "6791231-DM", "HousingUnitsRemoved": "", "IssuedDate": "2021-06-29", "Latitude": 47.70106864, "Longitude": -122.31589672, "Location1": "(47.70106864, -122.31589672)" }, "geometry": { "type": "Point", "coordinates": [ -122.3158967, 47.7010686 ] } },
{ "type": "Feature", "properties": { "PermitNum": "6792009-DM", "HousingUnitsRemoved": "", "IssuedDate": "2022-02-15", "Latitude": 47.67741561, "Longitude": -122.35565278, "Location1": "(47.67741561, -122.35565278)" }, "geometry": { "type": "Point", "coordinates": [ -122.3556528, 47.6774156 ] } },
{ "type": "Feature", "properties": { "PermitNum": "6792147-DM", "HousingUnitsRemoved": "1", "IssuedDate": "2020-11-09", "Latitude": 47.52885067, "Longitude": -122.38690675, "Location1": "(47.52885067, -122.38690675)" }, "geometry": { "type": "Point", "coordinates": [ -122.3869067, 47.5288507 ] } },
{ "type": "Feature", "properties": { "PermitNum": "6792494-DM", "HousingUnitsRemoved": "6", "IssuedDate": "2021-04-05", "Latitude": 47.62146622, "Longitude": -122.32620648, "Location1": "(47.62146622, -122.32620648)" }, "geometry": { "type": "Point", "coordinates": [ -122.3262065, 47.6214662 ] } },
{ "type": "Feature", "properties": { "PermitNum": "6794170-DM", "HousingUnitsRemoved": "", "IssuedDate": "2021-06-08", "Latitude": 47.69545868, "Longitude": -122.34593322000001, "Location1": "(47.69545868, -122.34593322)" }, "geometry": { "type": "Point", "coordinates": [ -122.3459332, 47.6954587 ] } },
{ "type": "Feature", "properties": { "PermitNum": "6836235-DM", "HousingUnitsRemoved": "1", "IssuedDate": "2021-08-05", "Latitude": 47.68603601, "Longitude": -122.34599615, "Location1": "(47.68603601, -122.34599615)" }, "geometry": { "type": "Point", "coordinates": [ -122.3459962, 47.686036 ] } },
{ "type": "Feature", "properties": { "PermitNum": "6836539-DM", "HousingUnitsRemoved": "", "IssuedDate": "2021-11-02", "Latitude": 47.60991562, "Longitude": -122.31378574, "Location1": "(47.60991562, -122.31378574)" }, "geometry": { "type": "Point", "coordinates": [ -122.3137857, 47.6099156 ] } },
{ "type": "Feature", "properties": { "PermitNum": "6838308-DM", "HousingUnitsRemoved": "1", "IssuedDate": "2022-06-22", "Latitude": 47.69612901, "Longitude": -122.33839926, "Location1": "(47.69612901, -122.33839926)" }, "geometry": { "type": "Point", "coordinates": [ -122.3383993, 47.696129 ] } },
{ "type": "Feature", "properties": { "PermitNum": "6838310-DM", "HousingUnitsRemoved": "1", "IssuedDate": "2021-09-09", "Latitude": 47.55504117, "Longitude": -122.26865653, "Location1": "(47.55504117, -122.26865653)" }, "geometry": { "type": "Point", "coordinates": [ -122.2686565, 47.5550412 ] } },
{ "type": "Feature", "properties": { "PermitNum": "6839048-DM", "HousingUnitsRemoved": "1", "IssuedDate": "2022-04-06", "Latitude": 47.69819974, "Longitude": -122.31911679, "Location1": "(47.69819974, -122.31911679)" }, "geometry": { "type": "Point", "coordinates": [ -122.3191168, 47.6981997 ] } },
{ "type": "Feature", "properties": { "PermitNum": "6882448-DM", "HousingUnitsRemoved": "", "IssuedDate": "2022-05-09", "Latitude": 47.55708159, "Longitude": -122.38515326, "Location1": "(47.55708159, -122.38515326)" }, "geometry": { "type": "Point", "coordinates": [ -122.3851533, 47.5570816 ] } },
{ "type": "Feature", "properties": { "PermitNum": "6882651-DM", "HousingUnitsRemoved": "", "IssuedDate": "2022-09-16", "Latitude": 47.6844245, "Longitude": -122.39541659, "Location1": "(47.6844245, -122.39541659)" }, "geometry": { "type": "Point", "coordinates": [ -122.3954166, 47.6844245 ] } },
{ "type": "Feature", "properties": { "PermitNum": "6884645-DM", "HousingUnitsRemoved": "", "IssuedDate": "2022-07-11", "Latitude": 47.52679157, "Longitude": -122.35836549, "Location1": "(47.52679157, -122.35836549)" }, "geometry": { "type": "Point", "coordinates": [ -122.3583655, 47.5267916 ] } },
{ "type": "Feature", "properties": { "PermitNum": "6885073-DM", "HousingUnitsRemoved": "", "IssuedDate": "2022-04-22", "Latitude": 47.55435125, "Longitude": -122.33260567000001, "Location1": "(47.55435125, -122.33260567)" }, "geometry": { "type": "Point", "coordinates": [ -122.3326057, 47.5543513 ] } },
{ "type": "Feature", "properties": { "PermitNum": "6886120-DM", "HousingUnitsRemoved": "", "IssuedDate": "2022-03-24", "Latitude": 47.70233981, "Longitude": -122.31405453000001, "Location1": "(47.70233981, -122.31405453)" }, "geometry": { "type": "Point", "coordinates": [ -122.3140545, 47.7023398 ] } },
{ "type": "Feature", "properties": { "PermitNum": "6693641-DM", "HousingUnitsRemoved": "1", "IssuedDate": "2019-06-13", "Latitude": 47.64247482, "Longitude": -122.38869347000001, "Location1": "(47.64247482, -122.38869347)" }, "geometry": { "type": "Point", "coordinates": [ -122.3886935, 47.6424748 ] } },
{ "type": "Feature", "properties": { "PermitNum": "6695831-DM", "HousingUnitsRemoved": "2", "IssuedDate": "2019-07-11", "Latitude": 47.5980065, "Longitude": -122.31037359, "Location1": "(47.5980065, -122.31037359)" }, "geometry": { "type": "Point", "coordinates": [ -122.3103736, 47.5980065 ] } },
{ "type": "Feature", "properties": { "PermitNum": "6696829-DM", "HousingUnitsRemoved": "", "IssuedDate": "2019-10-03", "Latitude": 47.56664787, "Longitude": -122.36898029, "Location1": "(47.56664787, -122.36898029)" }, "geometry": { "type": "Point", "coordinates": [ -122.3689803, 47.5666479 ] } },
{ "type": "Feature", "properties": { "PermitNum": "6697816-DM", "HousingUnitsRemoved": "", "IssuedDate": "2019-01-11", "Latitude": 47.64151803, "Longitude": -122.32940753, "Location1": "(47.64151803, -122.32940753)" }, "geometry": { "type": "Point", "coordinates": [ -122.3294075, 47.641518 ] } },
{ "type": "Feature", "properties": { "PermitNum": "6697994-DM", "HousingUnitsRemoved": "", "IssuedDate": "2020-03-23", "Latitude": 47.6510352, "Longitude": -122.38547699, "Location1": "(47.6510352, -122.38547699)" }, "geometry": { "type": "Point", "coordinates": [ -122.385477, 47.6510352 ] } },
{ "type": "Feature", "properties": { "PermitNum": "6735586-DM", "HousingUnitsRemoved": "", "IssuedDate": "2021-06-21", "Latitude": 47.68513017, "Longitude": -122.32002954, "Location1": "(47.68513017, -122.32002954)" }, "geometry": { "type": "Point", "coordinates": [ -122.3200295, 47.6851302 ] } },
{ "type": "Feature", "properties": { "PermitNum": "6775009-DM", "HousingUnitsRemoved": "1", "IssuedDate": "2021-10-04", "Latitude": 47.67893323, "Longitude": -122.39773568, "Location1": "(47.67893323, -122.39773568)" }, "geometry": { "type": "Point", "coordinates": [ -122.3977357, 47.6789332 ] } },
{ "type": "Feature", "properties": { "PermitNum": "6775258-DM", "HousingUnitsRemoved": "", "IssuedDate": "2020-10-06", "Latitude": 47.60305946, "Longitude": -122.31716671, "Location1": "(47.60305946, -122.31716671)" }, "geometry": { "type": "Point", "coordinates": [ -122.3171667, 47.6030595 ] } },
{ "type": "Feature", "properties": { "PermitNum": "6779017-DM", "HousingUnitsRemoved": "1", "IssuedDate": "2020-10-08", "Latitude": 47.73025487, "Longitude": -122.3587654, "Location1": "(47.73025487, -122.3587654)" }, "geometry": { "type": "Point", "coordinates": [ -122.3587654, 47.7302549 ] } },
{ "type": "Feature", "properties": { "PermitNum": "6779480-DM", "HousingUnitsRemoved": "1", "IssuedDate": "2021-05-18", "Latitude": 47.60254116, "Longitude": -122.29914621, "Location1": "(47.60254116, -122.29914621)" }, "geometry": { "type": "Point", "coordinates": [ -122.2991462, 47.6025412 ] } },
{ "type": "Feature", "properties": { "PermitNum": "6779483-DM", "HousingUnitsRemoved": "", "IssuedDate": "2020-05-02", "Latitude": 47.67476011, "Longitude": -122.3773421, "Location1": "(47.67476011, -122.3773421)" }, "geometry": { "type": "Point", "coordinates": [ -122.3773421, 47.6747601 ] } },
{ "type": "Feature", "properties": { "PermitNum": "6822076-DM", "HousingUnitsRemoved": "", "IssuedDate": "2021-07-30", "Latitude": 47.63199403, "Longitude": -122.31223786, "Location1": "(47.63199403, -122.31223786)" }, "geometry": { "type": "Point", "coordinates": [ -122.3122379, 47.631994 ] } },
{ "type": "Feature", "properties": { "PermitNum": "6824012-DM", "HousingUnitsRemoved": "1", "IssuedDate": "2021-07-30", "Latitude": 47.68513965, "Longitude": -122.27562381, "Location1": "(47.68513965, -122.27562381)" }, "geometry": { "type": "Point", "coordinates": [ -122.2756238, 47.6851397 ] } },
{ "type": "Feature", "properties": { "PermitNum": "6825166-DM", "HousingUnitsRemoved": "1", "IssuedDate": "2021-11-02", "Latitude": 47.54935486, "Longitude": -122.38829537, "Location1": "(47.54935486, -122.38829537)" }, "geometry": { "type": "Point", "coordinates": [ -122.3882954, 47.5493549 ] } },
{ "type": "Feature", "properties": { "PermitNum": "6869480-DM", "HousingUnitsRemoved": "1", "IssuedDate": "2022-09-20", "Latitude": 47.72008792, "Longitude": -122.31574859, "Location1": "(47.72008792, -122.31574859)" }, "geometry": { "type": "Point", "coordinates": [ -122.3157486, 47.7200879 ] } },
{ "type": "Feature", "properties": { "PermitNum": "6869705-DM", "HousingUnitsRemoved": "1", "IssuedDate": "2022-01-26", "Latitude": 47.68863435, "Longitude": -122.29287296, "Location1": "(47.68863435, -122.29287296)" }, "geometry": { "type": "Point", "coordinates": [ -122.292873, 47.6886344 ] } },
{ "type": "Feature", "properties": { "PermitNum": "6870615-DM", "HousingUnitsRemoved": "1", "IssuedDate": "2022-07-26", "Latitude": 47.64293496, "Longitude": -122.39727896, "Location1": "(47.64293496, -122.39727896)" }, "geometry": { "type": "Point", "coordinates": [ -122.397279, 47.642935 ] } },
{ "type": "Feature", "properties": { "PermitNum": "6870636-DM", "HousingUnitsRemoved": "1", "IssuedDate": "2022-01-12", "Latitude": 47.67365016, "Longitude": -122.38390465000001, "Location1": "(47.67365016, -122.38390465)" }, "geometry": { "type": "Point", "coordinates": [ -122.3839047, 47.6736502 ] } },
{ "type": "Feature", "properties": { "PermitNum": "6872405-DM", "HousingUnitsRemoved": "", "IssuedDate": "2022-01-06", "Latitude": 47.60899866, "Longitude": -122.30661945, "Location1": "(47.60899866, -122.30661945)" }, "geometry": { "type": "Point", "coordinates": [ -122.3066194, 47.6089987 ] } },
{ "type": "Feature", "properties": { "PermitNum": "6872787-DM", "HousingUnitsRemoved": "2", "IssuedDate": "2022-08-25", "Latitude": 47.65470816, "Longitude": -122.32933586, "Location1": "(47.65470816, -122.32933586)" }, "geometry": { "type": "Point", "coordinates": [ -122.3293359, 47.6547082 ] } },
{ "type": "Feature", "properties": { "PermitNum": "7121437-DM", "HousingUnitsRemoved": "", "IssuedDate": "2022-06-10", "Latitude": 47.65130053, "Longitude": -122.36918269, "Location1": "(47.65130053, -122.36918269)" }, "geometry": { "type": "Point", "coordinates": [ -122.3691827, 47.6513005 ] } },
{ "type": "Feature", "properties": { "PermitNum": "6681688-DM", "HousingUnitsRemoved": "", "IssuedDate": "2019-07-15", "Latitude": 47.67187501, "Longitude": -122.39215719000001, "Location1": "(47.67187501, -122.39215719)" }, "geometry": { "type": "Point", "coordinates": [ -122.3921572, 47.671875 ] } },
{ "type": "Feature", "properties": { "PermitNum": "6718866-DM", "HousingUnitsRemoved": "", "IssuedDate": "2019-08-07", "Latitude": 47.65395321, "Longitude": -122.33357491, "Location1": "(47.65395321, -122.33357491)" }, "geometry": { "type": "Point", "coordinates": [ -122.3335749, 47.6539532 ] } },
{ "type": "Feature", "properties": { "PermitNum": "6719571-DM", "HousingUnitsRemoved": "1", "IssuedDate": "2021-01-21", "Latitude": 47.69717776, "Longitude": -122.31785402, "Location1": "(47.69717776, -122.31785402)" }, "geometry": { "type": "Point", "coordinates": [ -122.317854, 47.6971778 ] } },
{ "type": "Feature", "properties": { "PermitNum": "6720755-DM", "HousingUnitsRemoved": "1", "IssuedDate": "2019-10-08", "Latitude": 47.60187381, "Longitude": -122.29850594, "Location1": "(47.60187381, -122.29850594)" }, "geometry": { "type": "Point", "coordinates": [ -122.2985059, 47.6018738 ] } },
{ "type": "Feature", "properties": { "PermitNum": "6721824-DM", "HousingUnitsRemoved": "", "IssuedDate": "2020-04-01", "Latitude": 47.7224754, "Longitude": -122.29566756, "Location1": "(47.7224754, -122.29566756)" }, "geometry": { "type": "Point", "coordinates": [ -122.2956676, 47.7224754 ] } },
{ "type": "Feature", "properties": { "PermitNum": "6721997-DM", "HousingUnitsRemoved": "", "IssuedDate": "2020-03-17", "Latitude": 47.62760121, "Longitude": -122.32692732, "Location1": "(47.62760121, -122.32692732)" }, "geometry": { "type": "Point", "coordinates": [ -122.3269273, 47.6276012 ] } },
{ "type": "Feature", "properties": { "PermitNum": "6722085-DM", "HousingUnitsRemoved": "1", "IssuedDate": "2022-08-25", "Latitude": 47.51798077, "Longitude": -122.34138555, "Location1": "(47.51798077, -122.34138555)" }, "geometry": { "type": "Point", "coordinates": [ -122.3413855, 47.5179808 ] } },
{ "type": "Feature", "properties": { "PermitNum": "6723217-DM", "HousingUnitsRemoved": "2", "IssuedDate": "2020-03-11", "Latitude": 47.6169141, "Longitude": -122.31461953, "Location1": "(47.6169141, -122.31461953)" }, "geometry": { "type": "Point", "coordinates": [ -122.3146195, 47.6169141 ] } },
{ "type": "Feature", "properties": { "PermitNum": "6764722-DM", "HousingUnitsRemoved": "", "IssuedDate": "2020-12-08", "Latitude": 47.58201628, "Longitude": -122.31239038, "Location1": "(47.58201628, -122.31239038)" }, "geometry": { "type": "Point", "coordinates": [ -122.3123904, 47.5820163 ] } },
{ "type": "Feature", "properties": { "PermitNum": "6764725-DM", "HousingUnitsRemoved": "1", "IssuedDate": "2021-05-07", "Latitude": 47.67402921, "Longitude": -122.38033079, "Location1": "(47.67402921, -122.38033079)" }, "geometry": { "type": "Point", "coordinates": [ -122.3803308, 47.6740292 ] } },
{ "type": "Feature", "properties": { "PermitNum": "6766287-DM", "HousingUnitsRemoved": "1", "IssuedDate": "2020-05-27", "Latitude": 47.638369, "Longitude": -122.40179853, "Location1": "(47.638369, -122.40179853)" }, "geometry": { "type": "Point", "coordinates": [ -122.4017985, 47.638369 ] } },
{ "type": "Feature", "properties": { "PermitNum": "6766516-DM", "HousingUnitsRemoved": "1", "IssuedDate": "2019-12-18", "Latitude": 47.68233392, "Longitude": -122.29113108, "Location1": "(47.68233392, -122.29113108)" }, "geometry": { "type": "Point", "coordinates": [ -122.2911311, 47.6823339 ] } },
{ "type": "Feature", "properties": { "PermitNum": "6767880-DM", "HousingUnitsRemoved": "", "IssuedDate": "2020-11-20", "Latitude": 47.57989584, "Longitude": -122.31376427, "Location1": "(47.57989584, -122.31376427)" }, "geometry": { "type": "Point", "coordinates": [ -122.3137643, 47.5798958 ] } },
{ "type": "Feature", "properties": { "PermitNum": "6769078-DM", "HousingUnitsRemoved": "1", "IssuedDate": "2021-12-28", "Latitude": 47.57866065, "Longitude": -122.38208679, "Location1": "(47.57866065, -122.38208679)" }, "geometry": { "type": "Point", "coordinates": [ -122.3820868, 47.5786607 ] } },
{ "type": "Feature", "properties": { "PermitNum": "6811125-DM", "HousingUnitsRemoved": "", "IssuedDate": "2020-11-23", "Latitude": 47.67828013, "Longitude": -122.37758281000001, "Location1": "(47.67828013, -122.37758281)" }, "geometry": { "type": "Point", "coordinates": [ -122.3775828, 47.6782801 ] } },
{ "type": "Feature", "properties": { "PermitNum": "6811737-DM", "HousingUnitsRemoved": "0", "IssuedDate": "2021-12-20", "Latitude": 47.58590189, "Longitude": -122.30912542, "Location1": "(47.58590189, -122.30912542)" }, "geometry": { "type": "Point", "coordinates": [ -122.3091254, 47.5859019 ] } },
{ "type": "Feature", "properties": { "PermitNum": "6812268-DM", "HousingUnitsRemoved": "1", "IssuedDate": "2022-07-11", "Latitude": 47.65697653, "Longitude": -122.33654783, "Location1": "(47.65697653, -122.33654783)" }, "geometry": { "type": "Point", "coordinates": [ -122.3365478, 47.6569765 ] } },
{ "type": "Feature", "properties": { "PermitNum": "6812419-DM", "HousingUnitsRemoved": "1", "IssuedDate": "2021-03-02", "Latitude": 47.67856509, "Longitude": -122.37872359000001, "Location1": "(47.67856509, -122.37872359)" }, "geometry": { "type": "Point", "coordinates": [ -122.3787236, 47.6785651 ] } },
{ "type": "Feature", "properties": { "PermitNum": "6812686-DM", "HousingUnitsRemoved": "1", "IssuedDate": "2020-12-30", "Latitude": 47.70338383, "Longitude": -122.34031879, "Location1": "(47.70338383, -122.34031879)" }, "geometry": { "type": "Point", "coordinates": [ -122.3403188, 47.7033838 ] } },
{ "type": "Feature", "properties": { "PermitNum": "6812723-DM", "HousingUnitsRemoved": "", "IssuedDate": "2021-07-19", "Latitude": 47.68803188, "Longitude": -122.37812153, "Location1": "(47.68803188, -122.37812153)" }, "geometry": { "type": "Point", "coordinates": [ -122.3781215, 47.6880319 ] } },
{ "type": "Feature", "properties": { "PermitNum": "6813440-DM", "HousingUnitsRemoved": "", "IssuedDate": "2020-12-04", "Latitude": 47.58536118, "Longitude": -122.3006088, "Location1": "(47.58536118, -122.3006088)" }, "geometry": { "type": "Point", "coordinates": [ -122.3006088, 47.5853612 ] } },
{ "type": "Feature", "properties": { "PermitNum": "6814627-DM", "HousingUnitsRemoved": "", "IssuedDate": "2021-04-30", "Latitude": 47.67235003, "Longitude": -122.29513476, "Location1": "(47.67235003, -122.29513476)" }, "geometry": { "type": "Point", "coordinates": [ -122.2951348, 47.67235 ] } },
{ "type": "Feature", "properties": { "PermitNum": "6816305-DM", "HousingUnitsRemoved": "1", "IssuedDate": "2021-04-13", "Latitude": 47.55212015, "Longitude": -122.27035779000001, "Location1": "(47.55212015, -122.27035779)" }, "geometry": { "type": "Point", "coordinates": [ -122.2703578, 47.5521202 ] } },
{ "type": "Feature", "properties": { "PermitNum": "6816581-DM", "HousingUnitsRemoved": "0", "IssuedDate": "2022-09-08", "Latitude": 47.67819489, "Longitude": -122.32311316000001, "Location1": "(47.67819489, -122.32311316)" }, "geometry": { "type": "Point", "coordinates": [ -122.3231132, 47.6781949 ] } },
{ "type": "Feature", "properties": { "PermitNum": "6855598-DM", "HousingUnitsRemoved": "0", "IssuedDate": "2021-08-26", "Latitude": 47.72861511, "Longitude": -122.28793804, "Location1": "(47.72861511, -122.28793804)" }, "geometry": { "type": "Point", "coordinates": [ -122.287938, 47.7286151 ] } },
{ "type": "Feature", "properties": { "PermitNum": "6858704-DM", "HousingUnitsRemoved": "", "IssuedDate": "2022-12-15", "Latitude": 47.71833466, "Longitude": -122.28561759, "Location1": "(47.71833466, -122.28561759)" }, "geometry": { "type": "Point", "coordinates": [ -122.2856176, 47.7183347 ] } },
{ "type": "Feature", "properties": { "PermitNum": "6906458-DM", "HousingUnitsRemoved": "5", "IssuedDate": "2022-06-27", "Latitude": 47.65814324, "Longitude": -122.3130076, "Location1": "(47.65814324, -122.3130076)" }, "geometry": { "type": "Point", "coordinates": [ -122.3130076, 47.6581432 ] } },
{ "type": "Feature", "properties": { "PermitNum": "6910809-DM", "HousingUnitsRemoved": "", "IssuedDate": "2022-09-09", "Latitude": 47.57724356, "Longitude": -122.41096976, "Location1": "(47.57724356, -122.41096976)" }, "geometry": { "type": "Point", "coordinates": [ -122.4109698, 47.5772436 ] } },
{ "type": "Feature", "properties": { "PermitNum": "6805408-DM", "HousingUnitsRemoved": "1", "IssuedDate": "2021-04-21", "Latitude": 47.65234423, "Longitude": -122.37256819, "Location1": "(47.65234423, -122.37256819)" }, "geometry": { "type": "Point", "coordinates": [ -122.3725682, 47.6523442 ] } },
{ "type": "Feature", "properties": { "PermitNum": "6806980-DM", "HousingUnitsRemoved": "", "IssuedDate": "2020-08-29", "Latitude": 47.64865469, "Longitude": -122.38790658000001, "Location1": "(47.64865469, -122.38790658)" }, "geometry": { "type": "Point", "coordinates": [ -122.3879066, 47.6486547 ] } },
{ "type": "Feature", "properties": { "PermitNum": "6808204-DM", "HousingUnitsRemoved": "0", "IssuedDate": "2021-05-17", "Latitude": 47.67545861, "Longitude": -122.38498494, "Location1": "(47.67545861, -122.38498494)" }, "geometry": { "type": "Point", "coordinates": [ -122.3849849, 47.6754586 ] } },
{ "type": "Feature", "properties": { "PermitNum": "6809517-DM", "HousingUnitsRemoved": "0", "IssuedDate": "2021-04-02", "Latitude": 47.62063029, "Longitude": -122.34199904, "Location1": "(47.62063029, -122.34199904)" }, "geometry": { "type": "Point", "coordinates": [ -122.341999, 47.6206303 ] } },
{ "type": "Feature", "properties": { "PermitNum": "6810356-DM", "HousingUnitsRemoved": "1", "IssuedDate": "2021-08-23", "Latitude": 47.69839239, "Longitude": -122.32550972, "Location1": "(47.69839239, -122.32550972)" }, "geometry": { "type": "Point", "coordinates": [ -122.3255097, 47.6983924 ] } },
{ "type": "Feature", "properties": { "PermitNum": "6810672-DM", "HousingUnitsRemoved": "", "IssuedDate": "2021-11-01", "Latitude": 47.67426403, "Longitude": -122.38184037000001, "Location1": "(47.67426403, -122.38184037)" }, "geometry": { "type": "Point", "coordinates": [ -122.3818404, 47.674264 ] } },
{ "type": "Feature", "properties": { "PermitNum": "6849698-DM", "HousingUnitsRemoved": "", "IssuedDate": "2022-02-14", "Latitude": 47.57186256, "Longitude": -122.2880346, "Location1": "(47.57186256, -122.2880346)" }, "geometry": { "type": "Point", "coordinates": [ -122.2880346, 47.5718626 ] } },
{ "type": "Feature", "properties": { "PermitNum": "6850470-DM", "HousingUnitsRemoved": "1", "IssuedDate": "2022-03-31", "Latitude": 47.69358733, "Longitude": -122.37172271, "Location1": "(47.69358733, -122.37172271)" }, "geometry": { "type": "Point", "coordinates": [ -122.3717227, 47.6935873 ] } },
{ "type": "Feature", "properties": { "PermitNum": "6850581-DM", "HousingUnitsRemoved": "", "IssuedDate": "2022-07-18", "Latitude": 47.64393456, "Longitude": -122.32555837, "Location1": "(47.64393456, -122.32555837)" }, "geometry": { "type": "Point", "coordinates": [ -122.3255584, 47.6439346 ] } },
{ "type": "Feature", "properties": { "PermitNum": "6851658-DM", "HousingUnitsRemoved": "", "IssuedDate": "2022-03-03", "Latitude": 47.65279666, "Longitude": -122.33658956, "Location1": "(47.65279666, -122.33658956)" }, "geometry": { "type": "Point", "coordinates": [ -122.3365896, 47.6527967 ] } },
{ "type": "Feature", "properties": { "PermitNum": "6851662-DM", "HousingUnitsRemoved": "", "IssuedDate": "2021-12-14", "Latitude": 47.67401138, "Longitude": -122.36541756, "Location1": "(47.67401138, -122.36541756)" }, "geometry": { "type": "Point", "coordinates": [ -122.3654176, 47.6740114 ] } },
{ "type": "Feature", "properties": { "PermitNum": "6852452-DM", "HousingUnitsRemoved": "", "IssuedDate": "2022-04-28", "Latitude": 47.66095951, "Longitude": -122.34910732, "Location1": "(47.66095951, -122.34910732)" }, "geometry": { "type": "Point", "coordinates": [ -122.3491073, 47.6609595 ] } },
{ "type": "Feature", "properties": { "PermitNum": "6853910-DM", "HousingUnitsRemoved": "", "IssuedDate": "2021-08-23", "Latitude": 47.68755392, "Longitude": -122.37917342, "Location1": "(47.68755392, -122.37917342)" }, "geometry": { "type": "Point", "coordinates": [ -122.3791734, 47.6875539 ] } },
{ "type": "Feature", "properties": { "PermitNum": "6854647-DM", "HousingUnitsRemoved": "1", "IssuedDate": "2021-12-13", "Latitude": 47.68348943, "Longitude": -122.39055048, "Location1": "(47.68348943, -122.39055048)" }, "geometry": { "type": "Point", "coordinates": [ -122.3905505, 47.6834894 ] } },
{ "type": "Feature", "properties": { "PermitNum": "6898494-DM", "HousingUnitsRemoved": "", "IssuedDate": "2022-06-21", "Latitude": 47.67335096, "Longitude": -122.35210525, "Location1": "(47.67335096, -122.35210525)" }, "geometry": { "type": "Point", "coordinates": [ -122.3521052, 47.673351 ] } },
{ "type": "Feature", "properties": { "PermitNum": "6903335-DM", "HousingUnitsRemoved": "0", "IssuedDate": "2022-10-05", "Latitude": 47.52212695, "Longitude": -122.32342031, "Location1": "(47.52212695, -122.32342031)" }, "geometry": { "type": "Point", "coordinates": [ -122.3234203, 47.522127 ] } },
{ "type": "Feature", "properties": { "PermitNum": "6903690-DM", "HousingUnitsRemoved": "", "IssuedDate": "2022-08-01", "Latitude": 47.66697683, "Longitude": -122.36788394, "Location1": "(47.66697683, -122.36788394)" }, "geometry": { "type": "Point", "coordinates": [ -122.3678839, 47.6669768 ] } },
{ "type": "Feature", "properties": { "PermitNum": "6903700-DM", "HousingUnitsRemoved": "1", "IssuedDate": "2022-12-14", "Latitude": 47.66884701, "Longitude": -122.32354863, "Location1": "(47.66884701, -122.32354863)" }, "geometry": { "type": "Point", "coordinates": [ -122.3235486, 47.668847 ] } },
{ "type": "Feature", "properties": { "PermitNum": "6904934-DM", "HousingUnitsRemoved": "", "IssuedDate": "2022-10-13", "Latitude": 47.66697388, "Longitude": -122.36768958, "Location1": "(47.66697388, -122.36768958)" }, "geometry": { "type": "Point", "coordinates": [ -122.3676896, 47.6669739 ] } },
{ "type": "Feature", "properties": { "PermitNum": "6707533-DM", "HousingUnitsRemoved": "6", "IssuedDate": "2021-10-07", "Latitude": 47.60309315, "Longitude": -122.30735888, "Location1": "(47.60309315, -122.30735888)" }, "geometry": { "type": "Point", "coordinates": [ -122.3073589, 47.6030931 ] } },
{ "type": "Feature", "properties": { "PermitNum": "6707969-DM", "HousingUnitsRemoved": "", "IssuedDate": "2020-02-24", "Latitude": 47.68598557, "Longitude": -122.29358546, "Location1": "(47.68598557, -122.29358546)" }, "geometry": { "type": "Point", "coordinates": [ -122.2935855, 47.6859856 ] } },
{ "type": "Feature", "properties": { "PermitNum": "6711210-DM", "HousingUnitsRemoved": "", "IssuedDate": "2020-05-04", "Latitude": 47.65291467, "Longitude": -122.35258445, "Location1": "(47.65291467, -122.35258445)" }, "geometry": { "type": "Point", "coordinates": [ -122.3525844, 47.6529147 ] } },
{ "type": "Feature", "properties": { "PermitNum": "6711751-DM", "HousingUnitsRemoved": "", "IssuedDate": "2020-06-08", "Latitude": 47.65868854, "Longitude": -122.32011289, "Location1": "(47.65868854, -122.32011289)" }, "geometry": { "type": "Point", "coordinates": [ -122.3201129, 47.6586885 ] } },
{ "type": "Feature", "properties": { "PermitNum": "6711973-DM", "HousingUnitsRemoved": "", "IssuedDate": "2020-03-19", "Latitude": 47.56897089, "Longitude": -122.35773682, "Location1": "(47.56897089, -122.35773682)" }, "geometry": { "type": "Point", "coordinates": [ -122.3577368, 47.5689709 ] } },
{ "type": "Feature", "properties": { "PermitNum": "6753088-DM", "HousingUnitsRemoved": "1", "IssuedDate": "2020-02-10", "Latitude": 47.63432132, "Longitude": -122.35228901000001, "Location1": "(47.63432132, -122.35228901)" }, "geometry": { "type": "Point", "coordinates": [ -122.352289, 47.6343213 ] } },
{ "type": "Feature", "properties": { "PermitNum": "6753225-DM", "HousingUnitsRemoved": "0", "IssuedDate": "2019-07-12", "Latitude": 47.67706638, "Longitude": -122.33144325000001, "Location1": "(47.67706638, -122.33144325)" }, "geometry": { "type": "Point", "coordinates": [ -122.3314433, 47.6770664 ] } },
{ "type": "Feature", "properties": { "PermitNum": "6754224-DM", "HousingUnitsRemoved": "1", "IssuedDate": "2020-06-01", "Latitude": 47.65258695, "Longitude": -122.38628983, "Location1": "(47.65258695, -122.38628983)" }, "geometry": { "type": "Point", "coordinates": [ -122.3862898, 47.6525869 ] } },
{ "type": "Feature", "properties": { "PermitNum": "6755723-DM", "HousingUnitsRemoved": "", "IssuedDate": "2020-05-04", "Latitude": 47.68495308, "Longitude": -122.35330367, "Location1": "(47.68495308, -122.35330367)" }, "geometry": { "type": "Point", "coordinates": [ -122.3533037, 47.6849531 ] } },
{ "type": "Feature", "properties": { "PermitNum": "6755727-DM", "HousingUnitsRemoved": "", "IssuedDate": "2020-05-05", "Latitude": 47.64317492, "Longitude": -122.36858891, "Location1": "(47.64317492, -122.36858891)" }, "geometry": { "type": "Point", "coordinates": [ -122.3685889, 47.6431749 ] } },
{ "type": "Feature", "properties": { "PermitNum": "6756861-DM", "HousingUnitsRemoved": "", "IssuedDate": "2020-09-21", "Latitude": 47.66193738, "Longitude": -122.3329106, "Location1": "(47.66193738, -122.3329106)" }, "geometry": { "type": "Point", "coordinates": [ -122.3329106, 47.6619374 ] } },
{ "type": "Feature", "properties": { "PermitNum": "6757568-DM", "HousingUnitsRemoved": "1", "IssuedDate": "2020-12-08", "Latitude": 47.66182926, "Longitude": -122.34493721, "Location1": "(47.66182926, -122.34493721)" }, "geometry": { "type": "Point", "coordinates": [ -122.3449372, 47.6618293 ] } },
{ "type": "Feature", "properties": { "PermitNum": "6757589-DM", "HousingUnitsRemoved": "1", "IssuedDate": "2020-02-24", "Latitude": 47.67552792, "Longitude": -122.34897739, "Location1": "(47.67552792, -122.34897739)" }, "geometry": { "type": "Point", "coordinates": [ -122.3489774, 47.6755279 ] } },
{ "type": "Feature", "properties": { "PermitNum": "6798396-DM", "HousingUnitsRemoved": "0", "IssuedDate": "2022-09-30", "Latitude": 47.66966603, "Longitude": -122.38240428, "Location1": "(47.66966603, -122.38240428)" }, "geometry": { "type": "Point", "coordinates": [ -122.3824043, 47.669666 ] } },
{ "type": "Feature", "properties": { "PermitNum": "6798418-DM", "HousingUnitsRemoved": "1", "IssuedDate": "2021-10-06", "Latitude": 47.66964093, "Longitude": -122.36931323, "Location1": "(47.66964093, -122.36931323)" }, "geometry": { "type": "Point", "coordinates": [ -122.3693132, 47.6696409 ] } },
{ "type": "Feature", "properties": { "PermitNum": "6801182-DM", "HousingUnitsRemoved": "", "IssuedDate": "2021-10-18", "Latitude": 47.6560198, "Longitude": -122.33662473, "Location1": "(47.6560198, -122.33662473)" }, "geometry": { "type": "Point", "coordinates": [ -122.3366247, 47.6560198 ] } },
{ "type": "Feature", "properties": { "PermitNum": "6801489-DM", "HousingUnitsRemoved": "1", "IssuedDate": "2021-06-25", "Latitude": 47.69256312, "Longitude": -122.37190177, "Location1": "(47.69256312, -122.37190177)" }, "geometry": { "type": "Point", "coordinates": [ -122.3719018, 47.6925631 ] } },
{ "type": "Feature", "properties": { "PermitNum": "6803583-DM", "HousingUnitsRemoved": "0", "IssuedDate": "2021-05-28", "Latitude": 47.51171895, "Longitude": -122.24652386, "Location1": "(47.51171895, -122.24652386)" }, "geometry": { "type": "Point", "coordinates": [ -122.2465239, 47.511719 ] } },
{ "type": "Feature", "properties": { "PermitNum": "6803588-DM", "HousingUnitsRemoved": "1", "IssuedDate": "2021-05-27", "Latitude": 47.51133671, "Longitude": -122.24699789, "Location1": "(47.51133671, -122.24699789)" }, "geometry": { "type": "Point", "coordinates": [ -122.2469979, 47.5113367 ] } },
{ "type": "Feature", "properties": { "PermitNum": "6804144-DM", "HousingUnitsRemoved": "", "IssuedDate": "2021-05-24", "Latitude": 47.69183893, "Longitude": -122.3516825, "Location1": "(47.69183893, -122.3516825)" }, "geometry": { "type": "Point", "coordinates": [ -122.3516825, 47.6918389 ] } },
{ "type": "Feature", "properties": { "PermitNum": "6845476-DM", "HousingUnitsRemoved": "1", "IssuedDate": "2021-11-01", "Latitude": 47.69208166, "Longitude": -122.32132294, "Location1": "(47.69208166, -122.32132294)" }, "geometry": { "type": "Point", "coordinates": [ -122.3213229, 47.6920817 ] } },
{ "type": "Feature", "properties": { "PermitNum": "6848227-DM", "HousingUnitsRemoved": "", "IssuedDate": "2022-02-07", "Latitude": 47.68951762, "Longitude": -122.37174542, "Location1": "(47.68951762, -122.37174542)" }, "geometry": { "type": "Point", "coordinates": [ -122.3717454, 47.6895176 ] } },
{ "type": "Feature", "properties": { "PermitNum": "6890459-DM", "HousingUnitsRemoved": "", "IssuedDate": "2022-06-27", "Latitude": 47.61872448, "Longitude": -122.29531334000001, "Location1": "(47.61872448, -122.29531334)" }, "geometry": { "type": "Point", "coordinates": [ -122.2953133, 47.6187245 ] } },
{ "type": "Feature", "properties": { "PermitNum": "6890561-DM", "HousingUnitsRemoved": "", "IssuedDate": "2022-07-28", "Latitude": 47.62329622, "Longitude": -122.3180886, "Location1": "(47.62329622, -122.3180886)" }, "geometry": { "type": "Point", "coordinates": [ -122.3180886, 47.6232962 ] } },
{ "type": "Feature", "properties": { "PermitNum": "6890596-DM", "HousingUnitsRemoved": "", "IssuedDate": "2022-05-04", "Latitude": 47.65619008, "Longitude": -122.34329124, "Location1": "(47.65619008, -122.34329124)" }, "geometry": { "type": "Point", "coordinates": [ -122.3432912, 47.6561901 ] } },
{ "type": "Feature", "properties": { "PermitNum": "6891656-DM", "HousingUnitsRemoved": "", "IssuedDate": "2022-04-05", "Latitude": 47.52442516, "Longitude": -122.28417225, "Location1": "(47.52442516, -122.28417225)" }, "geometry": { "type": "Point", "coordinates": [ -122.2841722, 47.5244252 ] } },
{ "type": "Feature", "properties": { "PermitNum": "6891926-DM", "HousingUnitsRemoved": "1", "IssuedDate": "2022-12-01", "Latitude": 47.66989078, "Longitude": -122.27725299, "Location1": "(47.66989078, -122.27725299)" }, "geometry": { "type": "Point", "coordinates": [ -122.277253, 47.6698908 ] } },
{ "type": "Feature", "properties": { "PermitNum": "6891931-DM", "HousingUnitsRemoved": "", "IssuedDate": "2022-04-18", "Latitude": 47.64374629, "Longitude": -122.40137161, "Location1": "(47.64374629, -122.40137161)" }, "geometry": { "type": "Point", "coordinates": [ -122.4013716, 47.6437463 ] } },
{ "type": "Feature", "properties": { "PermitNum": "6892883-DM", "HousingUnitsRemoved": "0", "IssuedDate": "2022-04-25", "Latitude": 47.67002117, "Longitude": -122.39362975, "Location1": "(47.67002117, -122.39362975)" }, "geometry": { "type": "Point", "coordinates": [ -122.3936298, 47.6700212 ] } },
{ "type": "Feature", "properties": { "PermitNum": "6892962-DM", "HousingUnitsRemoved": "1", "IssuedDate": "2022-09-08", "Latitude": 47.69344103, "Longitude": -122.37248811000001, "Location1": "(47.69344103, -122.37248811)" }, "geometry": { "type": "Point", "coordinates": [ -122.3724881, 47.693441 ] } },
{ "type": "Feature", "properties": { "PermitNum": "6893872-DM", "HousingUnitsRemoved": "1", "IssuedDate": "2022-12-01", "Latitude": 47.64071273, "Longitude": -122.36056584000001, "Location1": "(47.64071273, -122.36056584)" }, "geometry": { "type": "Point", "coordinates": [ -122.3605658, 47.6407127 ] } },
{ "type": "Feature", "properties": { "PermitNum": "6895869-DM", "HousingUnitsRemoved": "", "IssuedDate": "2022-05-26", "Latitude": 47.67217887, "Longitude": -122.38680527, "Location1": "(47.67217887, -122.38680527)" }, "geometry": { "type": "Point", "coordinates": [ -122.3868053, 47.6721789 ] } },
{ "type": "Feature", "properties": { "PermitNum": "6838577-DM", "HousingUnitsRemoved": "1", "IssuedDate": "2022-06-09", "Latitude": 47.52579428, "Longitude": -122.31849081, "Location1": "(47.52579428, -122.31849081)" }, "geometry": { "type": "Point", "coordinates": [ -122.3184908, 47.5257943 ] } },
{ "type": "Feature", "properties": { "PermitNum": "6839389-DM", "HousingUnitsRemoved": "", "IssuedDate": "2021-05-25", "Latitude": 47.68649683, "Longitude": -122.38247255, "Location1": "(47.68649683, -122.38247255)" }, "geometry": { "type": "Point", "coordinates": [ -122.3824726, 47.6864968 ] } },
{ "type": "Feature", "properties": { "PermitNum": "6842023-DM", "HousingUnitsRemoved": "", "IssuedDate": "2022-05-02", "Latitude": 47.69871218, "Longitude": -122.30870082, "Location1": "(47.69871218, -122.30870082)" }, "geometry": { "type": "Point", "coordinates": [ -122.3087008, 47.6987122 ] } },
{ "type": "Feature", "properties": { "PermitNum": "6843183-DM", "HousingUnitsRemoved": "0", "IssuedDate": "2022-03-28", "Latitude": 47.54416421, "Longitude": -122.26213394, "Location1": "(47.54416421, -122.26213394)" }, "geometry": { "type": "Point", "coordinates": [ -122.2621339, 47.5441642 ] } },
{ "type": "Feature", "properties": { "PermitNum": "6887229-DM", "HousingUnitsRemoved": "", "IssuedDate": "2022-07-05", "Latitude": 47.67467838, "Longitude": -122.39179746000001, "Location1": "(47.67467838, -122.39179746)" }, "geometry": { "type": "Point", "coordinates": [ -122.3917975, 47.6746784 ] } },
{ "type": "Feature", "properties": { "PermitNum": "6741276-DM", "HousingUnitsRemoved": "1", "IssuedDate": "2021-09-27", "Latitude": 47.66921132, "Longitude": -122.36885192, "Location1": "(47.66921132, -122.36885192)" }, "geometry": { "type": "Point", "coordinates": [ -122.3688519, 47.6692113 ] } },
{ "type": "Feature", "properties": { "PermitNum": "6741505-DM", "HousingUnitsRemoved": "1", "IssuedDate": "2020-03-16", "Latitude": 47.62946673, "Longitude": -122.34262829, "Location1": "(47.62946673, -122.34262829)" }, "geometry": { "type": "Point", "coordinates": [ -122.3426283, 47.6294667 ] } },
{ "type": "Feature", "properties": { "PermitNum": "6744747-DM", "HousingUnitsRemoved": "1", "IssuedDate": "2020-04-01", "Latitude": 47.68041964, "Longitude": -122.26934273000001, "Location1": "(47.68041964, -122.26934273)" }, "geometry": { "type": "Point", "coordinates": [ -122.2693427, 47.6804196 ] } },
{ "type": "Feature", "properties": { "PermitNum": "6746035-DM", "HousingUnitsRemoved": "", "IssuedDate": "2019-10-08", "Latitude": 47.67749709, "Longitude": -122.38188246, "Location1": "(47.67749709, -122.38188246)" }, "geometry": { "type": "Point", "coordinates": [ -122.3818825, 47.6774971 ] } },
{ "type": "Feature", "properties": { "PermitNum": "6746735-DM", "HousingUnitsRemoved": "0", "IssuedDate": "2019-09-10", "Latitude": 47.59346037, "Longitude": -122.38982659, "Location1": "(47.59346037, -122.38982659)" }, "geometry": { "type": "Point", "coordinates": [ -122.3898266, 47.5934604 ] } },
{ "type": "Feature", "properties": { "PermitNum": "6786747-DM", "HousingUnitsRemoved": "1", "IssuedDate": "2020-10-14", "Latitude": 47.68968294, "Longitude": -122.37121149, "Location1": "(47.68968294, -122.37121149)" }, "geometry": { "type": "Point", "coordinates": [ -122.3712115, 47.6896829 ] } },
{ "type": "Feature", "properties": { "PermitNum": "6787433-DM", "HousingUnitsRemoved": "", "IssuedDate": "2020-09-15", "Latitude": 47.65985443, "Longitude": -122.33586398, "Location1": "(47.65985443, -122.33586398)" }, "geometry": { "type": "Point", "coordinates": [ -122.335864, 47.6598544 ] } },
{ "type": "Feature", "properties": { "PermitNum": "6787644-DM", "HousingUnitsRemoved": "", "IssuedDate": "2020-06-19", "Latitude": 47.60332364, "Longitude": -122.31529076, "Location1": "(47.60332364, -122.31529076)" }, "geometry": { "type": "Point", "coordinates": [ -122.3152908, 47.6033236 ] } },
{ "type": "Feature", "properties": { "PermitNum": "6790365-DM", "HousingUnitsRemoved": "", "IssuedDate": "2020-10-19", "Latitude": 47.67179904, "Longitude": -122.37260651, "Location1": "(47.67179904, -122.37260651)" }, "geometry": { "type": "Point", "coordinates": [ -122.3726065, 47.671799 ] } },
{ "type": "Feature", "properties": { "PermitNum": "6790376-DM", "HousingUnitsRemoved": "1", "IssuedDate": "2020-09-04", "Latitude": 47.69548216, "Longitude": -122.28766992, "Location1": "(47.69548216, -122.28766992)" }, "geometry": { "type": "Point", "coordinates": [ -122.2876699, 47.6954822 ] } },
{ "type": "Feature", "properties": { "PermitNum": "6790928-DM", "HousingUnitsRemoved": "", "IssuedDate": "2020-12-09", "Latitude": 47.67898211, "Longitude": -122.37920366, "Location1": "(47.67898211, -122.37920366)" }, "geometry": { "type": "Point", "coordinates": [ -122.3792037, 47.6789821 ] } },
{ "type": "Feature", "properties": { "PermitNum": "6832805-DM", "HousingUnitsRemoved": "", "IssuedDate": "2022-02-10", "Latitude": 47.66384662, "Longitude": -122.36425216000001, "Location1": "(47.66384662, -122.36425216)" }, "geometry": { "type": "Point", "coordinates": [ -122.3642522, 47.6638466 ] } },
{ "type": "Feature", "properties": { "PermitNum": "6833879-DM", "HousingUnitsRemoved": "1", "IssuedDate": "2021-09-01", "Latitude": 47.68206101, "Longitude": -122.31618488, "Location1": "(47.68206101, -122.31618488)" }, "geometry": { "type": "Point", "coordinates": [ -122.3161849, 47.682061 ] } },
{ "type": "Feature", "properties": { "PermitNum": "6835360-DM", "HousingUnitsRemoved": "", "IssuedDate": "2021-08-12", "Latitude": 47.65345857, "Longitude": -122.35367955, "Location1": "(47.65345857, -122.35367955)" }, "geometry": { "type": "Point", "coordinates": [ -122.3536795, 47.6534586 ] } },
{ "type": "Feature", "properties": { "PermitNum": "6835621-DM", "HousingUnitsRemoved": "0", "IssuedDate": "2021-07-23", "Latitude": 47.6751032, "Longitude": -122.38888508, "Location1": "(47.6751032, -122.38888508)" }, "geometry": { "type": "Point", "coordinates": [ -122.3888851, 47.6751032 ] } },
{ "type": "Feature", "properties": { "PermitNum": "6836287-DM", "HousingUnitsRemoved": "1", "IssuedDate": "2022-01-31", "Latitude": 47.65862556, "Longitude": -122.39770112, "Location1": "(47.65862556, -122.39770112)" }, "geometry": { "type": "Point", "coordinates": [ -122.3977011, 47.6586256 ] } },
{ "type": "Feature", "properties": { "PermitNum": "6836537-DM", "HousingUnitsRemoved": "1", "IssuedDate": "2021-09-01", "Latitude": 47.66584563, "Longitude": -122.36733611, "Location1": "(47.66584563, -122.36733611)" }, "geometry": { "type": "Point", "coordinates": [ -122.3673361, 47.6658456 ] } },
{ "type": "Feature", "properties": { "PermitNum": "6836734-DM", "HousingUnitsRemoved": "1", "IssuedDate": "2021-10-27", "Latitude": 47.657414, "Longitude": -122.3366403, "Location1": "(47.657414, -122.3366403)" }, "geometry": { "type": "Point", "coordinates": [ -122.3366403, 47.657414 ] } },
{ "type": "Feature", "properties": { "PermitNum": "6836770-DM", "HousingUnitsRemoved": "", "IssuedDate": "2021-05-07", "Latitude": 47.54098689, "Longitude": -122.32136481000001, "Location1": "(47.54098689, -122.32136481)" }, "geometry": { "type": "Point", "coordinates": [ -122.3213648, 47.5409869 ] } },
{ "type": "Feature", "properties": { "PermitNum": "6879280-DM", "HousingUnitsRemoved": "1", "IssuedDate": "2022-03-08", "Latitude": 47.68465721, "Longitude": -122.28990085, "Location1": "(47.68465721, -122.28990085)" }, "geometry": { "type": "Point", "coordinates": [ -122.2899008, 47.6846572 ] } },
{ "type": "Feature", "properties": { "PermitNum": "6881270-DM", "HousingUnitsRemoved": "", "IssuedDate": "2022-07-21", "Latitude": 47.69151373, "Longitude": -122.36353894, "Location1": "(47.69151373, -122.36353894)" }, "geometry": { "type": "Point", "coordinates": [ -122.3635389, 47.6915137 ] } },
{ "type": "Feature", "properties": { "PermitNum": "6737595-DM", "HousingUnitsRemoved": "0", "IssuedDate": "2021-05-21", "Latitude": 47.66445299, "Longitude": -122.30623524000001, "Location1": "(47.66445299, -122.30623524)" }, "geometry": { "type": "Point", "coordinates": [ -122.3062352, 47.664453 ] } },
{ "type": "Feature", "properties": { "PermitNum": "6737950-DM", "HousingUnitsRemoved": "1", "IssuedDate": "2021-06-30", "Latitude": 47.68927152, "Longitude": -122.33016503, "Location1": "(47.68927152, -122.33016503)" }, "geometry": { "type": "Point", "coordinates": [ -122.330165, 47.6892715 ] } },
{ "type": "Feature", "properties": { "PermitNum": "6738377-DM", "HousingUnitsRemoved": "1", "IssuedDate": "2020-09-30", "Latitude": 47.60292797, "Longitude": -122.2866711, "Location1": "(47.60292797, -122.2866711)" }, "geometry": { "type": "Point", "coordinates": [ -122.2866711, 47.602928 ] } },
{ "type": "Feature", "properties": { "PermitNum": "6739160-DM", "HousingUnitsRemoved": "1", "IssuedDate": "2019-07-17", "Latitude": 47.64080766, "Longitude": -122.39346282, "Location1": "(47.64080766, -122.39346282)" }, "geometry": { "type": "Point", "coordinates": [ -122.3934628, 47.6408077 ] } },
{ "type": "Feature", "properties": { "PermitNum": "6739166-DM", "HousingUnitsRemoved": "", "IssuedDate": "2019-07-22", "Latitude": 47.72176567, "Longitude": -122.29180563, "Location1": "(47.72176567, -122.29180563)" }, "geometry": { "type": "Point", "coordinates": [ -122.2918056, 47.7217657 ] } },
{ "type": "Feature", "properties": { "PermitNum": "6739544-DM", "HousingUnitsRemoved": "0", "IssuedDate": "2020-07-28", "Latitude": 47.68004472, "Longitude": -122.31897442, "Location1": "(47.68004472, -122.31897442)" }, "geometry": { "type": "Point", "coordinates": [ -122.3189744, 47.6800447 ] } },
{ "type": "Feature", "properties": { "PermitNum": "6740382-DM", "HousingUnitsRemoved": "", "IssuedDate": "2019-08-02", "Latitude": 47.67275243, "Longitude": -122.395441, "Location1": "(47.67275243, -122.395441)" }, "geometry": { "type": "Point", "coordinates": [ -122.395441, 47.6727524 ] } },
{ "type": "Feature", "properties": { "PermitNum": "6740388-DM", "HousingUnitsRemoved": "", "IssuedDate": "2021-03-19", "Latitude": 47.56581896, "Longitude": -122.36466057, "Location1": "(47.56581896, -122.36466057)" }, "geometry": { "type": "Point", "coordinates": [ -122.3646606, 47.565819 ] } },
{ "type": "Feature", "properties": { "PermitNum": "6740613-DM", "HousingUnitsRemoved": "0", "IssuedDate": "2019-09-19", "Latitude": 47.56525935, "Longitude": -122.37258942, "Location1": "(47.56525935, -122.37258942)" }, "geometry": { "type": "Point", "coordinates": [ -122.3725894, 47.5652593 ] } },
{ "type": "Feature", "properties": { "PermitNum": "6779827-DM", "HousingUnitsRemoved": "1", "IssuedDate": "2020-12-15", "Latitude": 47.66927052, "Longitude": -122.37035976, "Location1": "(47.66927052, -122.37035976)" }, "geometry": { "type": "Point", "coordinates": [ -122.3703598, 47.6692705 ] } },
{ "type": "Feature", "properties": { "PermitNum": "6779831-DM", "HousingUnitsRemoved": "1", "IssuedDate": "2021-02-19", "Latitude": 47.68920314, "Longitude": -122.37441236, "Location1": "(47.68920314, -122.37441236)" }, "geometry": { "type": "Point", "coordinates": [ -122.3744124, 47.6892031 ] } },
{ "type": "Feature", "properties": { "PermitNum": "6781079-DM", "HousingUnitsRemoved": "", "IssuedDate": "2022-02-18", "Latitude": 47.51840039, "Longitude": -122.35819766, "Location1": "(47.51840039, -122.35819766)" }, "geometry": { "type": "Point", "coordinates": [ -122.3581977, 47.5184004 ] } },
{ "type": "Feature", "properties": { "PermitNum": "6782038-DM", "HousingUnitsRemoved": "1", "IssuedDate": "2020-09-28", "Latitude": 47.60956529, "Longitude": -122.30991881, "Location1": "(47.60956529, -122.30991881)" }, "geometry": { "type": "Point", "coordinates": [ -122.3099188, 47.6095653 ] } },
{ "type": "Feature", "properties": { "PermitNum": "6826949-DM", "HousingUnitsRemoved": "1", "IssuedDate": "2022-05-03", "Latitude": 47.68831068, "Longitude": -122.31407212000001, "Location1": "(47.68831068, -122.31407212)" }, "geometry": { "type": "Point", "coordinates": [ -122.3140721, 47.6883107 ] } },
{ "type": "Feature", "properties": { "PermitNum": "6827217-DM", "HousingUnitsRemoved": "1", "IssuedDate": "2021-10-28", "Latitude": 47.5045135, "Longitude": -122.25217739, "Location1": "(47.5045135, -122.25217739)" }, "geometry": { "type": "Point", "coordinates": [ -122.2521774, 47.5045135 ] } },
{ "type": "Feature", "properties": { "PermitNum": "6828354-DM", "HousingUnitsRemoved": "", "IssuedDate": "2021-10-18", "Latitude": 47.51321429, "Longitude": -122.25676756, "Location1": "(47.51321429, -122.25676756)" }, "geometry": { "type": "Point", "coordinates": [ -122.2567676, 47.5132143 ] } },
{ "type": "Feature", "properties": { "PermitNum": "6830374-DM", "HousingUnitsRemoved": "", "IssuedDate": "2021-11-03", "Latitude": 47.54512188, "Longitude": -122.25881619, "Location1": "(47.54512188, -122.25881619)" }, "geometry": { "type": "Point", "coordinates": [ -122.2588162, 47.5451219 ] } },
{ "type": "Feature", "properties": { "PermitNum": "6830379-DM", "HousingUnitsRemoved": "1", "IssuedDate": "2021-07-02", "Latitude": 47.69417544, "Longitude": -122.31094292, "Location1": "(47.69417544, -122.31094292)" }, "geometry": { "type": "Point", "coordinates": [ -122.3109429, 47.6941754 ] } },
{ "type": "Feature", "properties": { "PermitNum": "6830502-DM", "HousingUnitsRemoved": "1", "IssuedDate": "2022-01-19", "Latitude": 47.56795575, "Longitude": -122.40924371, "Location1": "(47.56795575, -122.40924371)" }, "geometry": { "type": "Point", "coordinates": [ -122.4092437, 47.5679558 ] } },
{ "type": "Feature", "properties": { "PermitNum": "6831129-DM", "HousingUnitsRemoved": "", "IssuedDate": "2022-02-22", "Latitude": 47.54410812, "Longitude": -122.26236153000001, "Location1": "(47.54410812, -122.26236153)" }, "geometry": { "type": "Point", "coordinates": [ -122.2623615, 47.5441081 ] } },
{ "type": "Feature", "properties": { "PermitNum": "6831558-DM", "HousingUnitsRemoved": "1", "IssuedDate": "2022-10-27", "Latitude": 47.5614254, "Longitude": -122.29146375000001, "Location1": "(47.5614254, -122.29146375)" }, "geometry": { "type": "Point", "coordinates": [ -122.2914638, 47.5614254 ] } },
{ "type": "Feature", "properties": { "PermitNum": "6874575-DM", "HousingUnitsRemoved": "", "IssuedDate": "2022-08-26", "Latitude": 47.63712913, "Longitude": -122.27795304, "Location1": "(47.63712913, -122.27795304)" }, "geometry": { "type": "Point", "coordinates": [ -122.277953, 47.6371291 ] } },
{ "type": "Feature", "properties": { "PermitNum": "6875171-DM", "HousingUnitsRemoved": "", "IssuedDate": "2022-04-22", "Latitude": 47.68678261, "Longitude": -122.34902576, "Location1": "(47.68678261, -122.34902576)" }, "geometry": { "type": "Point", "coordinates": [ -122.3490258, 47.6867826 ] } },
{ "type": "Feature", "properties": { "PermitNum": "6878391-DM", "HousingUnitsRemoved": "3", "IssuedDate": "2022-11-01", "Latitude": 47.69384709, "Longitude": -122.3427497, "Location1": "(47.69384709, -122.3427497)" }, "geometry": { "type": "Point", "coordinates": [ -122.3427497, 47.6938471 ] } },
{ "type": "Feature", "properties": { "PermitNum": "6677478-DM", "HousingUnitsRemoved": "", "IssuedDate": "2019-07-22", "Latitude": 47.61690496, "Longitude": -122.32489504, "Location1": "(47.61690496, -122.32489504)" }, "geometry": { "type": "Point", "coordinates": [ -122.324895, 47.616905 ] } },
{ "type": "Feature", "properties": { "PermitNum": "6678314-DM", "HousingUnitsRemoved": "", "IssuedDate": "2019-01-29", "Latitude": 47.53519016, "Longitude": -122.35003347, "Location1": "(47.53519016, -122.35003347)" }, "geometry": { "type": "Point", "coordinates": [ -122.3500335, 47.5351902 ] } },
{ "type": "Feature", "properties": { "PermitNum": "6682064-DM", "HousingUnitsRemoved": "", "IssuedDate": "2019-04-25", "Latitude": 47.59475184, "Longitude": -122.30254173, "Location1": "(47.59475184, -122.30254173)" }, "geometry": { "type": "Point", "coordinates": [ -122.3025417, 47.5947518 ] } },
{ "type": "Feature", "properties": { "PermitNum": "6682135-DM", "HousingUnitsRemoved": "", "IssuedDate": "2018-11-19", "Latitude": 47.67906187, "Longitude": -122.38564764, "Location1": "(47.67906187, -122.38564764)" }, "geometry": { "type": "Point", "coordinates": [ -122.3856476, 47.6790619 ] } },
{ "type": "Feature", "properties": { "PermitNum": "6718473-DM", "HousingUnitsRemoved": "0", "IssuedDate": "2019-08-26", "Latitude": 47.66510658, "Longitude": -122.28103519, "Location1": "(47.66510658, -122.28103519)" }, "geometry": { "type": "Point", "coordinates": [ -122.2810352, 47.6651066 ] } },
{ "type": "Feature", "properties": { "PermitNum": "6720258-DM", "HousingUnitsRemoved": "1", "IssuedDate": "2020-01-10", "Latitude": 47.66584909, "Longitude": -122.36835728, "Location1": "(47.66584909, -122.36835728)" }, "geometry": { "type": "Point", "coordinates": [ -122.3683573, 47.6658491 ] } },
{ "type": "Feature", "properties": { "PermitNum": "6721439-DM", "HousingUnitsRemoved": "", "IssuedDate": "2019-10-11", "Latitude": 47.66078487, "Longitude": -122.33407101, "Location1": "(47.66078487, -122.33407101)" }, "geometry": { "type": "Point", "coordinates": [ -122.334071, 47.6607849 ] } },
{ "type": "Feature", "properties": { "PermitNum": "6721993-DM", "HousingUnitsRemoved": "", "IssuedDate": "2021-03-05", "Latitude": 47.60224487, "Longitude": -122.31530762, "Location1": "(47.60224487, -122.31530762)" }, "geometry": { "type": "Point", "coordinates": [ -122.3153076, 47.6022449 ] } },
{ "type": "Feature", "properties": { "PermitNum": "6722008-DM", "HousingUnitsRemoved": "1", "IssuedDate": "2020-03-11", "Latitude": 47.55546747, "Longitude": -122.27292074, "Location1": "(47.55546747, -122.27292074)" }, "geometry": { "type": "Point", "coordinates": [ -122.2729207, 47.5554675 ] } },
{ "type": "Feature", "properties": { "PermitNum": "6722314-DM", "HousingUnitsRemoved": "", "IssuedDate": "2021-11-03", "Latitude": 47.65021776, "Longitude": -122.3463777, "Location1": "(47.65021776, -122.3463777)" }, "geometry": { "type": "Point", "coordinates": [ -122.3463777, 47.6502178 ] } },
{ "type": "Feature", "properties": { "PermitNum": "6675039-DM", "HousingUnitsRemoved": "", "IssuedDate": "2019-07-13", "Latitude": 47.71722908, "Longitude": -122.30761522, "Location1": "(47.71722908, -122.30761522)" }, "geometry": { "type": "Point", "coordinates": [ -122.3076152, 47.7172291 ] } },
{ "type": "Feature", "properties": { "PermitNum": "6675141-DM", "HousingUnitsRemoved": "", "IssuedDate": "2018-06-23", "Latitude": 47.65708267, "Longitude": -122.36109436, "Location1": "(47.65708267, -122.36109436)" }, "geometry": { "type": "Point", "coordinates": [ -122.3610944, 47.6570827 ] } },
{ "type": "Feature", "properties": { "PermitNum": "6713513-DM", "HousingUnitsRemoved": "1", "IssuedDate": "2019-09-03", "Latitude": 47.57709482, "Longitude": -122.39626548, "Location1": "(47.57709482, -122.39626548)" }, "geometry": { "type": "Point", "coordinates": [ -122.3962655, 47.5770948 ] } },
{ "type": "Feature", "properties": { "PermitNum": "6714988-DM", "HousingUnitsRemoved": "2", "IssuedDate": "2020-11-22", "Latitude": 47.59424351, "Longitude": -122.29705568, "Location1": "(47.59424351, -122.29705568)" }, "geometry": { "type": "Point", "coordinates": [ -122.2970557, 47.5942435 ] } },
{ "type": "Feature", "properties": { "PermitNum": "6715702-DM", "HousingUnitsRemoved": "1", "IssuedDate": "2019-09-25", "Latitude": 47.65002829, "Longitude": -122.40547174, "Location1": "(47.65002829, -122.40547174)" }, "geometry": { "type": "Point", "coordinates": [ -122.4054717, 47.6500283 ] } },
{ "type": "Feature", "properties": { "PermitNum": "6718053-DM", "HousingUnitsRemoved": "3", "IssuedDate": "2020-02-26", "Latitude": 47.63889401, "Longitude": -122.37119949, "Location1": "(47.63889401, -122.37119949)" }, "geometry": { "type": "Point", "coordinates": [ -122.3711995, 47.638894 ] } },
{ "type": "Feature", "properties": { "PermitNum": "6761750-DM", "HousingUnitsRemoved": "1", "IssuedDate": "2022-01-06", "Latitude": 47.59646667, "Longitude": -122.30809319, "Location1": "(47.59646667, -122.30809319)" }, "geometry": { "type": "Point", "coordinates": [ -122.3080932, 47.5964667 ] } },
{ "type": "Feature", "properties": { "PermitNum": "6762912-DM", "HousingUnitsRemoved": "", "IssuedDate": "2020-10-25", "Latitude": 47.70803489, "Longitude": -122.30402175, "Location1": "(47.70803489, -122.30402175)" }, "geometry": { "type": "Point", "coordinates": [ -122.3040218, 47.7080349 ] } },
{ "type": "Feature", "properties": { "PermitNum": "6763937-DM", "HousingUnitsRemoved": "1", "IssuedDate": "2020-09-23", "Latitude": 47.69942638, "Longitude": -122.37308361, "Location1": "(47.69942638, -122.37308361)" }, "geometry": { "type": "Point", "coordinates": [ -122.3730836, 47.6994264 ] } },
{ "type": "Feature", "properties": { "PermitNum": "6764526-DM", "HousingUnitsRemoved": "", "IssuedDate": "2020-04-28", "Latitude": 47.52337013, "Longitude": -122.35858535, "Location1": "(47.52337013, -122.35858535)" }, "geometry": { "type": "Point", "coordinates": [ -122.3585853, 47.5233701 ] } },
{ "type": "Feature", "properties": { "PermitNum": "6804570-DM", "HousingUnitsRemoved": "1", "IssuedDate": "2022-01-28", "Latitude": 47.66964053, "Longitude": -122.36889648, "Location1": "(47.66964053, -122.36889648)" }, "geometry": { "type": "Point", "coordinates": [ -122.3688965, 47.6696405 ] } },
{ "type": "Feature", "properties": { "PermitNum": "6804937-DM", "HousingUnitsRemoved": "1", "IssuedDate": "2022-06-14", "Latitude": 47.66376163, "Longitude": -122.3386047, "Location1": "(47.66376163, -122.3386047)" }, "geometry": { "type": "Point", "coordinates": [ -122.3386047, 47.6637616 ] } },
{ "type": "Feature", "properties": { "PermitNum": "6804939-DM", "HousingUnitsRemoved": "1", "IssuedDate": "2022-02-11", "Latitude": 47.67440135, "Longitude": -122.38598564, "Location1": "(47.67440135, -122.38598564)" }, "geometry": { "type": "Point", "coordinates": [ -122.3859856, 47.6744013 ] } },
{ "type": "Feature", "properties": { "PermitNum": "6806347-DM", "HousingUnitsRemoved": "1", "IssuedDate": "2021-09-29", "Latitude": 47.65915638, "Longitude": -122.35235357000001, "Location1": "(47.65915638, -122.35235357)" }, "geometry": { "type": "Point", "coordinates": [ -122.3523536, 47.6591564 ] } },
{ "type": "Feature", "properties": { "PermitNum": "6806577-DM", "HousingUnitsRemoved": "", "IssuedDate": "2022-06-14", "Latitude": 47.71910857, "Longitude": -122.27913342, "Location1": "(47.71910857, -122.27913342)" }, "geometry": { "type": "Point", "coordinates": [ -122.2791334, 47.7191086 ] } },
{ "type": "Feature", "properties": { "PermitNum": "6807007-DM", "HousingUnitsRemoved": "1", "IssuedDate": "2021-06-08", "Latitude": 47.69250587, "Longitude": -122.37245674, "Location1": "(47.69250587, -122.37245674)" }, "geometry": { "type": "Point", "coordinates": [ -122.3724567, 47.6925059 ] } },
{ "type": "Feature", "properties": { "PermitNum": "6807229-DM", "HousingUnitsRemoved": "1", "IssuedDate": "2021-04-12", "Latitude": 47.68636848, "Longitude": -122.37440789, "Location1": "(47.68636848, -122.37440789)" }, "geometry": { "type": "Point", "coordinates": [ -122.3744079, 47.6863685 ] } },
{ "type": "Feature", "properties": { "PermitNum": "6807235-DM", "HousingUnitsRemoved": "3", "IssuedDate": "2021-03-10", "Latitude": 47.67366538, "Longitude": -122.357751, "Location1": "(47.67366538, -122.357751)" }, "geometry": { "type": "Point", "coordinates": [ -122.357751, 47.6736654 ] } },
{ "type": "Feature", "properties": { "PermitNum": "6809465-DM", "HousingUnitsRemoved": "1", "IssuedDate": "2022-06-01", "Latitude": 47.52980931, "Longitude": -122.27589676, "Location1": "(47.52980931, -122.27589676)" }, "geometry": { "type": "Point", "coordinates": [ -122.2758968, 47.5298093 ] } },
{ "type": "Feature", "properties": { "PermitNum": "6851206-DM", "HousingUnitsRemoved": "0", "IssuedDate": "2021-08-04", "Latitude": 47.58186161, "Longitude": -122.31059282, "Location1": "(47.58186161, -122.31059282)" }, "geometry": { "type": "Point", "coordinates": [ -122.3105928, 47.5818616 ] } },
{ "type": "Feature", "properties": { "PermitNum": "6851749-DM", "HousingUnitsRemoved": "0", "IssuedDate": "2021-08-06", "Latitude": 47.68422541, "Longitude": -122.34951324, "Location1": "(47.68422541, -122.34951324)" }, "geometry": { "type": "Point", "coordinates": [ -122.3495132, 47.6842254 ] } },
{ "type": "Feature", "properties": { "PermitNum": "6852108-DM", "HousingUnitsRemoved": "1", "IssuedDate": "2022-01-05", "Latitude": 47.68763132, "Longitude": -122.28498994, "Location1": "(47.68763132, -122.28498994)" }, "geometry": { "type": "Point", "coordinates": [ -122.2849899, 47.6876313 ] } },
{ "type": "Feature", "properties": { "PermitNum": "6854450-DM", "HousingUnitsRemoved": "1", "IssuedDate": "2022-05-03", "Latitude": 47.6713872, "Longitude": -122.32500395, "Location1": "(47.6713872, -122.32500395)" }, "geometry": { "type": "Point", "coordinates": [ -122.3250039, 47.6713872 ] } },
{ "type": "Feature", "properties": { "PermitNum": "6857316-DM", "HousingUnitsRemoved": "1", "IssuedDate": "2022-05-02", "Latitude": 47.67218248, "Longitude": -122.38659195, "Location1": "(47.67218248, -122.38659195)" }, "geometry": { "type": "Point", "coordinates": [ -122.3865919, 47.6721825 ] } },
{ "type": "Feature", "properties": { "PermitNum": "6904098-DM", "HousingUnitsRemoved": "", "IssuedDate": "2022-09-07", "Latitude": 47.56781134, "Longitude": -122.39719793, "Location1": "(47.56781134, -122.39719793)" }, "geometry": { "type": "Point", "coordinates": [ -122.3971979, 47.5678113 ] } },
{ "type": "Feature", "properties": { "PermitNum": "6906962-DM", "HousingUnitsRemoved": "1", "IssuedDate": "2022-08-29", "Latitude": 47.57085404, "Longitude": -122.2832426, "Location1": "(47.57085404, -122.2832426)" }, "geometry": { "type": "Point", "coordinates": [ -122.2832426, 47.570854 ] } },
{ "type": "Feature", "properties": { "PermitNum": "6907681-DM", "HousingUnitsRemoved": "1", "IssuedDate": "2022-12-21", "Latitude": 47.67340949, "Longitude": -122.32622162, "Location1": "(47.67340949, -122.32622162)" }, "geometry": { "type": "Point", "coordinates": [ -122.3262216, 47.6734095 ] } },
{ "type": "Feature", "properties": { "PermitNum": "6907738-DM", "HousingUnitsRemoved": "", "IssuedDate": "2022-08-08", "Latitude": 47.62148707, "Longitude": -122.29100686, "Location1": "(47.62148707, -122.29100686)" }, "geometry": { "type": "Point", "coordinates": [ -122.2910069, 47.6214871 ] } },
{ "type": "Feature", "properties": { "PermitNum": "6703325-DM", "HousingUnitsRemoved": "1", "IssuedDate": "2020-06-05", "Latitude": 47.69206521, "Longitude": -122.3426833, "Location1": "(47.69206521, -122.3426833)" }, "geometry": { "type": "Point", "coordinates": [ -122.3426833, 47.6920652 ] } },
{ "type": "Feature", "properties": { "PermitNum": "6703329-DM", "HousingUnitsRemoved": "1", "IssuedDate": "2019-10-03", "Latitude": 47.6309958, "Longitude": -122.30563852, "Location1": "(47.6309958, -122.30563852)" }, "geometry": { "type": "Point", "coordinates": [ -122.3056385, 47.6309958 ] } },
{ "type": "Feature", "properties": { "PermitNum": "6704579-DM", "HousingUnitsRemoved": "", "IssuedDate": "2019-05-16", "Latitude": 47.61880204, "Longitude": -122.30395727, "Location1": "(47.61880204, -122.30395727)" }, "geometry": { "type": "Point", "coordinates": [ -122.3039573, 47.618802 ] } },
{ "type": "Feature", "properties": { "PermitNum": "6705089-DM", "HousingUnitsRemoved": "", "IssuedDate": "2020-03-30", "Latitude": 47.61057824, "Longitude": -122.31046993, "Location1": "(47.61057824, -122.31046993)" }, "geometry": { "type": "Point", "coordinates": [ -122.3104699, 47.6105782 ] } },
{ "type": "Feature", "properties": { "PermitNum": "6705234-DM", "HousingUnitsRemoved": "", "IssuedDate": "2019-04-19", "Latitude": 47.69332383, "Longitude": -122.3092828, "Location1": "(47.69332383, -122.3092828)" }, "geometry": { "type": "Point", "coordinates": [ -122.3092828, 47.6933238 ] } },
{ "type": "Feature", "properties": { "PermitNum": "6706151-DM", "HousingUnitsRemoved": "1", "IssuedDate": "2019-06-24", "Latitude": 47.57715491, "Longitude": -122.38107084000001, "Location1": "(47.57715491, -122.38107084)" }, "geometry": { "type": "Point", "coordinates": [ -122.3810708, 47.5771549 ] } },
{ "type": "Feature", "properties": { "PermitNum": "6706577-DM", "HousingUnitsRemoved": "1", "IssuedDate": "2019-07-24", "Latitude": 47.69883035, "Longitude": -122.35158213, "Location1": "(47.69883035, -122.35158213)" }, "geometry": { "type": "Point", "coordinates": [ -122.3515821, 47.6988304 ] } },
{ "type": "Feature", "properties": { "PermitNum": "6706590-DM", "HousingUnitsRemoved": "", "IssuedDate": "2021-07-27", "Latitude": 47.66843886, "Longitude": -122.37053166, "Location1": "(47.66843886, -122.37053166)" }, "geometry": { "type": "Point", "coordinates": [ -122.3705317, 47.6684389 ] } },
{ "type": "Feature", "properties": { "PermitNum": "6706624-DM", "HousingUnitsRemoved": "1", "IssuedDate": "2019-08-12", "Latitude": 47.68783149, "Longitude": -122.35899895, "Location1": "(47.68783149, -122.35899895)" }, "geometry": { "type": "Point", "coordinates": [ -122.358999, 47.6878315 ] } },
{ "type": "Feature", "properties": { "PermitNum": "6706773-DM", "HousingUnitsRemoved": "1", "IssuedDate": "2019-04-22", "Latitude": 47.55195215, "Longitude": -122.38587486, "Location1": "(47.55195215, -122.38587486)" }, "geometry": { "type": "Point", "coordinates": [ -122.3858749, 47.5519521 ] } },
{ "type": "Feature", "properties": { "PermitNum": "6707067-DM", "HousingUnitsRemoved": "", "IssuedDate": "2019-06-21", "Latitude": 47.60729145, "Longitude": -122.31620706, "Location1": "(47.60729145, -122.31620706)" }, "geometry": { "type": "Point", "coordinates": [ -122.3162071, 47.6072914 ] } },
{ "type": "Feature", "properties": { "PermitNum": "6707297-DM", "HousingUnitsRemoved": "", "IssuedDate": "2019-10-11", "Latitude": 47.68486238, "Longitude": -122.36351909, "Location1": "(47.68486238, -122.36351909)" }, "geometry": { "type": "Point", "coordinates": [ -122.3635191, 47.6848624 ] } },
{ "type": "Feature", "properties": { "PermitNum": "6748539-DM", "HousingUnitsRemoved": "1", "IssuedDate": "2020-03-24", "Latitude": 47.67167302, "Longitude": -122.29296639, "Location1": "(47.67167302, -122.29296639)" }, "geometry": { "type": "Point", "coordinates": [ -122.2929664, 47.671673 ] } },
{ "type": "Feature", "properties": { "PermitNum": "6749252-DM", "HousingUnitsRemoved": "1", "IssuedDate": "2021-04-12", "Latitude": 47.68707992, "Longitude": -122.33945289, "Location1": "(47.68707992, -122.33945289)" }, "geometry": { "type": "Point", "coordinates": [ -122.3394529, 47.6870799 ] } },
{ "type": "Feature", "properties": { "PermitNum": "6749280-DM", "HousingUnitsRemoved": "", "IssuedDate": "2020-03-03", "Latitude": 47.68936128, "Longitude": -122.38844419, "Location1": "(47.68936128, -122.38844419)" }, "geometry": { "type": "Point", "coordinates": [ -122.3884442, 47.6893613 ] } },
{ "type": "Feature", "properties": { "PermitNum": "6753082-DM", "HousingUnitsRemoved": "1", "IssuedDate": "2019-11-18", "Latitude": 47.68999764, "Longitude": -122.38844951, "Location1": "(47.68999764, -122.38844951)" }, "geometry": { "type": "Point", "coordinates": [ -122.3884495, 47.6899976 ] } },
{ "type": "Feature", "properties": { "PermitNum": "6753090-DM", "HousingUnitsRemoved": "", "IssuedDate": "2020-07-08", "Latitude": 47.71616157, "Longitude": -122.31110879000001, "Location1": "(47.71616157, -122.31110879)" }, "geometry": { "type": "Point", "coordinates": [ -122.3111088, 47.7161616 ] } },
{ "type": "Feature", "properties": { "PermitNum": "6792149-DM", "HousingUnitsRemoved": "", "IssuedDate": "2021-03-25", "Latitude": 47.67481848, "Longitude": -122.29194646000001, "Location1": "(47.67481848, -122.29194646)" }, "geometry": { "type": "Point", "coordinates": [ -122.2919465, 47.6748185 ] } },
{ "type": "Feature", "properties": { "PermitNum": "6792574-DM", "HousingUnitsRemoved": "", "IssuedDate": "2022-01-10", "Latitude": 47.69637148, "Longitude": -122.37432282, "Location1": "(47.69637148, -122.37432282)" }, "geometry": { "type": "Point", "coordinates": [ -122.3743228, 47.6963715 ] } },
{ "type": "Feature", "properties": { "PermitNum": "6792805-DM", "HousingUnitsRemoved": "1", "IssuedDate": "2021-01-08", "Latitude": 47.60299683, "Longitude": -122.29575811, "Location1": "(47.60299683, -122.29575811)" }, "geometry": { "type": "Point", "coordinates": [ -122.2957581, 47.6029968 ] } },
{ "type": "Feature", "properties": { "PermitNum": "6793119-DM", "HousingUnitsRemoved": "2", "IssuedDate": "2021-06-21", "Latitude": 47.71067022, "Longitude": -122.33063591, "Location1": "(47.71067022, -122.33063591)" }, "geometry": { "type": "Point", "coordinates": [ -122.3306359, 47.7106702 ] } },
{ "type": "Feature", "properties": { "PermitNum": "6793190-DM", "HousingUnitsRemoved": "", "IssuedDate": "2021-07-14", "Latitude": 47.61227734, "Longitude": -122.30919632, "Location1": "(47.61227734, -122.30919632)" }, "geometry": { "type": "Point", "coordinates": [ -122.3091963, 47.6122773 ] } },
{ "type": "Feature", "properties": { "PermitNum": "6794168-DM", "HousingUnitsRemoved": "", "IssuedDate": "2020-10-14", "Latitude": 47.65811859, "Longitude": -122.32809562, "Location1": "(47.65811859, -122.32809562)" }, "geometry": { "type": "Point", "coordinates": [ -122.3280956, 47.6581186 ] } },
{ "type": "Feature", "properties": { "PermitNum": "6795862-DM", "HousingUnitsRemoved": "", "IssuedDate": "2021-04-20", "Latitude": 47.68769745, "Longitude": -122.27610167, "Location1": "(47.68769745, -122.27610167)" }, "geometry": { "type": "Point", "coordinates": [ -122.2761017, 47.6876975 ] } },
{ "type": "Feature", "properties": { "PermitNum": "6796242-DM", "HousingUnitsRemoved": "1", "IssuedDate": "2020-10-21", "Latitude": 47.68337149, "Longitude": -122.29348242, "Location1": "(47.68337149, -122.29348242)" }, "geometry": { "type": "Point", "coordinates": [ -122.2934824, 47.6833715 ] } },
{ "type": "Feature", "properties": { "PermitNum": "6796683-DM", "HousingUnitsRemoved": "", "IssuedDate": "2022-02-10", "Latitude": 47.61217444, "Longitude": -122.31515075, "Location1": "(47.61217444, -122.31515075)" }, "geometry": { "type": "Point", "coordinates": [ -122.3151508, 47.6121744 ] } },
{ "type": "Feature", "properties": { "PermitNum": "6838456-DM", "HousingUnitsRemoved": "1", "IssuedDate": "2021-10-22", "Latitude": 47.68523064, "Longitude": -122.39490213000001, "Location1": "(47.68523064, -122.39490213)" }, "geometry": { "type": "Point", "coordinates": [ -122.3949021, 47.6852306 ] } },
{ "type": "Feature", "properties": { "PermitNum": "6838564-DM", "HousingUnitsRemoved": "1", "IssuedDate": "2021-06-01", "Latitude": 47.66773417, "Longitude": -122.36536009, "Location1": "(47.66773417, -122.36536009)" }, "geometry": { "type": "Point", "coordinates": [ -122.3653601, 47.6677342 ] } },
{ "type": "Feature", "properties": { "PermitNum": "6838571-DM", "HousingUnitsRemoved": "0", "IssuedDate": "2022-02-16", "Latitude": 47.67326474, "Longitude": -122.29827575, "Location1": "(47.67326474, -122.29827575)" }, "geometry": { "type": "Point", "coordinates": [ -122.2982758, 47.6732647 ] } },
{ "type": "Feature", "properties": { "PermitNum": "6840350-DM", "HousingUnitsRemoved": "", "IssuedDate": "2021-05-27", "Latitude": 47.65588967, "Longitude": -122.33230983, "Location1": "(47.65588967, -122.33230983)" }, "geometry": { "type": "Point", "coordinates": [ -122.3323098, 47.6558897 ] } },
{ "type": "Feature", "properties": { "PermitNum": "6841774-DM", "HousingUnitsRemoved": "1", "IssuedDate": "2022-05-23", "Latitude": 47.67440747, "Longitude": -122.37851201, "Location1": "(47.67440747, -122.37851201)" }, "geometry": { "type": "Point", "coordinates": [ -122.378512, 47.6744075 ] } },
{ "type": "Feature", "properties": { "PermitNum": "6842681-DM", "HousingUnitsRemoved": "", "IssuedDate": "2021-09-15", "Latitude": 47.65752639, "Longitude": -122.33723557, "Location1": "(47.65752639, -122.33723557)" }, "geometry": { "type": "Point", "coordinates": [ -122.3372356, 47.6575264 ] } },
{ "type": "Feature", "properties": { "PermitNum": "6891040-DM", "HousingUnitsRemoved": "", "IssuedDate": "2022-04-08", "Latitude": 47.66845703, "Longitude": -122.32383331, "Location1": "(47.66845703, -122.32383331)" }, "geometry": { "type": "Point", "coordinates": [ -122.3238333, 47.668457 ] } },
{ "type": "Feature", "properties": { "PermitNum": "6698623-DM", "HousingUnitsRemoved": "4", "IssuedDate": "2020-06-26", "Latitude": 47.64055705, "Longitude": -122.32686067, "Location1": "(47.64055705, -122.32686067)" }, "geometry": { "type": "Point", "coordinates": [ -122.3268607, 47.640557 ] } },
{ "type": "Feature", "properties": { "PermitNum": "6698661-DM", "HousingUnitsRemoved": "", "IssuedDate": "2020-04-24", "Latitude": 47.65074999, "Longitude": -122.38550235, "Location1": "(47.65074999, -122.38550235)" }, "geometry": { "type": "Point", "coordinates": [ -122.3855023, 47.65075 ] } },
{ "type": "Feature", "properties": { "PermitNum": "6698678-DM", "HousingUnitsRemoved": "2", "IssuedDate": "2022-07-01", "Latitude": 47.6401561, "Longitude": -122.32914546000001, "Location1": "(47.6401561, -122.32914546)" }, "geometry": { "type": "Point", "coordinates": [ -122.3291455, 47.6401561 ] } },
{ "type": "Feature", "properties": { "PermitNum": "6699173-DM", "HousingUnitsRemoved": "2", "IssuedDate": "2020-12-08", "Latitude": 47.587891, "Longitude": -122.31405469000001, "Location1": "(47.587891, -122.31405469)" }, "geometry": { "type": "Point", "coordinates": [ -122.3140547, 47.587891 ] } },
{ "type": "Feature", "properties": { "PermitNum": "6699234-DM", "HousingUnitsRemoved": "", "IssuedDate": "2020-12-02", "Latitude": 47.67583395, "Longitude": -122.36018423, "Location1": "(47.67583395, -122.36018423)" }, "geometry": { "type": "Point", "coordinates": [ -122.3601842, 47.6758339 ] } },
{ "type": "Feature", "properties": { "PermitNum": "6700179-DM", "HousingUnitsRemoved": "", "IssuedDate": "2019-10-15", "Latitude": 47.66589339, "Longitude": -122.27577749, "Location1": "(47.66589339, -122.27577749)" }, "geometry": { "type": "Point", "coordinates": [ -122.2757775, 47.6658934 ] } },
{ "type": "Feature", "properties": { "PermitNum": "6700817-DM", "HousingUnitsRemoved": "", "IssuedDate": "2019-12-04", "Latitude": 47.68232061, "Longitude": -122.32806694, "Location1": "(47.68232061, -122.32806694)" }, "geometry": { "type": "Point", "coordinates": [ -122.3280669, 47.6823206 ] } },
{ "type": "Feature", "properties": { "PermitNum": "6701146-DM", "HousingUnitsRemoved": "", "IssuedDate": "2019-10-23", "Latitude": 47.56427032, "Longitude": -122.38575484, "Location1": "(47.56427032, -122.38575484)" }, "geometry": { "type": "Point", "coordinates": [ -122.3857548, 47.5642703 ] } },
{ "type": "Feature", "properties": { "PermitNum": "6701233-DM", "HousingUnitsRemoved": "1", "IssuedDate": "2019-04-30", "Latitude": 47.68795268, "Longitude": -122.38845117, "Location1": "(47.68795268, -122.38845117)" }, "geometry": { "type": "Point", "coordinates": [ -122.3884512, 47.6879527 ] } },
{ "type": "Feature", "properties": { "PermitNum": "6701569-DM", "HousingUnitsRemoved": "", "IssuedDate": "2019-09-30", "Latitude": 47.65999864, "Longitude": -122.33172078, "Location1": "(47.65999864, -122.33172078)" }, "geometry": { "type": "Point", "coordinates": [ -122.3317208, 47.6599986 ] } },
{ "type": "Feature", "properties": { "PermitNum": "6692547-DM", "HousingUnitsRemoved": "1", "IssuedDate": "2019-05-21", "Latitude": 47.62470488, "Longitude": -122.31291782, "Location1": "(47.62470488, -122.31291782)" }, "geometry": { "type": "Point", "coordinates": [ -122.3129178, 47.6247049 ] } },
{ "type": "Feature", "properties": { "PermitNum": "6694869-DM", "HousingUnitsRemoved": "", "IssuedDate": "2019-04-19", "Latitude": 47.61260595, "Longitude": -122.29854593, "Location1": "(47.61260595, -122.29854593)" }, "geometry": { "type": "Point", "coordinates": [ -122.2985459, 47.612606 ] } },
{ "type": "Feature", "properties": { "PermitNum": "6696978-DM", "HousingUnitsRemoved": "2", "IssuedDate": "2019-07-17", "Latitude": 47.59820416, "Longitude": -122.31038413, "Location1": "(47.59820416, -122.31038413)" }, "geometry": { "type": "Point", "coordinates": [ -122.3103841, 47.5982042 ] } },
{ "type": "Feature", "properties": { "PermitNum": "6697306-DM", "HousingUnitsRemoved": "", "IssuedDate": "2020-04-24", "Latitude": 47.61260386, "Longitude": -122.28901625, "Location1": "(47.61260386, -122.28901625)" }, "geometry": { "type": "Point", "coordinates": [ -122.2890163, 47.6126039 ] } },
{ "type": "Feature", "properties": { "PermitNum": "6735677-DM", "HousingUnitsRemoved": "1", "IssuedDate": "2019-10-10", "Latitude": 47.59185483, "Longitude": -122.29688287, "Location1": "(47.59185483, -122.29688287)" }, "geometry": { "type": "Point", "coordinates": [ -122.2968829, 47.5918548 ] } },
{ "type": "Feature", "properties": { "PermitNum": "6735828-DM", "HousingUnitsRemoved": "1", "IssuedDate": "2020-08-18", "Latitude": 47.69733568, "Longitude": -122.37444414, "Location1": "(47.69733568, -122.37444414)" }, "geometry": { "type": "Point", "coordinates": [ -122.3744441, 47.6973357 ] } },
{ "type": "Feature", "properties": { "PermitNum": "6735910-DM", "HousingUnitsRemoved": "1", "IssuedDate": "2019-09-05", "Latitude": 47.68033875, "Longitude": -122.38626616000001, "Location1": "(47.68033875, -122.38626616)" }, "geometry": { "type": "Point", "coordinates": [ -122.3862662, 47.6803387 ] } },
{ "type": "Feature", "properties": { "PermitNum": "6735914-DM", "HousingUnitsRemoved": "", "IssuedDate": "2019-07-26", "Latitude": 47.54842999, "Longitude": -122.30897696, "Location1": "(47.54842999, -122.30897696)" }, "geometry": { "type": "Point", "coordinates": [ -122.308977, 47.54843 ] } },
{ "type": "Feature", "properties": { "PermitNum": "6736319-DM", "HousingUnitsRemoved": "4", "IssuedDate": "2020-04-08", "Latitude": 47.67785091, "Longitude": -122.31851642, "Location1": "(47.67785091, -122.31851642)" }, "geometry": { "type": "Point", "coordinates": [ -122.3185164, 47.6778509 ] } },
{ "type": "Feature", "properties": { "PermitNum": "6738675-DM", "HousingUnitsRemoved": "1", "IssuedDate": "2019-10-18", "Latitude": 47.66431681, "Longitude": -122.30865503, "Location1": "(47.66431681, -122.30865503)" }, "geometry": { "type": "Point", "coordinates": [ -122.308655, 47.6643168 ] } },
{ "type": "Feature", "properties": { "PermitNum": "6739658-DM", "HousingUnitsRemoved": "", "IssuedDate": "2020-07-23", "Latitude": 47.63491626, "Longitude": -122.28173689, "Location1": "(47.63491626, -122.28173689)" }, "geometry": { "type": "Point", "coordinates": [ -122.2817369, 47.6349163 ] } },
{ "type": "Feature", "properties": { "PermitNum": "6740334-DM", "HousingUnitsRemoved": "1", "IssuedDate": "2020-01-10", "Latitude": 47.53369114, "Longitude": -122.38173677, "Location1": "(47.53369114, -122.38173677)" }, "geometry": { "type": "Point", "coordinates": [ -122.3817368, 47.5336911 ] } },
{ "type": "Feature", "properties": { "PermitNum": "6740439-DM", "HousingUnitsRemoved": "", "IssuedDate": "2020-02-21", "Latitude": 47.68075875, "Longitude": -122.26934188, "Location1": "(47.68075875, -122.26934188)" }, "geometry": { "type": "Point", "coordinates": [ -122.2693419, 47.6807588 ] } },
{ "type": "Feature", "properties": { "PermitNum": "6781561-DM", "HousingUnitsRemoved": "0", "IssuedDate": "2020-09-02", "Latitude": 47.65777595, "Longitude": -122.31526627, "Location1": "(47.65777595, -122.31526627)" }, "geometry": { "type": "Point", "coordinates": [ -122.3152663, 47.657776 ] } },
{ "type": "Feature", "properties": { "PermitNum": "6782324-DM", "HousingUnitsRemoved": "1", "IssuedDate": "2022-10-07", "Latitude": 47.54169356, "Longitude": -122.38864439, "Location1": "(47.54169356, -122.38864439)" }, "geometry": { "type": "Point", "coordinates": [ -122.3886444, 47.5416936 ] } },
{ "type": "Feature", "properties": { "PermitNum": "6782570-DM", "HousingUnitsRemoved": "1", "IssuedDate": "2020-06-22", "Latitude": 47.58091005, "Longitude": -122.38893819, "Location1": "(47.58091005, -122.38893819)" }, "geometry": { "type": "Point", "coordinates": [ -122.3889382, 47.58091 ] } },
{ "type": "Feature", "properties": { "PermitNum": "6782859-DM", "HousingUnitsRemoved": "0", "IssuedDate": "2020-10-19", "Latitude": 47.57419655, "Longitude": -122.31166245, "Location1": "(47.57419655, -122.31166245)" }, "geometry": { "type": "Point", "coordinates": [ -122.3116625, 47.5741966 ] } },
{ "type": "Feature", "properties": { "PermitNum": "6783152-DM", "HousingUnitsRemoved": "0", "IssuedDate": "2020-09-18", "Latitude": 47.57647291, "Longitude": -122.41633709, "Location1": "(47.57647291, -122.41633709)" }, "geometry": { "type": "Point", "coordinates": [ -122.4163371, 47.5764729 ] } },
{ "type": "Feature", "properties": { "PermitNum": "6784393-DM", "HousingUnitsRemoved": "1", "IssuedDate": "2020-07-08", "Latitude": 47.70064777, "Longitude": -122.386653, "Location1": "(47.70064777, -122.386653)" }, "geometry": { "type": "Point", "coordinates": [ -122.386653, 47.7006478 ] } },
{ "type": "Feature", "properties": { "PermitNum": "6830837-DM", "HousingUnitsRemoved": "", "IssuedDate": "2021-05-04", "Latitude": 47.65243815, "Longitude": -122.34162814, "Location1": "(47.65243815, -122.34162814)" }, "geometry": { "type": "Point", "coordinates": [ -122.3416281, 47.6524382 ] } },
{ "type": "Feature", "properties": { "PermitNum": "6831989-DM", "HousingUnitsRemoved": "", "IssuedDate": "2022-03-23", "Latitude": 47.67214222, "Longitude": -122.37531231, "Location1": "(47.67214222, -122.37531231)" }, "geometry": { "type": "Point", "coordinates": [ -122.3753123, 47.6721422 ] } },
{ "type": "Feature", "properties": { "PermitNum": "6881133-DM", "HousingUnitsRemoved": "2", "IssuedDate": "2022-12-13", "Latitude": 47.67403809, "Longitude": -122.38557817, "Location1": "(47.67403809, -122.38557817)" }, "geometry": { "type": "Point", "coordinates": [ -122.3855782, 47.6740381 ] } },
{ "type": "Feature", "properties": { "PermitNum": "6882579-DM", "HousingUnitsRemoved": "1", "IssuedDate": "2022-06-01", "Latitude": 47.5543198, "Longitude": -122.33344509, "Location1": "(47.5543198, -122.33344509)" }, "geometry": { "type": "Point", "coordinates": [ -122.3334451, 47.5543198 ] } },
{ "type": "Feature", "properties": { "PermitNum": "6883135-DM", "HousingUnitsRemoved": "", "IssuedDate": "2022-06-14", "Latitude": 47.56667259, "Longitude": -122.2741934, "Location1": "(47.56667259, -122.2741934)" }, "geometry": { "type": "Point", "coordinates": [ -122.2741934, 47.5666726 ] } },
{ "type": "Feature", "properties": { "PermitNum": "6883534-DM", "HousingUnitsRemoved": "1", "IssuedDate": "2022-09-06", "Latitude": 47.64488806, "Longitude": -122.39532635, "Location1": "(47.64488806, -122.39532635)" }, "geometry": { "type": "Point", "coordinates": [ -122.3953264, 47.6448881 ] } },
{ "type": "Feature", "properties": { "PermitNum": "6688574-DM", "HousingUnitsRemoved": "", "IssuedDate": "2020-03-31", "Location1": "" }, "geometry": null },
{ "type": "Feature", "properties": { "PermitNum": "6691055-DM", "HousingUnitsRemoved": "1", "IssuedDate": "2020-05-07", "Latitude": 47.632697, "Longitude": -122.34693072, "Location1": "(47.632697, -122.34693072)" }, "geometry": { "type": "Point", "coordinates": [ -122.3469307, 47.632697 ] } },
{ "type": "Feature", "properties": { "PermitNum": "6691170-DM", "HousingUnitsRemoved": "3", "IssuedDate": "2019-11-19", "Latitude": 47.55040857, "Longitude": -122.28647098, "Location1": "(47.55040857, -122.28647098)" }, "geometry": { "type": "Point", "coordinates": [ -122.286471, 47.5504086 ] } },
{ "type": "Feature", "properties": { "PermitNum": "6731895-DM", "HousingUnitsRemoved": "", "IssuedDate": "2019-12-16", "Latitude": 47.55350965, "Longitude": -122.36517969000001, "Location1": "(47.55350965, -122.36517969)" }, "geometry": { "type": "Point", "coordinates": [ -122.3651797, 47.5535097 ] } },
{ "type": "Feature", "properties": { "PermitNum": "6734902-DM", "HousingUnitsRemoved": "1", "IssuedDate": "2022-08-05", "Latitude": 47.54585074, "Longitude": -122.38419928, "Location1": "(47.54585074, -122.38419928)" }, "geometry": { "type": "Point", "coordinates": [ -122.3841993, 47.5458507 ] } },
{ "type": "Feature", "properties": { "PermitNum": "6777641-DM", "HousingUnitsRemoved": "1", "IssuedDate": "2020-07-14", "Latitude": 47.68654429, "Longitude": -122.28714852, "Location1": "(47.68654429, -122.28714852)" }, "geometry": { "type": "Point", "coordinates": [ -122.2871485, 47.6865443 ] } },
{ "type": "Feature", "properties": { "PermitNum": "6778288-DM", "HousingUnitsRemoved": "28", "IssuedDate": "2022-11-22", "Latitude": 47.60089061, "Longitude": -122.30848862000001, "Location1": "(47.60089061, -122.30848862)" }, "geometry": { "type": "Point", "coordinates": [ -122.3084886, 47.6008906 ] } },
{ "type": "Feature", "properties": { "PermitNum": "6778455-DM", "HousingUnitsRemoved": "1", "IssuedDate": "2020-11-05", "Latitude": 47.6185191, "Longitude": -122.29832271, "Location1": "(47.6185191, -122.29832271)" }, "geometry": { "type": "Point", "coordinates": [ -122.2983227, 47.6185191 ] } },
{ "type": "Feature", "properties": { "PermitNum": "6778777-DM", "HousingUnitsRemoved": "", "IssuedDate": "2020-04-07", "Latitude": 47.68685432, "Longitude": -122.28022605, "Location1": "(47.68685432, -122.28022605)" }, "geometry": { "type": "Point", "coordinates": [ -122.280226, 47.6868543 ] } },
{ "type": "Feature", "properties": { "PermitNum": "6684483-DM", "HousingUnitsRemoved": "1", "IssuedDate": "2018-11-07", "Latitude": 47.70240437, "Longitude": -122.35311262, "Location1": "(47.70240437, -122.35311262)" }, "geometry": { "type": "Point", "coordinates": [ -122.3531126, 47.7024044 ] } },
{ "type": "Feature", "properties": { "PermitNum": "6684926-DM", "HousingUnitsRemoved": "", "IssuedDate": "2019-11-21", "Latitude": 47.55317284, "Longitude": -122.29128694000001, "Location1": "(47.55317284, -122.29128694)" }, "geometry": { "type": "Point", "coordinates": [ -122.2912869, 47.5531728 ] } },
{ "type": "Feature", "properties": { "PermitNum": "6685081-DM", "HousingUnitsRemoved": "", "IssuedDate": "2019-01-08", "Latitude": 47.69139513, "Longitude": -122.32330436, "Location1": "(47.69139513, -122.32330436)" }, "geometry": { "type": "Point", "coordinates": [ -122.3233044, 47.6913951 ] } },
{ "type": "Feature", "properties": { "PermitNum": "6686743-DM", "HousingUnitsRemoved": "", "IssuedDate": "2019-03-26", "Latitude": 47.57255729, "Longitude": -122.30882601, "Location1": "(47.57255729, -122.30882601)" }, "geometry": { "type": "Point", "coordinates": [ -122.308826, 47.5725573 ] } },
{ "type": "Feature", "properties": { "PermitNum": "6688280-DM", "HousingUnitsRemoved": "", "IssuedDate": "2019-04-09", "Latitude": 47.54624495, "Longitude": -122.39493559, "Location1": "(47.54624495, -122.39493559)" }, "geometry": { "type": "Point", "coordinates": [ -122.3949356, 47.546245 ] } },
{ "type": "Feature", "properties": { "PermitNum": "6722923-DM", "HousingUnitsRemoved": "", "IssuedDate": "2020-09-09", "Latitude": 47.66703974, "Longitude": -122.28422424, "Location1": "(47.66703974, -122.28422424)" }, "geometry": { "type": "Point", "coordinates": [ -122.2842242, 47.6670397 ] } },
{ "type": "Feature", "properties": { "PermitNum": "6723169-DM", "HousingUnitsRemoved": "1", "IssuedDate": "2019-04-18", "Latitude": 47.52967422, "Longitude": -122.32469249, "Location1": "(47.52967422, -122.32469249)" }, "geometry": { "type": "Point", "coordinates": [ -122.3246925, 47.5296742 ] } },
{ "type": "Feature", "properties": { "PermitNum": "6723449-DM", "HousingUnitsRemoved": "6", "IssuedDate": "2020-03-11", "Latitude": 47.61741244, "Longitude": -122.31352084, "Location1": "(47.61741244, -122.31352084)" }, "geometry": { "type": "Point", "coordinates": [ -122.3135208, 47.6174124 ] } },
{ "type": "Feature", "properties": { "PermitNum": "6724309-DM", "HousingUnitsRemoved": "1", "IssuedDate": "2019-07-15", "Latitude": 47.53759615, "Longitude": -122.27765731, "Location1": "(47.53759615, -122.27765731)" }, "geometry": { "type": "Point", "coordinates": [ -122.2776573, 47.5375961 ] } },
{ "type": "Feature", "properties": { "PermitNum": "6724545-DM", "HousingUnitsRemoved": "", "IssuedDate": "2019-04-26", "Latitude": 47.53286956, "Longitude": -122.32327341, "Location1": "(47.53286956, -122.32327341)" }, "geometry": { "type": "Point", "coordinates": [ -122.3232734, 47.5328696 ] } },
{ "type": "Feature", "properties": { "PermitNum": "6724557-DM", "HousingUnitsRemoved": "0", "IssuedDate": "2018-10-17", "Latitude": 47.69886919, "Longitude": -122.30664914, "Location1": "(47.69886919, -122.30664914)" }, "geometry": { "type": "Point", "coordinates": [ -122.3066491, 47.6988692 ] } },
{ "type": "Feature", "properties": { "PermitNum": "6727739-DM", "HousingUnitsRemoved": "", "IssuedDate": "2019-10-22", "Latitude": 47.70948218, "Longitude": -122.28286845, "Location1": "(47.70948218, -122.28286845)" }, "geometry": { "type": "Point", "coordinates": [ -122.2828684, 47.7094822 ] } },
{ "type": "Feature", "properties": { "PermitNum": "6728953-DM", "HousingUnitsRemoved": "0", "IssuedDate": "2019-06-12", "Latitude": 47.58222616, "Longitude": -122.39312006, "Location1": "(47.58222616, -122.39312006)" }, "geometry": { "type": "Point", "coordinates": [ -122.3931201, 47.5822262 ] } },
{ "type": "Feature", "properties": { "PermitNum": "6771341-DM", "HousingUnitsRemoved": "1", "IssuedDate": "2020-12-01", "Latitude": 47.67032905, "Longitude": -122.37184662, "Location1": "(47.67032905, -122.37184662)" }, "geometry": { "type": "Point", "coordinates": [ -122.3718466, 47.670329 ] } },
{ "type": "Feature", "properties": { "PermitNum": "6771355-DM", "HousingUnitsRemoved": "0", "IssuedDate": "2020-11-30", "Latitude": 47.72061626, "Longitude": -122.29374993, "Location1": "(47.72061626, -122.29374993)" }, "geometry": { "type": "Point", "coordinates": [ -122.2937499, 47.7206163 ] } },
{ "type": "Feature", "properties": { "PermitNum": "6771366-DM", "HousingUnitsRemoved": "0", "IssuedDate": "2022-02-11", "Latitude": 47.63188568, "Longitude": -122.31220894, "Location1": "(47.63188568, -122.31220894)" }, "geometry": { "type": "Point", "coordinates": [ -122.3122089, 47.6318857 ] } },
{ "type": "Feature", "properties": { "PermitNum": "6775179-DM", "HousingUnitsRemoved": "", "IssuedDate": "2020-03-13", "Latitude": 47.6947429, "Longitude": -122.34581116, "Location1": "(47.6947429, -122.34581116)" }, "geometry": { "type": "Point", "coordinates": [ -122.3458112, 47.6947429 ] } },
{ "type": "Feature", "properties": { "PermitNum": "6775970-DM", "HousingUnitsRemoved": "1", "IssuedDate": "2020-12-31", "Latitude": 47.61202541, "Longitude": -122.2901058, "Location1": "(47.61202541, -122.2901058)" }, "geometry": { "type": "Point", "coordinates": [ -122.2901058, 47.6120254 ] } },
{ "type": "Feature", "properties": { "PermitNum": "6776630-DM", "HousingUnitsRemoved": "1", "IssuedDate": "2020-06-12", "Latitude": 47.68698886, "Longitude": -122.2756874, "Location1": "(47.68698886, -122.2756874)" }, "geometry": { "type": "Point", "coordinates": [ -122.2756874, 47.6869889 ] } },
{ "type": "Feature", "properties": { "PermitNum": "6817324-DM", "HousingUnitsRemoved": "", "IssuedDate": "2021-11-11", "Latitude": 47.58634194, "Longitude": -122.39395238, "Location1": "(47.58634194, -122.39395238)" }, "geometry": { "type": "Point", "coordinates": [ -122.3939524, 47.5863419 ] } },
{ "type": "Feature", "properties": { "PermitNum": "6818586-DM", "HousingUnitsRemoved": "", "IssuedDate": "2021-02-05", "Latitude": 47.7016149, "Longitude": -122.35633938, "Location1": "(47.7016149, -122.35633938)" }, "geometry": { "type": "Point", "coordinates": [ -122.3563394, 47.7016149 ] } },
{ "type": "Feature", "properties": { "PermitNum": "6819132-DM", "HousingUnitsRemoved": "3", "IssuedDate": "2021-12-28", "Latitude": 47.67429516, "Longitude": -122.38849297, "Location1": "(47.67429516, -122.38849297)" }, "geometry": { "type": "Point", "coordinates": [ -122.388493, 47.6742952 ] } },
{ "type": "Feature", "properties": { "PermitNum": "6864350-DM", "HousingUnitsRemoved": "", "IssuedDate": "2022-08-02", "Latitude": 47.69013401, "Longitude": -122.35094367000001, "Location1": "(47.69013401, -122.35094367)" }, "geometry": { "type": "Point", "coordinates": [ -122.3509437, 47.690134 ] } },
{ "type": "Feature", "properties": { "PermitNum": "6864368-DM", "HousingUnitsRemoved": "", "IssuedDate": "2022-11-01", "Latitude": 47.68961502, "Longitude": -122.36806811, "Location1": "(47.68961502, -122.36806811)" }, "geometry": { "type": "Point", "coordinates": [ -122.3680681, 47.689615 ] } },
{ "type": "Feature", "properties": { "PermitNum": "6765163-DM", "HousingUnitsRemoved": "", "IssuedDate": "2020-02-21", "Latitude": 47.57246243, "Longitude": -122.3094313, "Location1": "(47.57246243, -122.3094313)" }, "geometry": { "type": "Point", "coordinates": [ -122.3094313, 47.5724624 ] } },
{ "type": "Feature", "properties": { "PermitNum": "6765682-DM", "HousingUnitsRemoved": "", "IssuedDate": "2020-09-10", "Latitude": 47.66330645, "Longitude": -122.34767505000001, "Location1": "(47.66330645, -122.34767505)" }, "geometry": { "type": "Point", "coordinates": [ -122.3476751, 47.6633065 ] } },
{ "type": "Feature", "properties": { "PermitNum": "6768704-DM", "HousingUnitsRemoved": "2", "IssuedDate": "2020-11-16", "Latitude": 47.65762871, "Longitude": -122.336531, "Location1": "(47.65762871, -122.336531)" }, "geometry": { "type": "Point", "coordinates": [ -122.336531, 47.6576287 ] } },
{ "type": "Feature", "properties": { "PermitNum": "6770518-DM", "HousingUnitsRemoved": "2", "IssuedDate": "2022-03-16", "Latitude": 47.72011019, "Longitude": -122.30363707, "Location1": "(47.72011019, -122.30363707)" }, "geometry": { "type": "Point", "coordinates": [ -122.3036371, 47.7201102 ] } },
{ "type": "Feature", "properties": { "PermitNum": "6809548-DM", "HousingUnitsRemoved": "", "IssuedDate": "2022-05-17", "Latitude": 47.61339063, "Longitude": -122.30464967, "Location1": "(47.61339063, -122.30464967)" }, "geometry": { "type": "Point", "coordinates": [ -122.3046497, 47.6133906 ] } },
{ "type": "Feature", "properties": { "PermitNum": "6811461-DM", "HousingUnitsRemoved": "1", "IssuedDate": "2021-05-10", "Latitude": 47.6879293, "Longitude": -122.38894585, "Location1": "(47.6879293, -122.38894585)" }, "geometry": { "type": "Point", "coordinates": [ -122.3889458, 47.6879293 ] } },
{ "type": "Feature", "properties": { "PermitNum": "6814897-DM", "HousingUnitsRemoved": "", "IssuedDate": "2021-01-08", "Latitude": 47.63698124, "Longitude": -122.36335985, "Location1": "(47.63698124, -122.36335985)" }, "geometry": { "type": "Point", "coordinates": [ -122.3633598, 47.6369812 ] } },
{ "type": "Feature", "properties": { "PermitNum": "6860631-DM", "HousingUnitsRemoved": "1", "IssuedDate": "2022-11-21", "Latitude": 47.70485857, "Longitude": -122.33518833, "Location1": "(47.70485857, -122.33518833)" }, "geometry": { "type": "Point", "coordinates": [ -122.3351883, 47.7048586 ] } },
{ "type": "Feature", "properties": { "PermitNum": "6860829-DM", "HousingUnitsRemoved": "1", "IssuedDate": "2022-04-21", "Latitude": 47.67387545, "Longitude": -122.36541246, "Location1": "(47.67387545, -122.36541246)" }, "geometry": { "type": "Point", "coordinates": [ -122.3654125, 47.6738754 ] } },
{ "type": "Feature", "properties": { "PermitNum": "6862272-DM", "HousingUnitsRemoved": "1", "IssuedDate": "2022-11-02", "Latitude": 47.53821664, "Longitude": -122.27759794000001, "Location1": "(47.53821664, -122.27759794)" }, "geometry": { "type": "Point", "coordinates": [ -122.2775979, 47.5382166 ] } },
{ "type": "Feature", "properties": { "PermitNum": "6863248-DM", "HousingUnitsRemoved": "1", "IssuedDate": "2022-09-06", "Latitude": 47.5559786, "Longitude": -122.38194846, "Location1": "(47.5559786, -122.38194846)" }, "geometry": { "type": "Point", "coordinates": [ -122.3819485, 47.5559786 ] } },
{ "type": "Feature", "properties": { "PermitNum": "6910270-DM", "HousingUnitsRemoved": "1", "IssuedDate": "2022-12-19", "Latitude": 47.73101861, "Longitude": -122.33997792, "Location1": "(47.73101861, -122.33997792)" }, "geometry": { "type": "Point", "coordinates": [ -122.3399779, 47.7310186 ] } },
{ "type": "Feature", "properties": { "PermitNum": "6913525-DM", "HousingUnitsRemoved": "", "IssuedDate": "2022-11-02", "Latitude": 47.58001479, "Longitude": -122.38429678, "Location1": "(47.58001479, -122.38429678)" }, "geometry": { "type": "Point", "coordinates": [ -122.3842968, 47.5800148 ] } },
{ "type": "Feature", "properties": { "PermitNum": "6708013-DM", "HousingUnitsRemoved": "1", "IssuedDate": "2019-08-02", "Latitude": 47.63048968, "Longitude": -122.28230331, "Location1": "(47.63048968, -122.28230331)" }, "geometry": { "type": "Point", "coordinates": [ -122.2823033, 47.6304897 ] } },
{ "type": "Feature", "properties": { "PermitNum": "6708999-DM", "HousingUnitsRemoved": "", "IssuedDate": "2019-08-07", "Latitude": 47.66447394, "Longitude": -122.35173478, "Location1": "(47.66447394, -122.35173478)" }, "geometry": { "type": "Point", "coordinates": [ -122.3517348, 47.6644739 ] } },
{ "type": "Feature", "properties": { "PermitNum": "6710767-DM", "HousingUnitsRemoved": "", "IssuedDate": "2021-03-22", "Latitude": 47.62512299, "Longitude": -122.31599361000001, "Location1": "(47.62512299, -122.31599361)" }, "geometry": { "type": "Point", "coordinates": [ -122.3159936, 47.625123 ] } },
{ "type": "Feature", "properties": { "PermitNum": "6711471-DM", "HousingUnitsRemoved": "", "IssuedDate": "2019-08-16", "Latitude": 47.51987357, "Longitude": -122.37646766, "Location1": "(47.51987357, -122.37646766)" }, "geometry": { "type": "Point", "coordinates": [ -122.3764677, 47.5198736 ] } },
{ "type": "Feature", "properties": { "PermitNum": "6757570-DM", "HousingUnitsRemoved": "1", "IssuedDate": "2021-07-21", "Latitude": 47.68213807, "Longitude": -122.31565719, "Location1": "(47.68213807, -122.31565719)" }, "geometry": { "type": "Point", "coordinates": [ -122.3156572, 47.6821381 ] } },
{ "type": "Feature", "properties": { "PermitNum": "6757819-DM", "HousingUnitsRemoved": "", "IssuedDate": "2020-04-01", "Latitude": 47.68601529, "Longitude": -122.34021596, "Location1": "(47.68601529, -122.34021596)" }, "geometry": { "type": "Point", "coordinates": [ -122.340216, 47.6860153 ] } },
{ "type": "Feature", "properties": { "PermitNum": "6798401-DM", "HousingUnitsRemoved": "1", "IssuedDate": "2021-01-04", "Latitude": 47.68010678, "Longitude": -122.39363234, "Location1": "(47.68010678, -122.39363234)" }, "geometry": { "type": "Point", "coordinates": [ -122.3936323, 47.6801068 ] } },
{ "type": "Feature", "properties": { "PermitNum": "6798809-DM", "HousingUnitsRemoved": "1", "IssuedDate": "2020-12-04", "Latitude": 47.69294633, "Longitude": -122.32168227, "Location1": "(47.69294633, -122.32168227)" }, "geometry": { "type": "Point", "coordinates": [ -122.3216823, 47.6929463 ] } },
{ "type": "Feature", "properties": { "PermitNum": "6799807-DM", "HousingUnitsRemoved": "3", "IssuedDate": "2021-07-20", "Latitude": 47.63992265, "Longitude": -122.37586711, "Location1": "(47.63992265, -122.37586711)" }, "geometry": { "type": "Point", "coordinates": [ -122.3758671, 47.6399227 ] } },
{ "type": "Feature", "properties": { "PermitNum": "6800814-DM", "HousingUnitsRemoved": "", "IssuedDate": "2022-03-10", "Latitude": 47.68561924, "Longitude": -122.27616227, "Location1": "(47.68561924, -122.27616227)" }, "geometry": { "type": "Point", "coordinates": [ -122.2761623, 47.6856192 ] } },
{ "type": "Feature", "properties": { "PermitNum": "6800844-DM", "HousingUnitsRemoved": "", "IssuedDate": "2021-06-24", "Latitude": 47.57227356, "Longitude": -122.31011751, "Location1": "(47.57227356, -122.31011751)" }, "geometry": { "type": "Point", "coordinates": [ -122.3101175, 47.5722736 ] } },
{ "type": "Feature", "properties": { "PermitNum": "6802091-DM", "HousingUnitsRemoved": "1", "IssuedDate": "2020-09-30", "Latitude": 47.70965413, "Longitude": -122.29584011, "Location1": "(47.70965413, -122.29584011)" }, "geometry": { "type": "Point", "coordinates": [ -122.2958401, 47.7096541 ] } },
{ "type": "Feature", "properties": { "PermitNum": "6846086-DM", "HousingUnitsRemoved": "", "IssuedDate": "2022-04-01", "Latitude": 47.55686013, "Longitude": -122.28285769, "Location1": "(47.55686013, -122.28285769)" }, "geometry": { "type": "Point", "coordinates": [ -122.2828577, 47.5568601 ] } },
{ "type": "Feature", "properties": { "PermitNum": "6847252-DM", "HousingUnitsRemoved": "", "IssuedDate": "2022-02-09", "Latitude": 47.65291965, "Longitude": -122.35419643, "Location1": "(47.65291965, -122.35419643)" }, "geometry": { "type": "Point", "coordinates": [ -122.3541964, 47.6529197 ] } },
{ "type": "Feature", "properties": { "PermitNum": "6849235-DM", "HousingUnitsRemoved": "1", "IssuedDate": "2022-03-10", "Latitude": 47.60541759, "Longitude": -122.30994519, "Location1": "(47.60541759, -122.30994519)" }, "geometry": { "type": "Point", "coordinates": [ -122.3099452, 47.6054176 ] } },
{ "type": "Feature", "properties": { "PermitNum": "6849936-DM", "HousingUnitsRemoved": "", "IssuedDate": "2021-12-02", "Latitude": 47.67380235, "Longitude": -122.31904981, "Location1": "(47.67380235, -122.31904981)" }, "geometry": { "type": "Point", "coordinates": [ -122.3190498, 47.6738024 ] } },
{ "type": "Feature", "properties": { "PermitNum": "6850341-DM", "HousingUnitsRemoved": "1", "IssuedDate": "2021-09-23", "Latitude": 47.68901273, "Longitude": -122.2925335, "Location1": "(47.68901273, -122.2925335)" }, "geometry": { "type": "Point", "coordinates": [ -122.2925335, 47.6890127 ] } },
{ "type": "Feature", "properties": { "PermitNum": "6850942-DM", "HousingUnitsRemoved": "", "IssuedDate": "2021-10-14", "Latitude": 47.57916962, "Longitude": -122.31627045, "Location1": "(47.57916962, -122.31627045)" }, "geometry": { "type": "Point", "coordinates": [ -122.3162705, 47.5791696 ] } },
{ "type": "Feature", "properties": { "PermitNum": "6895881-DM", "HousingUnitsRemoved": "", "IssuedDate": "2022-07-06", "Latitude": 47.6857537, "Longitude": -122.37761902, "Location1": "(47.6857537, -122.37761902)" }, "geometry": { "type": "Point", "coordinates": [ -122.377619, 47.6857537 ] } },
{ "type": "Feature", "properties": { "PermitNum": "6899853-DM", "HousingUnitsRemoved": "1", "IssuedDate": "2022-08-29", "Latitude": 47.67000601, "Longitude": -122.39403308, "Location1": "(47.67000601, -122.39403308)" }, "geometry": { "type": "Point", "coordinates": [ -122.3940331, 47.670006 ] } },
{ "type": "Feature", "properties": { "PermitNum": "6900373-DM", "HousingUnitsRemoved": "1", "IssuedDate": "2022-07-29", "Latitude": 47.58930911, "Longitude": -122.28759059, "Location1": "(47.58930911, -122.28759059)" }, "geometry": { "type": "Point", "coordinates": [ -122.2875906, 47.5893091 ] } },
{ "type": "Feature", "properties": { "PermitNum": "6891911-DM", "HousingUnitsRemoved": "1", "IssuedDate": "2022-10-28", "Latitude": 47.68637065, "Longitude": -122.31309214, "Location1": "(47.68637065, -122.31309214)" }, "geometry": { "type": "Point", "coordinates": [ -122.3130921, 47.6863707 ] } },
{ "type": "Feature", "properties": { "PermitNum": "6893524-DM", "HousingUnitsRemoved": "", "IssuedDate": "2022-09-14", "Latitude": 47.58680605, "Longitude": -122.297717, "Location1": "(47.58680605, -122.297717)" }, "geometry": { "type": "Point", "coordinates": [ -122.297717, 47.586806 ] } },
{ "type": "Feature", "properties": { "PermitNum": "6741500-DM", "HousingUnitsRemoved": "1", "IssuedDate": "2020-03-16", "Latitude": 47.62957648, "Longitude": -122.34269756, "Location1": "(47.62957648, -122.34269756)" }, "geometry": { "type": "Point", "coordinates": [ -122.3426976, 47.6295765 ] } },
{ "type": "Feature", "properties": { "PermitNum": "6743168-DM", "HousingUnitsRemoved": "", "IssuedDate": "2021-11-10", "Latitude": 47.67052205, "Longitude": -122.29055635, "Location1": "(47.67052205, -122.29055635)" }, "geometry": { "type": "Point", "coordinates": [ -122.2905564, 47.6705221 ] } },
{ "type": "Feature", "properties": { "PermitNum": "6746344-DM", "HousingUnitsRemoved": "1", "IssuedDate": "2020-06-17", "Latitude": 47.57614633, "Longitude": -122.41572489000001, "Location1": "(47.57614633, -122.41572489)" }, "geometry": { "type": "Point", "coordinates": [ -122.4157249, 47.5761463 ] } },
{ "type": "Feature", "properties": { "PermitNum": "6786578-DM", "HousingUnitsRemoved": "", "IssuedDate": "2020-06-12", "Latitude": 47.62439196, "Longitude": -122.31908597, "Location1": "(47.62439196, -122.31908597)" }, "geometry": { "type": "Point", "coordinates": [ -122.319086, 47.624392 ] } },
{ "type": "Feature", "properties": { "PermitNum": "6786740-DM", "HousingUnitsRemoved": "1", "IssuedDate": "2020-08-25", "Latitude": 47.68015265, "Longitude": -122.35102933, "Location1": "(47.68015265, -122.35102933)" }, "geometry": { "type": "Point", "coordinates": [ -122.3510293, 47.6801526 ] } },
{ "type": "Feature", "properties": { "PermitNum": "6787943-DM", "HousingUnitsRemoved": "1", "IssuedDate": "2021-02-08", "Latitude": 47.69331906, "Longitude": -122.29213487, "Location1": "(47.69331906, -122.29213487)" }, "geometry": { "type": "Point", "coordinates": [ -122.2921349, 47.6933191 ] } },
{ "type": "Feature", "properties": { "PermitNum": "6788528-DM", "HousingUnitsRemoved": "1", "IssuedDate": "2020-07-21", "Latitude": 47.68794385, "Longitude": -122.37516465, "Location1": "(47.68794385, -122.37516465)" }, "geometry": { "type": "Point", "coordinates": [ -122.3751647, 47.6879439 ] } },
{ "type": "Feature", "properties": { "PermitNum": "6788590-DM", "HousingUnitsRemoved": "4", "IssuedDate": "2020-09-25", "Latitude": 47.65457662, "Longitude": -122.37334386000001, "Location1": "(47.65457662, -122.37334386)" }, "geometry": { "type": "Point", "coordinates": [ -122.3733439, 47.6545766 ] } },
{ "type": "Feature", "properties": { "PermitNum": "6789625-DM", "HousingUnitsRemoved": "1", "IssuedDate": "2021-07-22", "Latitude": 47.5955219, "Longitude": -122.28983062, "Location1": "(47.5955219, -122.28983062)" }, "geometry": { "type": "Point", "coordinates": [ -122.2898306, 47.5955219 ] } },
{ "type": "Feature", "properties": { "PermitNum": "6790097-DM", "HousingUnitsRemoved": "0", "IssuedDate": "2021-11-15", "Latitude": 47.58783944, "Longitude": -122.30492396, "Location1": "(47.58783944, -122.30492396)" }, "geometry": { "type": "Point", "coordinates": [ -122.304924, 47.5878394 ] } },
{ "type": "Feature", "properties": { "PermitNum": "6790546-DM", "HousingUnitsRemoved": "", "IssuedDate": "2020-12-17", "Latitude": 47.60035823, "Longitude": -122.31059434, "Location1": "(47.60035823, -122.31059434)" }, "geometry": { "type": "Point", "coordinates": [ -122.3105943, 47.6003582 ] } },
{ "type": "Feature", "properties": { "PermitNum": "6790909-DM", "HousingUnitsRemoved": "1", "IssuedDate": "2022-06-14", "Latitude": 47.55555681, "Longitude": -122.29107406, "Location1": "(47.55555681, -122.29107406)" }, "geometry": { "type": "Point", "coordinates": [ -122.2910741, 47.5555568 ] } },
{ "type": "Feature", "properties": { "PermitNum": "6790930-DM", "HousingUnitsRemoved": "1", "IssuedDate": "2021-09-16", "Latitude": 47.63895125, "Longitude": -122.40525738, "Location1": "(47.63895125, -122.40525738)" }, "geometry": { "type": "Point", "coordinates": [ -122.4052574, 47.6389512 ] } },
{ "type": "Feature", "properties": { "PermitNum": "6791422-DM", "HousingUnitsRemoved": "1", "IssuedDate": "2020-09-10", "Latitude": 47.59252496, "Longitude": -122.29366348000001, "Location1": "(47.59252496, -122.29366348)" }, "geometry": { "type": "Point", "coordinates": [ -122.2936635, 47.592525 ] } },
{ "type": "Feature", "properties": { "PermitNum": "6835422-DM", "HousingUnitsRemoved": "1", "IssuedDate": "2021-08-17", "Latitude": 47.58062071, "Longitude": -122.38817844, "Location1": "(47.58062071, -122.38817844)" }, "geometry": { "type": "Point", "coordinates": [ -122.3881784, 47.5806207 ] } },
{ "type": "Feature", "properties": { "PermitNum": "6837004-DM", "HousingUnitsRemoved": "1", "IssuedDate": "2021-07-27", "Latitude": 47.5479094, "Longitude": -122.38662003, "Location1": "(47.5479094, -122.38662003)" }, "geometry": { "type": "Point", "coordinates": [ -122.38662, 47.5479094 ] } },
{ "type": "Feature", "properties": { "PermitNum": "6780030-DM", "HousingUnitsRemoved": "", "IssuedDate": "2020-07-21", "Latitude": 47.55892056, "Longitude": -122.38588312, "Location1": "(47.55892056, -122.38588312)" }, "geometry": { "type": "Point", "coordinates": [ -122.3858831, 47.5589206 ] } },
{ "type": "Feature", "properties": { "PermitNum": "6821648-DM", "HousingUnitsRemoved": "1", "IssuedDate": "2021-07-08", "Latitude": 47.67921635, "Longitude": -122.38084301000001, "Location1": "(47.67921635, -122.38084301)" }, "geometry": { "type": "Point", "coordinates": [ -122.380843, 47.6792163 ] } },
{ "type": "Feature", "properties": { "PermitNum": "6821896-DM", "HousingUnitsRemoved": "", "IssuedDate": "2022-02-07", "Latitude": 47.65384865, "Longitude": -122.33186498000001, "Location1": "(47.65384865, -122.33186498)" }, "geometry": { "type": "Point", "coordinates": [ -122.331865, 47.6538487 ] } },
{ "type": "Feature", "properties": { "PermitNum": "6870617-DM", "HousingUnitsRemoved": "1", "IssuedDate": "2022-04-14", "Latitude": 47.69473687, "Longitude": -122.31843317000001, "Location1": "(47.69473687, -122.31843317)" }, "geometry": { "type": "Point", "coordinates": [ -122.3184332, 47.6947369 ] } },
{ "type": "Feature", "properties": { "PermitNum": "6871285-DM", "HousingUnitsRemoved": "1", "IssuedDate": "2022-04-27", "Latitude": 47.69407028, "Longitude": -122.30321688, "Location1": "(47.69407028, -122.30321688)" }, "geometry": { "type": "Point", "coordinates": [ -122.3032169, 47.6940703 ] } },
{ "type": "Feature", "properties": { "PermitNum": "6871624-DM", "HousingUnitsRemoved": "0", "IssuedDate": "2022-06-29", "Latitude": 47.66038223, "Longitude": -122.27590854, "Location1": "(47.66038223, -122.27590854)" }, "geometry": { "type": "Point", "coordinates": [ -122.2759085, 47.6603822 ] } },
{ "type": "Feature", "properties": { "PermitNum": "6871779-DM", "HousingUnitsRemoved": "1", "IssuedDate": "2022-01-26", "Latitude": 47.69234613, "Longitude": -122.31131928000001, "Location1": "(47.69234613, -122.31131928)" }, "geometry": { "type": "Point", "coordinates": [ -122.3113193, 47.6923461 ] } },
{ "type": "Feature", "properties": { "PermitNum": "6874581-DM", "HousingUnitsRemoved": "1", "IssuedDate": "2022-01-04", "Latitude": 47.65941333, "Longitude": -122.32669484, "Location1": "(47.65941333, -122.32669484)" }, "geometry": { "type": "Point", "coordinates": [ -122.3266948, 47.6594133 ] } },
{ "type": "Feature", "properties": { "PermitNum": "6874967-DM", "HousingUnitsRemoved": "1", "IssuedDate": "2022-03-22", "Latitude": 47.54049949, "Longitude": -122.27659098, "Location1": "(47.54049949, -122.27659098)" }, "geometry": { "type": "Point", "coordinates": [ -122.276591, 47.5404995 ] } },
{ "type": "Feature", "properties": { "PermitNum": "6867233-DM", "HousingUnitsRemoved": "0", "IssuedDate": "2022-05-13", "Latitude": 47.64519535, "Longitude": -122.38441874, "Location1": "(47.64519535, -122.38441874)" }, "geometry": { "type": "Point", "coordinates": [ -122.3844187, 47.6451954 ] } },
{ "type": "Feature", "properties": { "PermitNum": "6869473-DM", "HousingUnitsRemoved": "1", "IssuedDate": "2022-08-31", "Latitude": 47.65798786, "Longitude": -122.39249637, "Location1": "(47.65798786, -122.39249637)" }, "geometry": { "type": "Point", "coordinates": [ -122.3924964, 47.6579879 ] } },
{ "type": "Feature", "properties": { "PermitNum": "6869774-DM", "HousingUnitsRemoved": "", "IssuedDate": "2022-06-15", "Latitude": 47.67099789, "Longitude": -122.27977472000001, "Location1": "(47.67099789, -122.27977472)" }, "geometry": { "type": "Point", "coordinates": [ -122.2797747, 47.6709979 ] } },
{ "type": "Feature", "properties": { "PermitNum": "6869900-DM", "HousingUnitsRemoved": "", "IssuedDate": "2022-06-17", "Latitude": 47.55312441, "Longitude": -122.37733161, "Location1": "(47.55312441, -122.37733161)" }, "geometry": { "type": "Point", "coordinates": [ -122.3773316, 47.5531244 ] } },
{ "type": "Feature", "properties": { "PermitNum": "6915436-DM", "HousingUnitsRemoved": "", "IssuedDate": "2022-11-13", "Latitude": 47.68232712, "Longitude": -122.34315023000001, "Location1": "(47.68232712, -122.34315023)" }, "geometry": { "type": "Point", "coordinates": [ -122.3431502, 47.6823271 ] } },
{ "type": "Feature", "properties": { "PermitNum": "6917724-DM", "HousingUnitsRemoved": "", "IssuedDate": "2022-11-07", "Latitude": 47.58027342, "Longitude": -122.38426346, "Location1": "(47.58027342, -122.38426346)" }, "geometry": { "type": "Point", "coordinates": [ -122.3842635, 47.5802734 ] } }
]
}
